frame_idx,track_id,x,y,w,h,conf
0,1,698,172,206,459,0.9144375920295715
0,2,317,169,124,320,0.9105749726295471
0,3,90,179,105,283,0.8816783428192139
0,4,1102,176,177,528,0.8668291568756104
0,5,474,173,106,313,0.844391405582428
0,6,905,220,168,411,0.7666789889335632
0,7,285,185,49,171,0.7593754529953003
0,8,559,192,74,185,0.7355510592460632
0,9,423,194,51,185,0.7102813720703125
1,1,698,174,206,458,0.921549379825592
1,2,317,169,124,320,0.9049773812294006
1,3,92,178,104,283,0.8869473338127136
1,4,1089,175,178,528,0.8270471692085266
1,5,474,171,107,316,0.8567291498184204
1,6,901,219,168,413,0.7498942613601685
1,7,286,185,48,171,0.7548518776893616
1,8,559,193,73,183,0.710964560508728
1,9,422,193,51,186,0.6939954161643982
2,1,698,175,207,459,0.9246498346328735
2,2,317,170,125,320,0.8992659449577332
2,3,93,177,105,283,0.8932263851165771
2,4,1073,174,180,528,0.8497820496559143
2,5,475,170,106,314,0.8521276712417603
2,6,899,215,169,416,0.7772442102432251
2,7,286,184,48,170,0.7656692266464233
2,8,558,195,74,181,0.6346743702888489
2,9,422,192,51,186,0.7213255167007446
3,1,698,176,206,458,0.9238054752349854
3,2,318,170,125,321,0.8996584415435791
3,3,95,175,104,282,0.8959739208221436
3,4,1061,170,184,533,0.8732316493988037
3,5,476,169,107,314,0.8623479008674622
3,6,894,210,168,421,0.8088253736495972
3,7,287,184,47,168,0.7621430158615112
3,8,560,194,73,182,0.4608195424079895
3,9,421,191,51,187,0.6807843446731567
4,1,696,175,208,461,0.9229812026023865
4,2,319,170,124,320,0.9032381176948547
4,3,96,173,104,281,0.8963571786880493
4,4,1049,166,190,541,0.8752903938293457
4,5,476,169,107,314,0.874030590057373
4,6,894,206,167,421,0.7709988951683044
4,7,287,184,47,166,0.7484332919120789
4,8,559,195,73,181,0.4985554814338684
4,9,420,190,52,188,0.6526886820793152
4,10,829,183,76,136,0.53400057554245
5,1,695,173,210,464,0.9265478253364563
5,2,320,170,123,319,0.9029228091239929
5,3,97,172,104,281,0.8961397409439087
5,4,1031,162,197,544,0.85964035987854
5,5,477,168,106,314,0.8539532423019409
5,6,890,203,168,428,0.753406286239624
5,7,288,184,45,161,0.7474786639213562
5,8,558,195,73,180,0.6528910994529724
5,9,423,193,45,162,0.5571789741516113
5,10,829,183,74,135,0.5816283226013184
6,1,696,171,210,466,0.9224147200584412
6,2,320,170,124,319,0.9067227244377136
6,3,97,170,105,282,0.8982155919075012
6,4,1016,159,200,542,0.8432673811912537
6,5,476,167,109,319,0.851212739944458
6,6,888,198,167,430,0.7281543612480164
6,7,288,184,45,160,0.7452545762062073
6,8,558,195,72,179,0.6808253526687622
6,9,422,191,45,161,0.5198342800140381
6,10,828,182,74,135,0.5309869050979614
7,1,695,168,211,468,0.9206669330596924
7,2,320,170,124,319,0.9083766937255859
7,3,97,169,106,283,0.8999347686767578
7,4,995,157,206,545,0.8364804983139038
7,5,476,168,109,320,0.8723951578140259
7,6,888,195,159,416,0.6059550642967224
7,7,288,184,45,160,0.7577282786369324
7,8,559,194,72,179,0.6665886044502258
7,9,423,189,43,157,0.4988200068473816
7,10,828,182,73,133,0.47412851452827454
8,1,694,166,211,469,0.9198845028877258
8,2,320,169,124,320,0.9091024994850159
8,3,96,168,107,284,0.9012929797172546
8,4,973,154,213,549,0.7975835204124451
8,5,476,169,109,320,0.8752622604370117
8,6,887,197,149,400,0.4698721170425415
8,7,288,184,45,160,0.7648869156837463
8,8,560,193,70,178,0.6676090359687805
8,9,423,189,43,155,0.517495334148407
9,1,693,165,212,470,0.9228163361549377
9,2,321,166,125,322,0.8999102711677551
9,3,96,167,107,283,0.9011890292167664
9,4,951,151,218,549,0.8662462830543518
9,5,476,171,109,318,0.880620002746582
9,7,288,184,46,161,0.7721476554870605
9,8,559,192,70,177,0.6744377613067627
9,9,419,190,48,174,0.4583721458911896
10,1,693,162,211,472,0.9204732775688171
10,2,322,164,126,324,0.89225834608078
10,3,96,167,107,283,0.9058996438980103
10,4,930,149,226,559,0.8819217085838318
10,5,476,171,109,318,0.886335015296936
10,7,288,183,47,163,0.7635242342948914
10,8,558,189,69,179,0.6763496994972229
11,1,692,160,211,472,0.9249724745750427
11,2,323,163,126,324,0.8878375887870789
11,3,96,167,107,283,0.9037121534347534
11,4,915,149,231,562,0.8697575330734253
11,5,474,171,110,318,0.8751579523086548
11,7,288,183,47,161,0.7751231789588928
11,8,556,188,70,181,0.673600971698761
11,11,0,190,60,185,0.6103665232658386
12,1,693,158,210,474,0.9216530919075012
12,2,324,160,128,327,0.887511134147644
12,3,96,167,107,282,0.9019078612327576
12,4,895,147,236,567,0.8675742745399475
12,5,473,169,111,319,0.8815320730209351
12,7,289,182,46,160,0.7903124094009399
12,8,555,186,71,184,0.6798266172409058
13,1,691,158,211,476,0.9248998761177063
13,2,324,157,129,329,0.8771207928657532
13,3,96,167,108,280,0.9032962918281555
13,4,876,149,239,566,0.8474593162536621
13,5,473,167,111,319,0.8659562468528748
13,7,289,180,47,161,0.8015027642250061
13,8,555,185,70,186,0.6730125546455383
14,1,689,158,210,479,0.9149508476257324
14,2,325,155,130,330,0.878201425075531
14,3,96,167,108,279,0.9048788547515869
14,4,860,151,238,556,0.8370564579963684
14,5,473,166,112,318,0.8747809529304504
14,7,289,178,48,162,0.8073914051055908
14,8,555,184,70,186,0.6882435083389282
14,10,825,171,76,137,0.4758831858634949
15,1,689,159,208,476,0.9146562814712524
15,2,327,154,131,332,0.8833333849906921
15,3,96,168,108,276,0.901242733001709
15,4,838,153,237,545,0.7850961685180664
15,5,472,164,113,320,0.8682394027709961
15,7,289,176,48,164,0.8081158995628357
15,8,555,183,70,188,0.6765344142913818
16,1,690,159,204,474,0.9073324799537659
16,2,330,153,132,334,0.8908991813659668
16,3,96,168,109,275,0.9031404852867126
16,4,819,156,238,539,0.7532650232315063
16,5,473,162,113,322,0.8584936857223511
16,7,290,175,48,165,0.811113178730011
16,8,557,183,68,186,0.6539546251296997
16,11,3,185,60,183,0.49101728200912476
17,1,685,161,194,458,0.8719896078109741
17,2,331,152,133,336,0.8855807781219482
17,3,96,167,109,276,0.9027348756790161
17,4,797,158,240,534,0.8006702661514282
17,5,473,159,114,324,0.8540829420089722
17,7,290,174,49,166,0.8103060126304626
17,8,558,182,67,187,0.6274688243865967
17,11,3,184,60,184,0.48742014169692993
18,1,686,162,176,428,0.8766793608665466
18,2,332,152,135,337,0.8841959834098816
18,3,95,167,110,276,0.9015100598335266
18,4,782,160,239,529,0.7537860870361328
18,5,474,158,114,325,0.8598753213882446
18,7,290,173,49,167,0.8155878186225891
18,8,559,182,66,187,0.6293853521347046
18,11,3,184,61,184,0.5144619345664978
19,1,689,163,162,404,0.6797553300857544
19,2,332,153,135,336,0.8562922477722168
19,3,95,167,110,275,0.9012778997421265
19,4,762,162,240,526,0.7308419346809387
19,5,474,157,115,326,0.8366042375564575
19,7,289,173,50,168,0.8031041026115417
19,8,559,177,66,192,0.5905886888504028
19,11,3,183,62,185,0.5567044615745544
19,13,944,175,80,95,0.4701816141605377
20,2,331,154,135,336,0.8567988276481628
20,3,95,166,110,275,0.9003178477287292
20,4,736,162,245,533,0.6858505606651306
20,5,475,155,115,329,0.8623086810112
20,7,289,172,50,170,0.8069090843200684
20,8,560,179,64,190,0.5944094657897949
20,11,2,183,63,185,0.5445425510406494
20,13,935,175,77,93,0.4831578731536865
20,14,982,199,111,259,0.5273144841194153
21,2,336,156,136,333,0.8691064119338989
21,3,95,165,110,275,0.9034917950630188
21,4,712,158,248,536,0.7837461233139038
21,5,478,156,114,328,0.8573943376541138
21,7,289,173,50,169,0.7811670303344727
21,8,560,180,63,190,0.6263489723205566
21,11,2,183,63,185,0.51719731092453
21,13,929,176,80,96,0.6614561676979065
21,14,967,195,115,267,0.6469842195510864
22,2,339,158,138,330,0.8642665147781372
22,3,95,164,110,275,0.901341438293457
22,4,690,154,254,548,0.6813644170761108
22,5,480,156,112,329,0.8685603737831116
22,7,289,173,50,169,0.7553056478500366
22,8,560,181,62,189,0.646292507648468
22,11,2,183,63,185,0.4912642240524292
22,13,927,177,83,101,0.6195722222328186
22,14,958,193,119,274,0.7173253297805786
23,2,341,158,140,330,0.8768001794815063
23,3,96,163,110,275,0.9040347337722778
23,4,667,151,260,558,0.819842517375946
23,5,480,157,111,329,0.8818698525428772
23,7,289,173,50,169,0.7533121705055237
23,8,559,178,62,192,0.6960302591323853
23,11,2,183,63,185,0.48180708289146423
23,13,924,177,85,106,0.5884812474250793
23,14,929,191,176,407,0.6435959935188293
24,2,340,159,143,330,0.8823444247245789
24,3,97,162,110,275,0.9059605002403259
24,4,644,148,263,563,0.840758740901947
24,5,478,159,110,327,0.8910117149353027
24,7,289,175,49,167,0.7333893179893494
24,8,559,177,61,192,0.7091096043586731
24,11,2,184,63,184,0.49852555990219116
24,14,919,191,194,451,0.7589954733848572
24,10,842,172,50,87,0.5742141008377075
25,2,335,158,145,332,0.8425447344779968
25,3,98,161,110,275,0.9070629477500916
25,4,627,145,267,567,0.8694844841957092
25,5,477,161,110,327,0.8820515275001526
25,7,288,176,50,167,0.7366163730621338
25,8,559,176,62,192,0.690104067325592
25,11,1,183,64,185,0.5250229239463806
25,14,918,191,199,467,0.8148324489593506
25,10,841,173,51,90,0.5832546949386597
26,2,332,159,146,331,0.8410300612449646
26,3,99,161,110,275,0.9070600271224976
26,4,609,143,269,570,0.8551138639450073
26,5,476,160,110,329,0.8723739981651306
26,7,287,175,50,167,0.7499769926071167
26,8,558,173,62,194,0.6423951387405396
26,11,1,183,63,185,0.5672643184661865
26,14,918,191,201,474,0.846937894821167
26,10,835,172,65,117,0.4602810740470886
26,17,891,191,56,165,0.504101574420929
27,2,333,158,147,332,0.8501906394958496
27,3,100,161,109,274,0.9009596109390259
27,4,595,142,269,571,0.6573156118392944
27,5,476,160,111,330,0.8526730537414551
27,7,286,175,49,166,0.7599985003471375
27,8,555,172,61,196,0.6502097249031067
27,11,0,182,64,185,0.520571231842041
27,14,920,192,200,476,0.8767721652984619
27,17,890,188,55,164,0.5448836088180542
28,2,329,157,149,334,0.8375479578971863
28,3,102,161,107,274,0.8989648818969727
28,4,584,140,272,573,0.7786962985992432
28,5,476,160,111,331,0.8501548767089844
28,7,286,175,48,165,0.7704172134399414
28,8,554,171,60,196,0.5822946429252625
28,11,0,182,63,185,0.5362087488174438
28,14,922,193,199,476,0.8692081570625305
28,17,891,190,51,153,0.5634952783584595
28,6,799,152,110,273,0.5573253631591797
28,13,906,178,110,141,0.5409573316574097
29,2,328,156,149,335,0.8385009169578552
29,3,104,162,106,273,0.892966628074646
29,4,568,142,272,572,0.8086018562316895
29,5,477,159,111,332,0.8583566546440125
29,7,285,175,48,164,0.7701996564865112
29,11,0,181,63,186,0.5442144870758057
29,14,926,194,197,475,0.8518219590187073
29,17,892,189,49,146,0.6117414236068726
29,6,794,150,117,277,0.6306782364845276
29,13,908,177,107,140,0.5637660622596741
30,2,325,155,150,336,0.8487897515296936
30,3,106,163,105,271,0.8872206211090088
30,4,551,140,274,573,0.7642267346382141
30,5,480,158,112,332,0.8349880576133728
30,7,284,174,49,164,0.7724395990371704
30,14,928,195,195,475,0.8589565753936768
30,17,893,187,47,139,0.6514190435409546
30,6,781,148,126,281,0.7169151306152344
30,13,913,176,98,131,0.5965375900268555
31,2,322,154,150,336,0.8370181322097778
31,3,108,163,103,270,0.8832024335861206
31,4,543,142,277,571,0.6479310393333435
31,5,482,157,111,331,0.8324312567710876
31,7,284,173,48,164,0.7666921019554138
31,14,931,196,194,474,0.8670976758003235
31,17,893,185,47,138,0.6288105249404907
31,6,774,148,134,287,0.6250375509262085
31,13,909,175,108,150,0.5441058874130249
32,2,323,153,151,336,0.8635738492012024
32,3,110,164,102,268,0.8785208463668823
32,4,541,142,286,572,0.7487131357192993
32,5,480,155,109,323,0.7949143648147583
32,7,283,173,48,164,0.7593381404876709
32,14,936,196,195,475,0.8600054383277893
32,17,894,185,46,137,0.6040871739387512
32,6,742,150,195,434,0.658160924911499
32,13,908,174,110,157,0.5087489485740662
33,2,324,152,151,337,0.861883282661438
33,3,111,164,102,268,0.8699077367782593
33,4,532,145,294,569,0.6864927411079407
33,5,480,153,103,306,0.7566491961479187
33,7,283,172,47,164,0.7571410536766052
33,14,938,194,195,476,0.8403488993644714
33,17,894,184,46,134,0.5875518321990967
33,6,728,150,213,484,0.7528373003005981
33,13,908,172,109,161,0.47028809785842896
34,2,323,150,152,339,0.8851963877677917
34,3,113,163,101,269,0.8668199181556702
34,4,518,147,300,566,0.694950520992279
34,5,476,152,97,291,0.7067571878433228
34,7,283,171,47,162,0.771195650100708
34,14,929,192,193,476,0.8774649500846863
34,17,894,184,45,133,0.5790045857429504
34,6,720,152,221,507,0.8652663826942444
34,13,911,172,103,157,0.48409968614578247
35,2,323,148,154,342,0.9055433869361877
35,3,115,162,101,269,0.8589418530464172
35,4,467,151,294,561,0.7653617858886719
35,7,283,170,47,161,0.7946756482124329
35,14,940,190,195,478,0.8823699951171875
35,17,893,185,46,132,0.5925182700157166
35,6,709,153,226,519,0.8997335433959961
35,13,913,171,100,156,0.5088857412338257
35,10,836,162,64,119,0.4699553847312927
36,2,322,148,155,343,0.9123525023460388
36,3,116,161,100,269,0.8551336526870728
36,4,434,154,289,556,0.7866039276123047
36,7,283,169,47,162,0.7860425114631653
36,14,945,188,197,479,0.854803740978241
36,17,892,185,47,137,0.6201352477073669
36,6,703,154,227,522,0.9086503982543945
36,13,914,170,99,159,0.5596125721931458
37,2,321,149,154,342,0.8991261720657349
37,3,117,161,100,268,0.8576661348342896
37,4,414,155,287,557,0.8216325640678406
37,7,282,168,47,162,0.7807868123054504
37,14,947,186,199,480,0.9062070250511169
37,17,891,185,48,141,0.6093183159828186
37,6,699,155,228,524,0.9137059450149536
37,13,915,170,98,164,0.52266925573349
37,10,832,162,68,126,0.4836101531982422
38,2,319,150,154,340,0.8891991376876831
38,3,117,159,100,268,0.8640614151954651
38,4,396,154,283,558,0.7858057022094727
38,7,282,168,47,162,0.779110848903656
38,14,950,184,200,481,0.9001983404159546
38,17,890,184,49,143,0.635062038898468
38,6,699,155,228,524,0.9193635582923889
38,13,913,170,101,173,0.5228318572044373
38,10,831,163,68,126,0.4643351435661316
39,2,318,152,150,334,0.8803637623786926
39,3,117,158,100,268,0.8722447752952576
39,4,374,153,278,555,0.6355211734771729
39,7,282,170,46,159,0.7791701555252075
39,14,949,182,202,483,0.9064639806747437
39,17,890,185,47,139,0.576361358165741
39,6,695,153,229,524,0.9203730821609497
39,10,828,165,73,138,0.48638612031936646
40,2,315,153,136,308,0.9071556329727173
40,3,116,158,101,268,0.8685488700866699
40,4,350,151,278,558,0.6995936632156372
40,7,282,171,45,157,0.7619116902351379
40,14,951,182,204,485,0.8862498998641968
40,17,889,185,47,138,0.5394187569618225
40,6,693,150,230,526,0.9261579513549805
41,2,314,154,126,288,0.8767555952072144
41,3,116,158,101,268,0.871954619884491
41,4,328,148,279,562,0.7179546356201172
41,7,281,172,45,155,0.732023298740387
41,14,954,183,205,486,0.8708727955818176
41,17,889,186,45,135,0.5497409701347351
41,6,692,148,229,527,0.925669252872467
41,13,900,173,114,204,0.5600457191467285
42,2,311,155,113,264,0.8404545783996582
42,3,115,159,101,266,0.8728638887405396
42,4,307,147,278,563,0.792185366153717
42,7,279,173,45,152,0.7914727330207825
42,14,959,184,207,486,0.8748071789741516
42,17,887,185,45,136,0.6192673444747925
42,6,690,146,230,527,0.9337700009346008
42,13,900,173,112,211,0.6811397075653076
42,8,524,154,55,157,0.5551712512969971
43,3,115,159,101,265,0.8708271384239197
43,4,290,151,276,560,0.7666317224502563
43,7,278,173,44,151,0.7837319374084473
43,14,964,186,208,487,0.8820179104804993
43,17,885,186,45,135,0.6067934036254883
43,6,690,145,230,526,0.9389036297798157
43,13,900,173,110,213,0.7607382535934448
43,8,512,154,69,187,0.4825340807437897
44,3,114,160,101,264,0.8843222260475159
44,4,284,190,260,522,0.7478678226470947
44,7,278,174,44,149,0.7677243947982788
44,14,969,189,209,485,0.8831160664558411
44,17,884,186,45,133,0.5877817869186401
44,6,689,144,231,527,0.9383765459060669
44,13,902,173,107,214,0.7206934690475464
44,8,504,155,76,199,0.5752601623535156
44,11,15,176,57,183,0.4589492380619049
45,3,114,160,101,264,0.8823482394218445
45,4,268,162,272,551,0.7756048440933228
45,7,277,173,45,151,0.7608811259269714
45,14,971,191,212,486,0.8849070072174072
45,17,883,185,45,133,0.6004248857498169
45,6,688,144,231,528,0.9405317902565002
45,13,904,172,105,216,0.7295728921890259
45,8,498,154,80,205,0.6823478937149048
45,11,20,175,53,183,0.6329078674316406
46,3,113,161,102,263,0.8798782825469971
46,4,251,150,278,563,0.8424726724624634
46,7,277,175,44,149,0.7568601369857788
46,14,973,194,214,483,0.8881914615631104
46,17,882,183,45,134,0.6090105175971985
46,6,687,144,233,531,0.9392619132995605
46,13,905,171,104,218,0.796674370765686
46,8,491,154,88,221,0.7464815378189087
46,11,25,174,54,184,0.6870324015617371
46,10,829,165,54,101,0.4648030698299408
47,3,113,162,102,262,0.8691155910491943
47,4,232,143,281,570,0.8950445652008057
47,7,274,178,44,148,0.586195170879364
47,14,977,194,217,484,0.8808090686798096
47,17,881,183,45,133,0.6017099022865295
47,6,687,145,233,534,0.939348042011261
47,13,904,170,103,218,0.8096466660499573
47,8,485,153,96,238,0.8015393614768982
47,11,31,174,55,184,0.7195667028427124
47,10,829,163,53,98,0.5258567333221436
48,3,112,163,102,261,0.8751831650733948
48,4,216,139,282,574,0.8903918862342834
48,14,979,194,220,487,0.8862402439117432
48,17,880,182,46,137,0.577061116695404
48,6,686,146,234,535,0.9411758184432983
48,13,904,168,102,221,0.7800105810165405
48,8,479,151,105,262,0.8716645240783691
48,11,33,174,58,184,0.6892228126525879
48,10,828,162,54,100,0.5019665956497192
49,3,112,163,102,261,0.8715751767158508
49,4,199,138,282,575,0.8604208827018738
49,14,981,194,224,492,0.8959521055221558
49,17,878,182,47,144,0.5777170658111572
49,6,687,148,234,536,0.9382298588752747
49,13,905,167,101,221,0.7428518533706665
49,8,474,149,112,278,0.8789961338043213
49,11,34,173,62,185,0.7077174782752991
49,10,827,161,54,100,0.5356953740119934
50,3,111,164,102,260,0.8817020058631897
50,4,180,138,282,575,0.8341994881629944
50,14,983,193,226,494,0.9074611663818359
50,17,877,182,47,145,0.577774167060852
50,6,687,150,234,537,0.934032142162323
50,13,901,167,98,222,0.7332817316055298
50,8,471,147,118,294,0.8890746831893921
50,11,33,175,63,182,0.6906149387359619
50,18,439,184,46,181,0.5265071988105774
51,3,110,165,101,258,0.8791390061378479
51,4,164,139,281,574,0.8155463933944702
51,14,984,191,228,497,0.9011083841323853
51,17,878,182,43,131,0.5532792806625366
51,6,686,152,234,538,0.9320579171180725
51,13,900,167,96,222,0.7429364323616028
51,8,468,146,124,314,0.8838824033737183
51,11,35,175,65,182,0.7888199687004089
51,19,369,146,85,185,0.5723441243171692
52,3,108,165,102,257,0.8723198771476746
52,4,150,144,271,549,0.6728547215461731
52,14,986,190,227,497,0.9031976461410522
52,17,879,182,40,124,0.5598419308662415
52,6,687,151,234,542,0.9311303496360779
52,13,899,167,95,222,0.7584318518638611
52,8,465,144,132,342,0.8884958028793335
52,11,37,173,66,183,0.639419674873352
52,19,360,144,98,214,0.5576236248016357
52,20,979,187,49,184,0.6127004027366638
52,18,439,187,46,183,0.4749022126197815
53,3,107,163,102,258,0.8619027137756348
53,4,131,146,265,534,0.6768726706504822
53,14,988,188,227,500,0.8900230526924133
53,17,878,184,39,118,0.46361976861953735
53,6,687,151,235,544,0.9293672442436218
53,13,898,168,94,221,0.7767927050590515
53,8,464,144,134,355,0.8931910991668701
53,11,46,171,67,186,0.7411641478538513
53,19,349,144,104,226,0.596364438533783
53,20,979,186,49,183,0.7061554193496704
53,21,0,178,45,186,0.6484774947166443
54,3,103,162,101,256,0.8378469944000244
54,4,108,149,273,550,0.7303577065467834
54,14,985,184,226,502,0.8742510676383972
54,6,689,149,235,547,0.9273632764816284
54,13,899,170,93,221,0.7939959168434143
54,8,465,146,134,359,0.8996660113334656
54,11,53,170,65,187,0.7569418549537659
54,19,333,143,123,266,0.7612137794494629
54,20,980,187,49,183,0.7101568579673767
54,21,0,178,44,186,0.6125450730323792
55,3,99,161,99,254,0.7579060792922974
55,4,90,151,268,539,0.7133099436759949
55,14,985,183,224,503,0.8723036050796509
55,6,690,147,235,548,0.9263250827789307
55,13,900,170,92,222,0.8108696341514587
55,8,466,147,132,360,0.9010546803474426
55,11,57,168,65,188,0.7125678062438965
55,19,323,144,134,290,0.8594260215759277
55,20,981,188,48,183,0.7277834415435791
55,21,0,180,44,184,0.5894157290458679
56,3,100,162,85,222,0.6766152381896973
56,4,69,154,271,544,0.6440037488937378
56,14,986,183,221,502,0.8650611042976379
56,6,692,146,235,549,0.9209986925125122
56,13,901,172,92,221,0.8221451044082642
56,8,467,149,131,359,0.9069585204124451
56,11,64,171,61,185,0.5550987124443054
56,19,317,145,141,304,0.8612603545188904
56,20,982,189,49,184,0.7160959839820862
56,21,0,187,43,177,0.4927448034286499
56,18,429,187,47,186,0.5096121430397034
57,4,49,155,274,549,0.634633481502533
57,14,990,183,218,504,0.8703137636184692
57,6,695,143,236,553,0.9153379201889038
57,13,902,173,91,221,0.8201891183853149
57,8,468,151,130,357,0.9083565473556519
57,11,71,166,61,190,0.5814076066017151
57,19,311,146,149,322,0.8730593919754028
57,20,983,188,49,185,0.7149974703788757
57,21,0,182,44,182,0.5297626256942749
57,18,429,185,48,189,0.5505416989326477
58,4,31,152,271,541,0.4664462208747864
58,14,994,184,215,504,0.8685137033462524
58,6,698,140,236,554,0.9206435680389404
58,13,902,174,91,220,0.8142385482788086
58,8,470,153,128,355,0.9076539874076843
58,11,75,166,59,188,0.5427502393722534
58,19,309,147,156,338,0.8601765036582947
58,20,983,186,49,187,0.7163791656494141
58,21,1,200,40,165,0.512957751750946
58,18,429,184,49,190,0.5104395151138306
58,7,280,174,42,139,0.47308477759361267
59,4,6,146,281,559,0.7374840378761292
59,14,998,186,214,506,0.781219482421875
59,6,699,137,238,557,0.9197272658348083
59,13,903,174,90,219,0.7974509000778198
59,8,471,154,127,354,0.9050500988960266
59,19,304,149,161,352,0.8789129257202148
59,20,982,186,50,187,0.6954752206802368
59,21,0,193,42,173,0.4645231366157532
59,18,428,184,50,190,0.5762496590614319
59,7,281,174,45,146,0.6305906176567078
60,4,0,144,275,566,0.8332590460777283
60,14,1001,187,213,508,0.8666224479675293
60,6,700,135,239,560,0.9064163565635681
60,13,903,174,90,217,0.7792792916297913
60,8,472,153,127,356,0.905773937702179
60,19,300,149,162,359,0.8861768841743469
60,20,983,186,49,187,0.6941027641296387
60,21,1,184,43,180,0.5051960349082947
60,18,426,183,51,192,0.7020284533500671
60,7,279,176,47,148,0.6735028028488159
60,17,878,185,29,80,0.4928549528121948
61,4,0,142,261,570,0.7839406132698059
61,14,1002,188,213,510,0.8858503699302673
61,6,701,134,241,563,0.9188580513000488
61,13,905,174,89,216,0.7867924571037292
61,8,473,152,126,354,0.9035669565200806
61,19,299,152,163,363,0.8947123289108276
61,20,983,186,50,186,0.6723456382751465
61,21,0,180,44,184,0.5889732241630554
61,18,426,182,52,193,0.7108550071716309
61,7,278,174,47,149,0.7047482132911682
61,17,877,185,29,76,0.46313342452049255
62,4,0,142,250,570,0.7654709815979004
62,14,1004,190,214,510,0.895790159702301
62,6,701,134,242,566,0.9213308691978455
62,13,905,173,90,216,0.7877500057220459
62,8,474,151,126,356,0.8980109095573425
62,19,299,153,162,364,0.880715548992157
62,20,983,185,50,187,0.6770200729370117
62,21,0,179,45,185,0.5522542595863342
62,18,425,181,52,191,0.682283341884613
62,7,277,173,47,150,0.7324334979057312
62,17,875,185,31,74,0.5433741807937622
63,4,0,141,240,573,0.8356389403343201
63,14,1006,192,214,511,0.8892553448677063
63,6,701,134,245,568,0.9238518476486206
63,13,905,172,89,216,0.777736485004425
63,8,474,149,126,356,0.884843111038208
63,19,296,150,162,365,0.8679068684577942
63,20,983,183,49,184,0.6747281551361084
63,18,426,182,51,184,0.6306689381599426
63,7,277,173,47,148,0.6937528848648071
63,17,874,184,32,72,0.5322546362876892
64,4,0,137,230,577,0.837554395198822
64,14,1008,192,215,514,0.8976237177848816
64,6,702,136,245,566,0.9266109466552734
64,13,905,171,89,216,0.7425541281700134
64,8,475,148,127,356,0.9042620062828064
64,19,295,151,160,364,0.8750520944595337
64,20,983,182,49,184,0.6833611726760864
64,18,425,182,53,185,0.6967902779579163
64,7,277,172,47,149,0.6882923245429993
64,17,873,183,32,70,0.4608970284461975
65,4,0,138,218,576,0.8233370184898376
65,14,1008,192,217,516,0.8880613446235657
65,6,702,138,246,566,0.9277091026306152
65,13,905,169,89,218,0.7362927198410034
65,8,476,146,128,358,0.911553144454956
65,19,295,151,159,363,0.876700222492218
65,20,982,182,51,188,0.6200343370437622
65,18,424,182,53,184,0.7111459970474243
65,7,276,170,47,152,0.674602746963501
65,22,137,163,64,167,0.605551540851593
65,23,1226,510,46,208,0.7295635938644409
66,4,0,133,210,579,0.7267174124717712
66,14,1009,190,218,518,0.8936039805412292
66,6,702,140,248,567,0.9324689507484436
66,13,904,167,89,219,0.7531889081001282
66,8,477,145,129,359,0.9137349724769592
66,19,294,146,159,367,0.8809962272644043
66,20,981,181,51,189,0.678975522518158
66,18,425,182,53,184,0.7644426226615906
66,7,276,168,48,155,0.6697589755058289
66,22,129,163,73,191,0.651330828666687
66,23,1215,508,48,208,0.8228280544281006
67,14,1009,187,219,520,0.894557535648346
67,6,702,142,248,566,0.935872495174408
67,13,901,166,89,220,0.7486713528633118
67,8,478,143,129,361,0.9127990007400513
67,19,293,141,159,370,0.879802405834198
67,20,980,181,51,189,0.6722919940948486
67,18,427,183,51,174,0.6913930177688599
67,7,276,166,47,156,0.6594263911247253
67,22,125,164,75,196,0.7576552629470825
67,23,1204,506,49,209,0.8359935879707336
68,14,1010,185,219,522,0.8759262561798096
68,6,700,143,251,566,0.9349608421325684
68,13,900,165,88,220,0.7630285620689392
68,8,478,142,130,363,0.9061524868011475
68,19,292,137,159,373,0.8747814297676086
68,20,979,181,51,188,0.7149272561073303
68,18,427,184,48,162,0.603661060333252
68,7,276,165,47,158,0.6128047108650208
68,22,118,164,84,217,0.8245657086372375
68,23,1193,508,51,208,0.7984479665756226
69,14,1012,182,220,525,0.8080457448959351
69,6,699,142,252,569,0.9301726818084717
69,13,899,165,89,221,0.7852294445037842
69,8,478,141,130,363,0.8998776078224182
69,19,290,135,159,374,0.8754381537437439
69,20,978,181,50,188,0.7467549443244934
69,18,425,184,49,159,0.5864882469177246
69,7,276,164,47,158,0.6129809617996216
69,22,110,162,93,239,0.8543270826339722
69,23,1175,510,56,208,0.7460916042327881
70,14,1018,180,220,524,0.8299829959869385
70,6,697,141,254,571,0.9239417910575867
70,13,901,165,88,222,0.7728099822998047
70,8,478,140,130,363,0.9027748107910156
70,19,290,133,157,375,0.8744088411331177
70,20,977,182,50,188,0.7052401900291443
70,18,424,184,51,167,0.61338871717453
70,7,275,164,47,158,0.554941713809967
70,22,107,161,97,251,0.8716478943824768
70,23,1158,512,61,207,0.7422007918357849
71,14,1027,178,215,509,0.773741602897644
71,6,696,138,255,574,0.9248321652412415
71,13,902,165,89,221,0.7779024243354797
71,8,478,139,130,363,0.8890829682350159
71,19,290,135,156,374,0.8738561272621155
71,20,976,182,50,189,0.6860857009887695
71,18,424,183,50,160,0.599475622177124
71,7,275,165,46,156,0.5137407183647156
71,22,105,158,100,258,0.889496386051178
71,23,1135,517,65,201,0.7406291365623474
71,24,0,149,86,335,0.46311986446380615
72,14,1047,177,185,420,0.8345397114753723
72,6,694,136,257,577,0.9191401600837708
72,13,902,166,88,219,0.7860155701637268
72,8,478,139,130,362,0.8961696028709412
72,19,290,137,156,373,0.8762262463569641
72,20,975,183,50,188,0.7067511677742004
72,18,421,182,55,177,0.5645554661750793
72,7,276,166,44,153,0.5295838713645935
72,22,104,157,101,259,0.8701204061508179
72,23,1115,516,68,202,0.7786355018615723
72,25,470,156,45,184,0.5001747608184814
73,14,1052,177,183,407,0.8615651726722717
73,6,693,133,258,579,0.92116779088974
73,13,903,167,88,218,0.7822456955909729
73,8,478,139,130,362,0.895393431186676
73,19,291,134,156,376,0.8824931979179382
73,20,974,183,50,188,0.7012155055999756
73,18,421,181,55,176,0.5281496047973633
73,7,275,166,45,153,0.5216633677482605
73,22,103,155,101,260,0.8612266778945923
73,23,1095,518,73,201,0.7931155562400818
73,25,468,155,48,194,0.5277639031410217
73,26,1019,207,40,122,0.581110954284668
74,14,1042,177,207,459,0.8889265656471252
74,6,692,131,259,581,0.9208856225013733
74,13,903,168,88,217,0.7875702977180481
74,8,478,140,130,361,0.8848019242286682
74,19,292,138,154,374,0.8755701184272766
74,20,974,183,50,187,0.7027721405029297
74,18,421,180,55,174,0.5373163223266602
74,7,276,165,44,153,0.6099784970283508
74,22,102,155,101,258,0.8765840530395508
74,23,1078,519,78,199,0.7652755975723267
74,25,467,154,49,201,0.5748422741889954
74,26,1017,207,42,125,0.6250444650650024
75,14,1035,177,223,503,0.9013497829437256
75,6,692,128,259,581,0.9262388348579407
75,13,903,168,89,217,0.775799036026001
75,8,478,141,129,361,0.8833563327789307
75,19,294,137,153,375,0.8709113597869873
75,20,974,183,50,187,0.687576174736023
75,18,419,177,58,184,0.6036635041236877
75,7,276,163,45,155,0.6599066257476807
75,22,102,154,100,258,0.8638187050819397
75,23,1058,513,84,204,0.8046042323112488
75,25,465,152,52,211,0.5904561281204224
75,26,1015,206,43,128,0.6183090209960938
75,27,182,170,50,177,0.6860770583152771
76,14,1034,179,230,522,0.8576039671897888
76,6,691,125,260,585,0.9240378737449646
76,13,902,166,89,220,0.7579177618026733
76,8,478,142,129,360,0.8782377243041992
76,19,295,139,151,373,0.8723654747009277
76,20,974,183,49,186,0.6693475842475891
76,18,417,176,59,187,0.6379455327987671
76,7,275,163,45,154,0.6875549554824829
76,22,102,154,100,257,0.8491648435592651
76,23,1038,511,89,207,0.7921707034111023
76,25,464,151,52,213,0.6491808295249939
76,26,1014,204,43,131,0.6289380192756653
76,27,181,167,52,181,0.7470960021018982
77,14,1043,180,230,528,0.8458632230758667
77,6,691,123,261,589,0.9268850088119507
77,13,901,165,90,222,0.7395544052124023
77,8,478,142,130,361,0.8747361898422241
77,19,296,142,149,369,0.8713128566741943
77,20,974,182,49,186,0.6886600255966187
77,18,416,174,59,190,0.6276211738586426
77,7,275,160,46,158,0.6504755616188049
77,22,102,154,100,256,0.8414806723594666
77,23,1018,509,94,209,0.8190134167671204
77,25,464,150,51,211,0.6282752752304077
77,26,1014,202,43,130,0.550542414188385
77,27,182,164,53,184,0.7087361812591553
77,21,0,178,40,175,0.5327792167663574
77,17,864,178,32,62,0.506980299949646
78,14,1047,182,227,526,0.8568890690803528
78,6,692,123,261,591,0.927838146686554
78,13,900,164,91,222,0.7540798187255859
78,8,477,141,131,363,0.8799577355384827
78,19,298,144,147,367,0.867339015007019
78,20,973,181,50,188,0.6862044334411621
78,18,415,173,60,195,0.6441422700881958
78,7,275,159,45,156,0.6914398670196533
78,22,103,154,100,254,0.8546189665794373
78,23,1001,507,98,210,0.7980298399925232
78,25,464,150,51,211,0.606381356716156
78,26,1013,199,44,132,0.4919082522392273
78,27,183,162,53,185,0.6587620377540588
78,21,0,170,41,181,0.5892104506492615
78,17,862,178,35,62,0.595126748085022
79,14,1052,185,227,529,0.8794219493865967
79,6,693,124,260,590,0.9260967969894409
79,13,899,163,90,220,0.772243857383728
79,8,477,140,131,364,0.8848713636398315
79,19,300,146,145,365,0.8700436949729919
79,20,973,179,50,191,0.6816785931587219
79,18,414,172,61,199,0.5942291617393494
79,7,275,159,45,153,0.6867274045944214
79,22,102,155,101,252,0.8706496357917786
79,23,979,506,102,211,0.7715529799461365
79,25,464,151,50,204,0.5546579957008362
79,26,1014,200,41,128,0.4666180908679962
79,27,183,161,53,185,0.6331683397293091
79,21,0,166,42,185,0.6668685674667358
79,17,860,178,37,63,0.6177268028259277
80,14,1057,188,223,530,0.883685290813446
80,6,694,125,259,590,0.9262756705284119
80,13,899,162,90,221,0.788744330406189
80,8,476,138,132,366,0.8897178769111633
80,19,302,147,144,365,0.8585611581802368
80,20,972,177,50,192,0.65457683801651
80,18,415,172,61,203,0.4948997497558594
80,7,275,158,45,153,0.6886391043663025
80,22,101,155,101,251,0.8641844987869263
80,23,958,507,104,210,0.7935526967048645
80,25,464,151,49,199,0.5072950720787048
80,26,1013,200,41,126,0.5087672472000122
80,27,183,160,53,186,0.654232382774353
80,21,0,166,40,184,0.6419477462768555
80,17,859,178,38,62,0.5683296918869019
81,14,1063,189,217,528,0.8904427289962769
81,6,696,127,258,588,0.9299235939979553
81,13,898,161,91,222,0.8029375076293945
81,8,476,137,132,367,0.8916441798210144
81,19,304,145,144,366,0.857955813407898
81,20,971,176,51,193,0.6785643696784973
81,7,275,159,45,151,0.6992859840393066
81,22,100,155,100,249,0.8726066946983337
81,23,941,509,106,209,0.8195104598999023
81,25,464,151,47,190,0.47579237818717957
81,26,1013,200,41,126,0.5929117798805237
81,27,182,158,53,187,0.7114338874816895
81,21,0,166,39,183,0.5811848640441895
81,17,859,178,39,61,0.5562223196029663
82,14,1069,188,211,529,0.8975396752357483
82,6,698,129,256,586,0.9284644722938538
82,13,898,161,91,223,0.8113598227500916
82,8,476,136,132,367,0.8825820684432983
82,19,307,141,145,371,0.8736823797225952
82,20,971,175,50,193,0.6782270669937134
82,7,275,159,45,151,0.6624349355697632
82,22,99,155,100,248,0.8880766034126282
82,23,922,510,108,207,0.8179819583892822
82,26,1013,199,40,126,0.592354953289032
82,27,185,158,53,186,0.7772431373596191
82,21,0,165,38,184,0.5687184929847717
82,17,859,178,38,59,0.4532480537891388
83,14,1073,187,207,530,0.878433346748352
83,6,701,131,253,583,0.9364215135574341
83,13,898,159,91,225,0.8108941316604614
83,8,475,135,133,368,0.8650577664375305
83,19,311,138,146,374,0.8738899827003479
83,20,970,175,50,193,0.6740556955337524
83,7,275,159,45,151,0.6617234945297241
83,22,98,155,100,248,0.900227963924408
83,23,904,510,110,207,0.7789639234542847
83,26,1012,197,40,126,0.4679713845252991
83,27,188,157,53,186,0.8191332221031189
83,21,0,165,36,183,0.5403439998626709
84,14,1076,184,204,533,0.8998702168464661
84,6,703,132,252,582,0.9320755004882812
84,13,898,159,91,225,0.8197805881500244
84,8,475,133,132,370,0.8659160137176514
84,19,314,135,148,378,0.8779117465019226
84,20,969,175,50,192,0.6847481727600098
84,7,275,159,45,151,0.635999858379364
84,22,97,154,100,248,0.8999409675598145
84,23,885,510,113,207,0.7466301321983337
84,27,192,157,53,186,0.7992232441902161
84,21,0,164,35,184,0.5081303715705872
85,14,1075,180,205,536,0.8881945013999939
85,6,706,133,250,580,0.9251764416694641
85,13,897,159,91,224,0.8076539635658264
85,8,474,133,133,371,0.868489682674408
85,19,316,132,150,380,0.8838390111923218
85,20,969,176,49,191,0.6809603571891785
85,7,276,159,44,150,0.6307457685470581
85,22,96,152,100,249,0.8958656191825867
85,23,866,501,120,216,0.7810396552085876
85,27,199,157,53,185,0.8055082559585571
85,21,0,163,37,184,0.5170260071754456
85,25,458,150,52,211,0.46591734886169434
86,14,1076,177,204,538,0.8870476484298706
86,6,708,132,250,580,0.9154908657073975
86,13,897,159,91,223,0.7596777677536011
86,8,473,131,133,373,0.8778535723686218
86,19,318,129,151,383,0.8844577670097351
86,20,969,177,49,189,0.6379965543746948
86,7,276,160,45,149,0.6341779232025146
86,22,95,151,100,249,0.8834710717201233
86,23,846,496,125,223,0.7684096693992615
86,27,204,158,53,184,0.806120753288269
86,21,0,162,38,185,0.5077818632125854
86,25,456,150,53,216,0.5097208023071289
87,14,1080,174,200,539,0.8965783715248108
87,6,709,130,249,581,0.9002186059951782
87,13,895,158,93,232,0.6964262127876282
87,8,472,130,134,375,0.8793705701828003
87,19,320,127,152,385,0.8876635432243347
87,20,969,177,49,188,0.6230335235595703
87,7,277,161,44,148,0.6485965847969055
87,22,95,150,100,248,0.8712077736854553
87,23,829,494,129,224,0.7646570205688477
87,27,205,158,53,183,0.7992805242538452
87,21,0,161,39,185,0.486030638217926
88,14,1085,171,195,543,0.8993062376976013
88,6,710,129,249,582,0.8889075517654419
88,13,893,159,98,245,0.5676275491714478
88,8,473,130,133,375,0.8728045225143433
88,19,321,126,152,385,0.8731866478919983
88,20,972,179,50,186,0.5412296652793884
88,7,277,162,44,146,0.6496905088424683
88,22,94,148,100,248,0.8611624836921692
88,23,814,494,130,224,0.7749642133712769
88,27,208,158,53,184,0.8036999106407166
88,21,1,161,39,184,0.4930088222026825
88,25,456,150,52,211,0.5381283164024353
89,14,1089,168,191,548,0.8901180028915405
89,6,714,126,249,580,0.8830468058586121
89,13,896,161,92,229,0.4632256031036377
89,8,473,130,133,375,0.8874308466911316
89,19,322,125,152,387,0.8703434467315674
89,20,969,180,51,186,0.4793214201927185
89,7,277,162,44,145,0.6227225065231323
89,22,93,147,101,248,0.853622317314148
89,23,794,494,133,225,0.755012035369873
89,27,210,158,55,185,0.7556163668632507
89,21,0,161,40,185,0.48924896121025085
89,29,1042,183,47,180,0.6027142405509949
89,25,456,149,52,207,0.4823995530605316
90,14,1094,166,186,550,0.877275824546814
90,6,718,121,246,570,0.8649556636810303
90,8,475,130,132,375,0.8963234424591064
90,19,325,126,153,387,0.8766863346099854
90,20,969,180,51,185,0.48437076807022095
90,7,278,161,43,146,0.5488741397857666
90,22,93,147,100,247,0.853637158870697
90,23,780,493,134,226,0.7771063446998596
90,27,214,159,57,184,0.803886353969574
90,21,0,161,39,184,0.4685962200164795
90,29,1040,183,45,173,0.47003430128097534
91,14,1099,165,181,549,0.8905409574508667
91,6,726,117,236,535,0.8635361790657043
91,8,476,129,132,378,0.8849946856498718
91,19,326,127,153,387,0.8646746277809143
91,20,962,179,51,185,0.5492337346076965
91,7,278,159,45,148,0.5805283784866333
91,22,93,147,100,247,0.8599968552589417
91,23,767,493,135,226,0.8099175691604614
91,27,217,158,57,183,0.8123626112937927
92,14,1104,165,176,545,0.9054064750671387
92,6,729,115,235,523,0.8929309844970703
92,8,477,130,131,377,0.8937697410583496
92,19,327,127,154,387,0.8701515197753906
92,20,957,178,51,185,0.5988646149635315
92,7,280,157,45,150,0.5401275753974915
92,22,94,147,98,246,0.8646093606948853
92,23,754,494,133,224,0.7867171764373779
92,27,219,157,58,183,0.7328404784202576
92,21,0,161,39,184,0.48344650864601135
93,14,1108,165,172,539,0.8951163291931152
93,6,721,113,255,564,0.9019508957862854
93,8,478,131,130,376,0.8939322829246521
93,19,328,128,154,387,0.8698632717132568
93,20,955,177,50,184,0.5411219596862793
93,7,280,156,46,152,0.47109025716781616
93,22,94,147,98,246,0.8635138869285583
93,23,741,494,133,224,0.7984663248062134
93,27,222,157,57,180,0.7536928057670593
93,25,452,147,51,200,0.460590124130249
94,14,1112,167,168,536,0.8981921672821045
94,6,717,112,266,585,0.9224721193313599
94,8,478,132,130,375,0.8878207206726074
94,19,328,129,153,386,0.8637568354606628
94,20,955,176,48,182,0.47276565432548523
94,22,95,148,97,245,0.8694760799407959
94,23,728,494,133,224,0.7926808595657349
94,27,224,157,57,180,0.7971380949020386
94,31,314,155,53,212,0.4693378210067749
94,25,452,147,51,198,0.534765362739563
95,14,1116,168,164,533,0.8828954696655273
95,6,717,112,271,592,0.9239538311958313
95,8,480,133,129,375,0.8945579528808594
95,19,330,131,153,384,0.8658542633056641
95,22,96,149,96,244,0.872277557849884
95,23,713,493,134,224,0.786609947681427
95,27,228,155,56,181,0.7761629223823547
95,25,450,146,53,208,0.5464568138122559
95,29,1036,177,48,182,0.558879017829895
95,7,283,153,45,152,0.5581588745117188
96,14,1120,170,160,531,0.8961910605430603
96,6,716,112,276,599,0.9217535257339478
96,8,480,133,130,375,0.8939594626426697
96,19,329,132,154,384,0.8572008609771729
96,22,97,150,96,243,0.8815651535987854
96,23,698,492,133,225,0.8057745695114136
96,27,232,155,55,174,0.7722534537315369
96,25,449,147,54,212,0.5344920754432678
96,29,1035,177,49,184,0.5909838676452637
96,7,283,151,46,155,0.5566960573196411
96,26,999,202,38,118,0.45505255460739136
97,14,1123,172,157,530,0.9070053696632385
97,6,716,113,280,600,0.9177738428115845
97,8,481,132,130,377,0.8931947350502014
97,19,329,133,154,385,0.8560240864753723
97,22,99,150,95,242,0.8768250346183777
97,23,683,492,134,225,0.7829447388648987
97,27,234,154,55,178,0.8108314871788025
97,25,450,147,54,208,0.5062195062637329
97,29,1034,178,50,185,0.5722195506095886
97,7,284,151,46,156,0.5180010795593262
98,14,1125,175,155,536,0.8973948359489441
98,6,717,117,280,596,0.9264729022979736
98,8,482,131,130,378,0.8924007415771484
98,19,328,134,153,385,0.8478774428367615
98,22,100,151,95,241,0.8728829026222229
98,23,671,490,135,228,0.7658845782279968
98,27,236,154,55,179,0.7970630526542664
98,25,451,146,52,201,0.5791778564453125
98,29,1035,178,50,184,0.5558286905288696
98,7,285,151,46,157,0.510001540184021
98,31,315,157,54,212,0.45485782623291016
99,14,1128,176,152,534,0.8880214691162109
99,6,718,122,281,591,0.9278954267501831
99,8,483,130,130,379,0.898907482624054
99,19,329,133,153,387,0.8464009761810303
99,22,102,151,93,240,0.8724920749664307
99,23,656,490,134,227,0.7740222215652466
99,27,240,154,55,180,0.7882519960403442
99,25,450,147,55,206,0.6601352691650391
99,29,1035,179,50,183,0.5850562453269958
99,7,286,152,45,155,0.5422585606575012
99,31,316,157,53,211,0.5141586065292358
99,26,994,195,40,125,0.46731895208358765
100,14,1130,177,150,531,0.8875663876533508
100,6,718,125,282,589,0.9287186861038208
100,8,483,129,131,380,0.8966259956359863
100,19,328,134,152,387,0.8520386219024658
100,22,103,151,93,239,0.8818601369857788
100,23,642,488,134,229,0.824286162853241
100,27,244,155,56,179,0.7624717354774475
100,25,449,147,57,215,0.6356790065765381
100,29,1034,179,51,184,0.5958390831947327
100,7,286,152,47,164,0.5062873363494873
100,31,316,157,53,211,0.48776695132255554
100,26,992,196,41,126,0.4797742962837219
101,14,1132,176,148,529,0.8879842758178711
101,6,719,127,283,586,0.9263057112693787
101,8,484,128,131,380,0.8979357481002808
101,19,326,133,152,389,0.8642881512641907
101,22,105,150,93,240,0.8807103037834167
101,23,629,487,133,230,0.7487022280693054
101,27,247,155,58,179,0.7785831093788147
101,25,447,146,60,221,0.6455651521682739
101,29,1034,179,51,184,0.5534958839416504
101,7,287,151,47,169,0.48366397619247437
101,31,315,157,54,210,0.482391893863678
101,26,991,192,42,129,0.5071234107017517
102,14,1133,175,147,527,0.8936595320701599
102,6,719,127,285,587,0.9204245209693909
102,8,484,127,132,381,0.9003013372421265
102,19,329,132,151,390,0.8687989115715027
102,22,106,149,93,240,0.8811582326889038
102,23,616,488,131,228,0.8383113145828247
102,27,249,156,59,179,0.7742698788642883
102,25,446,146,61,224,0.581591784954071
102,29,1033,179,52,185,0.518039345741272
102,31,316,157,54,210,0.46686187386512756
103,14,1133,172,147,528,0.8927343487739563
103,6,720,124,287,590,0.9175003170967102
103,8,484,127,133,381,0.8963122367858887
103,19,330,130,151,392,0.868277370929718
103,22,108,149,92,238,0.872211217880249
103,23,603,490,130,226,0.7628313899040222
103,27,251,157,60,178,0.6773678064346313
103,25,445,145,62,227,0.5074804425239563
103,29,1033,179,51,183,0.5215208530426025
103,26,988,192,42,130,0.5120342373847961
104,14,1133,170,147,529,0.8897812962532043
104,6,721,120,290,595,0.9072901606559753
104,8,484,126,134,383,0.8937117457389832
104,19,331,128,152,393,0.8666895031929016
104,22,108,148,92,238,0.8703252077102661
104,23,590,491,129,225,0.7972291707992554
104,27,251,158,60,176,0.6836177110671997
104,25,445,144,63,227,0.49564129114151
104,29,1032,178,52,179,0.5498430132865906
104,26,989,193,41,127,0.5067628026008606
105,14,1133,167,147,532,0.8838552236557007
105,6,722,117,291,598,0.9094612002372742
105,8,484,126,134,385,0.8920730352401733
105,19,333,126,152,394,0.8735081553459167
105,22,109,147,92,238,0.8602989315986633
105,23,576,491,129,226,0.78688645362854
105,27,252,157,60,176,0.6880013942718506
105,25,446,144,61,221,0.4700363874435425
105,29,1033,177,51,176,0.5383580923080444
105,26,988,192,41,128,0.5874348282814026
106,14,1133,164,147,535,0.8710244297981262
106,6,722,115,293,600,0.911558210849762
106,8,484,125,135,387,0.8920751214027405
106,19,333,124,152,396,0.8712398409843445
106,22,110,147,92,238,0.852254331111908
106,23,562,490,129,227,0.7986226081848145
106,27,255,155,61,176,0.6715399026870728
106,29,1034,177,50,171,0.5599328279495239
106,26,988,193,40,127,0.591239333152771
107,14,1133,162,147,536,0.8765367865562439
107,6,724,113,294,602,0.9170159697532654
107,8,483,124,136,390,0.8975845575332642
107,19,333,122,153,398,0.877914309501648
107,22,110,146,92,238,0.8441846370697021
107,23,549,490,130,227,0.8142247796058655
107,27,260,153,62,177,0.7507315278053284
107,29,1034,176,51,172,0.5485104322433472
107,26,987,193,40,126,0.5593514442443848
107,32,720,140,110,206,0.6022862792015076
107,21,0,158,36,185,0.48648393154144287
107,31,320,153,54,214,0.6361005902290344
107,25,446,142,61,220,0.4641644358634949
108,14,1134,161,146,540,0.8752572536468506
108,6,726,111,295,604,0.9133296608924866
108,8,483,123,136,391,0.8924576044082642
108,19,334,122,152,398,0.8744939565658569
108,22,111,146,92,237,0.8409344553947449
108,23,537,489,130,228,0.7736018896102905
108,27,264,152,61,176,0.7207255363464355
108,29,1034,175,51,174,0.6050676703453064
108,26,986,194,40,126,0.5374453067779541
108,32,721,141,111,206,0.5509796142578125
108,21,0,157,35,186,0.4770013093948364
108,31,318,152,55,214,0.6390313506126404
108,25,446,140,61,221,0.48392531275749207
109,14,1134,160,146,545,0.8882695436477661
109,6,728,109,295,606,0.9205624461174011
109,8,483,122,137,393,0.8934090733528137
109,19,334,121,152,399,0.874896228313446
109,22,112,146,92,237,0.8339499235153198
109,23,526,487,131,231,0.805366575717926
109,27,267,151,62,177,0.7571809887886047
109,29,1034,174,51,172,0.6051502227783203
109,26,986,194,40,125,0.5114279389381409
109,32,724,143,110,205,0.5477014183998108
109,21,0,157,34,186,0.4780961573123932
109,31,319,152,55,213,0.608713686466217
109,25,445,139,62,220,0.5131496787071228
109,20,932,155,53,166,0.4813554286956787
110,14,1134,160,146,547,0.8760176301002502
110,6,731,109,295,606,0.9288594722747803
110,8,484,123,135,391,0.8939726948738098
110,19,335,121,151,400,0.8679844737052917
110,22,113,146,92,236,0.8292272686958313
110,23,516,485,133,233,0.8145332932472229
110,27,270,149,62,179,0.7754032015800476
110,29,1035,174,50,166,0.6678659915924072
110,26,986,194,39,123,0.5293538570404053
110,32,726,145,109,204,0.5580921769142151
110,21,0,157,34,186,0.48555609583854675
110,31,320,152,55,213,0.6134977340698242
110,25,445,138,62,220,0.5629835724830627
111,14,1136,161,144,546,0.8587723970413208
111,6,735,109,293,606,0.9304191470146179
111,8,484,124,135,387,0.8902894258499146
111,19,336,122,151,400,0.8704724311828613
111,22,114,147,91,235,0.823176920413971
111,23,507,485,132,232,0.8100190758705139
111,27,273,150,61,177,0.7055086493492126
111,29,1035,173,50,165,0.6955551505088806
111,32,727,146,109,204,0.4620197117328644
111,21,0,157,34,186,0.48755931854248047
111,31,321,150,55,215,0.6190861463546753
111,25,445,138,62,221,0.5346651077270508
112,14,1137,162,143,544,0.8224102258682251
112,6,739,110,292,605,0.9237751364707947
112,8,484,124,133,382,0.8829635977745056
112,19,337,123,151,401,0.8734528422355652
112,22,115,149,91,233,0.8115193843841553
112,23,499,484,132,233,0.8062977194786072
112,27,275,150,60,176,0.6999224424362183
112,29,1035,173,49,159,0.6849669218063354
112,21,0,157,34,186,0.48050442337989807
112,31,321,151,55,215,0.6620316505432129
112,25,445,138,62,221,0.49432986974716187
112,20,935,152,48,128,0.4713653326034546
113,14,1138,165,142,541,0.8286924958229065
113,6,743,112,290,603,0.9368929862976074
113,8,485,124,131,377,0.8765271902084351
113,19,339,123,150,402,0.873557448387146
113,22,116,150,90,233,0.811939001083374
113,23,490,482,134,236,0.8619195818901062
113,27,276,150,60,181,0.7311453819274902
113,29,1035,173,48,155,0.7118632197380066
113,21,0,157,33,186,0.4737643897533417
113,31,321,153,54,214,0.6714091300964355
113,25,445,138,62,219,0.5032534599304199
113,20,933,150,55,136,0.4905828833580017
113,32,746,146,82,149,0.6172916889190674
114,14,1140,167,140,539,0.8595185279846191
114,6,747,115,288,600,0.934907078742981
114,8,486,124,130,371,0.8712323904037476
114,19,341,125,148,400,0.8683023452758789
114,22,116,150,90,233,0.8101810216903687
114,23,483,481,133,237,0.8426239490509033
114,27,277,152,60,180,0.6935185790061951
114,29,1035,173,48,153,0.7137091159820557
114,31,320,154,55,213,0.6484524607658386
114,25,446,139,61,215,0.48619702458381653
114,20,934,149,65,153,0.542397141456604
114,32,749,144,79,142,0.6314500570297241
115,14,1142,169,138,538,0.8504347205162048
115,6,751,119,285,596,0.923791229724884
115,8,485,124,130,366,0.8677838444709778
115,19,343,126,148,399,0.8637866377830505
115,22,117,150,89,231,0.8143762350082397
115,23,475,481,133,236,0.8422724008560181
115,27,279,152,58,177,0.6229344010353088
115,29,1034,173,50,153,0.6804202198982239
115,31,318,157,54,208,0.6398794651031494
115,20,936,149,70,163,0.6039538979530334
115,32,747,143,83,145,0.6108542680740356
115,21,0,156,33,187,0.4801771938800812
116,14,1143,171,137,537,0.8891462087631226
116,6,755,120,283,594,0.9241593480110168
116,8,485,125,129,362,0.8638465404510498
116,19,344,127,148,399,0.8630072474479675
116,22,116,151,89,230,0.8187655210494995
116,23,466,481,132,236,0.8522160649299622
116,27,281,152,56,174,0.574684739112854
116,29,1033,173,51,158,0.6598110198974609
116,31,316,159,55,206,0.6963536739349365
116,20,937,149,73,164,0.5372558236122131
116,32,743,143,91,157,0.5549876093864441
116,21,0,156,33,187,0.466402143239975
117,14,1145,173,135,535,0.8830711245536804
117,6,759,120,282,593,0.9250669479370117
117,8,485,125,130,362,0.8668577075004578
117,19,346,127,149,400,0.869075357913971
117,22,117,150,89,231,0.8165592551231384
117,23,456,480,132,236,0.8605427145957947
117,27,282,152,55,173,0.4803846776485443
117,29,1031,172,55,170,0.6762390732765198
117,31,312,159,56,207,0.7144635319709778
117,32,743,142,94,162,0.6694857478141785
117,21,0,156,34,187,0.46084994077682495
118,14,1146,172,134,535,0.8966196775436401
118,6,763,117,282,597,0.9315138459205627
118,8,485,125,131,365,0.8648780584335327
118,19,348,128,149,400,0.8689879775047302
118,22,117,150,89,231,0.8338133096694946
118,23,446,480,132,236,0.8541638255119324
118,29,1029,172,58,180,0.6764176487922668
118,31,311,159,58,209,0.7888498306274414
118,32,741,140,103,179,0.7581263184547424
118,21,0,156,34,187,0.47511130571365356
119,14,1148,171,132,536,0.8847157955169678
119,6,767,116,282,598,0.9321941137313843
119,8,483,124,134,375,0.855591356754303
119,19,351,127,149,400,0.8641104698181152
119,22,117,149,88,231,0.8421815037727356
119,23,436,480,132,236,0.8301185965538025
119,29,1029,172,59,186,0.638420820236206
119,31,310,159,60,210,0.8041831851005554
119,32,737,139,112,196,0.7728123664855957
119,21,0,156,34,187,0.4607979953289032
120,14,1149,169,131,538,0.8603881597518921
120,6,771,114,282,600,0.9337235689163208
120,8,481,124,136,382,0.8470970988273621
120,19,353,127,149,400,0.8549733757972717
120,22,116,148,88,231,0.8458107709884644
120,23,424,481,132,237,0.8441875576972961
120,29,1029,172,59,185,0.5679365396499634
120,31,309,156,61,213,0.8237989544868469
120,32,733,138,121,218,0.8061651587486267
120,21,0,156,34,187,0.47570258378982544
121,14,1150,167,130,539,0.8711932897567749
121,6,776,113,282,601,0.9315692782402039
121,8,481,124,138,389,0.8412690162658691
121,19,358,127,150,398,0.8534847497940063
121,22,116,148,88,231,0.8424975872039795
121,23,414,484,132,235,0.8420523405075073
121,29,1032,172,53,165,0.5174437761306763
121,31,309,152,64,217,0.7902395725250244
121,32,730,137,128,236,0.8042005896568298
121,21,0,155,34,188,0.5008326172828674
122,14,1150,164,130,542,0.8493126034736633
122,6,780,111,284,603,0.9277418255805969
122,8,482,124,137,393,0.8488317131996155
122,19,360,126,152,397,0.8516756892204285
122,22,117,147,88,231,0.84125155210495
122,23,404,486,131,233,0.823203980922699
122,29,1031,172,54,168,0.513521134853363
122,31,308,149,66,220,0.7719445824623108
122,32,727,137,132,246,0.806934118270874
122,21,0,155,34,188,0.48575523495674133
123,14,1152,161,128,541,0.821326732635498
123,6,785,108,285,606,0.923777163028717
123,8,482,124,136,394,0.8444561958312988
123,19,361,126,153,395,0.8488518595695496
123,22,117,146,88,232,0.8416417241096497
123,23,393,487,132,231,0.8329921960830688
123,29,1031,172,54,167,0.5158975720405579
123,31,309,147,67,222,0.7393250465393066
123,32,726,137,132,252,0.8255013823509216
123,21,0,155,34,189,0.48835599422454834
124,14,1153,158,127,545,0.8375236392021179
124,6,788,106,288,608,0.9329332113265991
124,8,483,125,134,392,0.8304517269134521
124,19,363,124,153,394,0.856695294380188
124,22,118,146,87,231,0.8473785519599915
124,23,381,487,134,232,0.8428056240081787
124,29,1032,173,52,157,0.49306976795196533
124,31,310,147,67,223,0.7041051983833313
124,32,727,137,130,254,0.8394542932510376
125,14,1153,157,127,549,0.8433414697647095
125,6,791,104,291,610,0.9381110668182373
125,8,484,124,132,392,0.8261280059814453
125,19,365,122,153,391,0.8522493243217468
125,22,118,146,87,231,0.8517899513244629
125,23,370,487,136,231,0.7825066447257996
125,31,310,146,68,224,0.7251189351081848
125,32,727,139,128,254,0.8428331613540649
125,33,832,167,37,62,0.5348727107048035
126,14,1153,156,127,554,0.844376802444458
126,6,794,103,293,610,0.9303461909294128
126,8,485,124,131,392,0.8270722031593323
126,19,367,121,153,388,0.8428715467453003
126,22,119,147,86,229,0.8536539673805237
126,23,357,486,139,232,0.8056145906448364
126,31,311,147,68,224,0.7090443968772888
126,32,728,140,125,253,0.8307331800460815
126,33,831,167,38,64,0.4762294292449951
127,14,1154,157,126,556,0.8539966344833374
127,6,796,103,297,610,0.9335641860961914
127,8,486,123,130,393,0.8192695379257202
127,19,368,120,153,386,0.8411345481872559
127,22,120,148,87,228,0.8497605323791504
127,23,345,481,144,238,0.828916609287262
127,31,309,148,68,224,0.7114236354827881
127,32,729,141,123,252,0.8240219950675964
128,14,1155,161,125,552,0.8368732333183289
128,6,798,104,300,609,0.9328022003173828
128,8,489,123,128,391,0.842856764793396
128,19,369,119,156,389,0.8442409634590149
128,22,122,148,86,228,0.8400170207023621
128,23,334,481,146,238,0.7299277782440186
128,31,309,150,67,222,0.7172317504882812
128,32,730,142,122,251,0.8186784386634827
129,14,1156,165,124,549,0.8311764001846313
129,6,800,106,303,606,0.9407227039337158
129,8,490,123,128,393,0.830966591835022
129,19,368,118,163,403,0.847543478012085
129,22,123,150,85,226,0.827824592590332
129,23,324,483,146,236,0.7942667603492737
129,31,309,154,66,217,0.6983978748321533
129,32,732,143,120,250,0.8319737315177917
130,14,1157,168,123,547,0.8513699769973755
130,6,801,109,306,603,0.9390231370925903
130,8,491,123,126,394,0.8279839158058167
130,19,367,117,166,411,0.8526527881622314
130,22,125,151,85,226,0.8370124101638794
130,23,313,482,149,236,0.7729851603507996
130,31,310,158,64,213,0.6951286792755127
130,32,733,143,119,250,0.8470016121864319
130,34,286,152,39,151,0.5298476815223694
131,14,1156,171,124,543,0.8510778546333313
131,6,803,112,308,601,0.9368086457252502
131,8,492,124,125,393,0.8214587569236755
131,19,367,117,168,414,0.8507785201072693
131,22,128,152,84,225,0.8596060872077942
131,23,306,482,150,235,0.6939309239387512
131,31,310,162,63,209,0.7188921570777893
131,32,734,143,118,250,0.8257773518562317
131,34,286,152,39,151,0.4907535910606384
132,14,1156,175,124,539,0.8722549080848694
132,6,804,114,311,599,0.9365324378013611
132,8,493,124,124,393,0.8318114280700684
132,19,366,117,169,415,0.8535512685775757
132,22,130,153,84,224,0.8725206255912781
132,23,297,482,153,236,0.8116042017936707
132,31,310,162,62,210,0.726555585861206
132,32,735,141,119,254,0.8439041972160339
132,34,287,151,39,149,0.4729045629501343
133,14,1155,179,124,534,0.8310868740081787
133,6,804,115,315,598,0.9280366897583008
133,8,494,125,124,392,0.8420765399932861
133,19,366,117,169,414,0.8498503565788269
133,22,131,153,84,224,0.8768877387046814
133,23,289,481,156,237,0.8379318118095398
133,31,308,159,63,213,0.7448086142539978
133,32,736,140,118,254,0.8450383543968201
134,14,1154,180,124,533,0.8458387851715088
134,6,804,114,320,599,0.9306909441947937
134,8,494,125,124,396,0.8353552222251892
134,19,366,118,169,416,0.8498498797416687
134,22,134,154,83,222,0.8811461329460144
134,23,281,481,158,238,0.8234273195266724
134,31,306,155,65,217,0.7586023211479187
134,32,737,138,117,256,0.8429001569747925
135,14,1153,178,125,534,0.8359348773956299
135,6,804,113,323,600,0.9366769194602966
135,8,494,125,125,401,0.8315147161483765
135,19,365,118,169,419,0.8434650301933289
135,22,135,153,84,223,0.887190043926239
135,23,274,479,161,241,0.8599903583526611
135,31,304,152,66,221,0.7604825496673584
135,32,737,137,117,257,0.8462504148483276
135,29,1037,172,37,98,0.47344502806663513
136,14,1152,176,126,537,0.6153857707977295
136,6,804,112,326,601,0.9379924535751343
136,8,494,125,125,402,0.8328035473823547
136,19,365,118,169,422,0.8450244069099426
136,22,137,151,84,225,0.8847424983978271
136,23,265,481,163,239,0.8605200052261353
136,31,303,151,67,222,0.7473986148834229
136,32,737,136,118,259,0.8519536256790161
136,29,1035,172,41,102,0.45449504256248474
137,14,1150,173,127,540,0.8343760967254639
137,6,804,110,329,604,0.9353616833686829
137,8,495,126,125,402,0.8406786918640137
137,19,365,119,168,422,0.8467773199081421
137,22,138,150,84,225,0.8805448412895203
137,23,257,482,163,237,0.8481060862541199
137,31,302,150,68,223,0.768377959728241
137,32,736,135,119,263,0.8418245911598206
138,14,1150,169,128,543,0.7250953316688538
138,6,805,107,331,607,0.9365794658660889
138,8,496,125,125,405,0.8468052744865417
138,19,366,119,166,423,0.8471831679344177
138,22,139,149,84,225,0.8775795102119446
138,23,246,484,163,235,0.7981875538825989
138,31,301,150,68,222,0.7786160707473755
138,32,736,134,121,267,0.8395075798034668
138,29,1034,172,43,97,0.5395255088806152
139,14,1149,166,129,547,0.847828209400177
139,6,806,104,334,610,0.9342808723449707
139,8,497,125,124,405,0.8561697006225586
139,19,367,120,164,422,0.83455491065979
139,22,140,148,85,226,0.8728491067886353
139,23,235,485,164,234,0.8226147294044495
139,31,300,149,68,223,0.7651152014732361
139,32,737,134,120,268,0.8307392597198486
139,29,1034,173,43,91,0.5030503273010254
140,14,1150,163,130,552,0.8518925309181213
140,6,807,101,337,613,0.939774215221405
140,8,498,125,124,406,0.8624979853630066
140,19,367,120,162,423,0.8344845771789551
140,22,140,147,86,228,0.8721602559089661
140,23,225,487,164,232,0.8520469665527344
140,31,300,150,68,223,0.7844178080558777
140,32,737,134,120,268,0.8330439329147339
140,29,1034,172,42,84,0.48218226432800293
141,14,1154,161,126,553,0.8343045115470886
141,6,810,99,337,615,0.9407918453216553
141,8,499,125,124,407,0.8675236105918884
141,19,366,119,161,425,0.8330901265144348
141,22,141,148,85,226,0.8542293310165405
141,23,212,488,164,232,0.847575843334198
141,31,299,151,68,222,0.7815431952476501
141,32,736,135,119,267,0.827134907245636
142,14,1155,161,125,553,0.8320314884185791
142,6,812,98,338,616,0.939298152923584
142,8,499,125,125,407,0.8727407455444336
142,19,364,119,160,426,0.8397594094276428
142,22,142,149,85,224,0.8464526534080505
142,23,202,490,163,229,0.768555760383606
142,31,298,151,68,223,0.7660835981369019
142,32,735,135,119,267,0.8339584469795227
143,14,1155,162,125,552,0.8251627683639526
143,6,815,99,337,615,0.9364844560623169
143,8,500,124,125,409,0.8744429349899292
143,19,364,119,159,425,0.834868311882019
143,22,144,150,85,223,0.8346218466758728
143,23,189,491,161,227,0.7908280491828918
143,31,297,152,68,222,0.7549877166748047
143,32,734,136,119,265,0.8588000535964966
143,21,1,158,34,187,0.49906831979751587
144,14,1157,163,123,550,0.7879673838615417
144,6,818,100,335,614,0.9349575042724609
144,8,501,124,125,409,0.8755882978439331
144,19,363,119,159,425,0.8418155908584595
144,22,146,151,84,221,0.8423005938529968
144,23,176,491,161,226,0.8081540465354919
144,31,296,153,67,221,0.741671621799469
144,32,735,137,118,265,0.841080904006958
144,21,1,158,35,186,0.5295265913009644
145,14,1159,168,121,546,0.7991312146186829
145,6,822,104,332,610,0.9360665082931519
145,8,501,123,126,410,0.8786758780479431
145,19,363,119,158,426,0.8434868454933167
145,22,148,152,84,221,0.8527588844299316
145,23,164,489,163,229,0.8133218288421631
145,31,295,154,68,221,0.7637583017349243
145,32,735,139,119,264,0.8141194581985474
145,21,1,158,35,186,0.5536550879478455
146,14,1161,173,119,540,0.7978935837745667
146,6,826,107,330,607,0.9398947954177856
146,8,502,123,125,410,0.8783321976661682
146,19,364,119,158,426,0.842909574508667
146,22,150,152,84,220,0.8461654186248779
146,23,153,487,163,231,0.8043846487998962
146,31,295,155,67,221,0.7556236982345581
146,32,735,140,119,264,0.7840012311935425
146,21,1,158,35,186,0.5748788714408875
147,14,1163,176,117,537,0.7368173003196716
147,6,831,109,328,605,0.9328899383544922
147,8,502,122,125,410,0.8747624754905701
147,19,365,119,158,426,0.8469415307044983
147,22,152,153,84,220,0.842626690864563
147,23,143,486,164,233,0.8419377207756042
147,31,295,155,67,221,0.777088463306427
147,32,735,141,119,263,0.8037018179893494
147,21,1,158,35,186,0.5567277073860168
148,14,1163,181,117,532,0.7799938321113586
148,6,836,110,326,603,0.9285263419151306
148,8,502,122,126,411,0.8761646747589111
148,19,365,118,158,427,0.8488748669624329
148,22,153,153,83,221,0.8385622501373291
148,23,133,484,164,234,0.774698793888092
148,31,294,156,67,220,0.7964581847190857
148,32,735,141,120,264,0.8338197469711304
148,21,1,158,36,186,0.5757853984832764
149,14,1165,184,115,529,0.8021748065948486
149,6,842,109,325,604,0.9265376925468445
149,8,502,122,126,411,0.877636194229126
149,19,366,118,157,427,0.844765305519104
149,22,153,153,84,222,0.8389393091201782
149,23,122,484,163,233,0.7463481426239014
149,31,293,155,68,221,0.8061692714691162
149,32,736,140,120,265,0.8381820321083069
149,21,1,158,36,187,0.574171781539917
149,35,896,143,76,118,0.6893748044967651
150,14,1168,182,112,531,0.8117052316665649
150,6,847,109,325,604,0.933830201625824
150,8,503,122,126,412,0.8824745416641235
150,19,367,119,157,425,0.8417729735374451
150,22,154,153,83,222,0.8358454704284668
150,23,109,484,165,233,0.8199809789657593
150,31,291,155,69,221,0.8058028817176819
150,32,736,139,121,266,0.8542047142982483
150,21,1,158,37,187,0.5323230028152466
150,35,897,147,77,117,0.7149094939231873
151,14,1173,215,107,500,0.7729231715202332
151,6,853,109,324,605,0.9266760349273682
151,8,503,122,126,412,0.8790838122367859
151,19,368,118,156,426,0.8497572541236877
151,22,153,153,83,220,0.8440279364585876
151,23,93,483,167,236,0.8479457497596741
151,31,290,152,69,224,0.8050764203071594
151,32,736,137,121,268,0.8657695055007935
151,21,1,158,37,187,0.5495982766151428
151,35,897,150,80,124,0.693834662437439
152,14,1177,240,103,474,0.8300143480300903
152,6,859,107,325,606,0.9137019515037537
152,8,504,122,126,412,0.8783244490623474
152,19,368,121,156,423,0.8466140031814575
152,22,154,152,83,219,0.8490435481071472
152,23,77,485,168,234,0.8372370600700378
152,31,289,150,70,226,0.800200879573822
152,32,735,137,122,268,0.8674109578132629
152,21,1,158,37,187,0.47483041882514954
152,35,898,152,81,124,0.6098090410232544
153,14,1180,246,100,468,0.8246710896492004
153,6,865,105,326,608,0.9003599882125854
153,8,504,123,126,411,0.877693772315979
153,19,368,123,155,422,0.8447856903076172
153,22,155,151,83,218,0.8441382050514221
153,23,68,486,169,233,0.8334263563156128
153,31,288,149,71,227,0.804054319858551
153,32,735,136,121,269,0.8705687522888184
153,21,1,158,38,187,0.5019403100013733
153,35,907,153,75,113,0.45416295528411865
154,14,1183,249,97,466,0.788257360458374
154,6,872,103,327,610,0.9042185544967651
154,8,505,124,125,411,0.8753541111946106
154,19,368,124,155,423,0.8469217419624329
154,22,155,151,83,217,0.8604216575622559
154,23,68,488,166,231,0.8254794478416443
154,31,287,147,72,230,0.8009948134422302
154,32,736,135,121,270,0.8716641068458557
154,21,1,158,38,187,0.46807223558425903
155,14,1186,246,94,470,0.728121280670166
155,6,877,101,330,612,0.9151419997215271
155,8,505,124,125,412,0.880882978439331
155,19,369,124,156,425,0.8509050011634827
155,22,157,150,83,218,0.8592466115951538
155,23,68,488,161,229,0.8441632986068726
155,31,286,147,73,229,0.8094410300254822
155,32,737,133,121,273,0.8653405904769897
155,21,1,158,38,187,0.4678628146648407
155,36,354,153,56,225,0.5586034059524536
156,14,1189,251,91,466,0.7009860873222351
156,6,880,97,334,615,0.9284325242042542
156,8,506,125,124,411,0.8837851881980896
156,19,373,125,157,423,0.856115460395813
156,22,158,149,85,219,0.8594181537628174
156,23,58,489,159,228,0.8603258728981018
156,31,286,147,72,229,0.8223395943641663
156,32,737,134,120,273,0.8601482510566711
156,36,355,154,56,224,0.6146660447120667
157,14,1195,251,85,466,0.5273930430412292
157,6,885,94,339,618,0.9427494406700134
157,8,505,125,124,413,0.8812551498413086
157,19,375,125,159,423,0.8501063585281372
157,22,159,149,85,220,0.8474138379096985
157,23,46,490,156,226,0.8410641551017761
157,31,285,148,73,229,0.820436418056488
157,32,737,135,120,274,0.8784592151641846
157,36,356,155,55,225,0.6220424771308899
158,14,1201,260,79,456,0.5727285742759705
158,6,887,92,343,620,0.9266408085823059
158,8,504,126,125,413,0.8822194337844849
158,19,376,124,159,427,0.8522080779075623
158,22,160,148,85,221,0.8544091582298279
158,23,31,491,154,225,0.8353911638259888
158,31,285,149,72,228,0.816769540309906
158,32,737,136,118,274,0.8658534288406372
158,36,356,156,56,225,0.6439327001571655
159,14,1210,264,70,451,0.524042546749115
159,6,889,92,345,619,0.9245454668998718
159,8,503,125,125,415,0.8873720765113831
159,19,376,124,161,428,0.8570088148117065
159,22,162,149,84,219,0.8727901577949524
159,23,15,492,154,223,0.8583613038063049
159,31,284,151,72,227,0.8148751258850098
159,32,736,136,118,274,0.8669756054878235
159,36,356,156,56,225,0.614621639251709
159,37,249,159,25,109,0.539803147315979
160,6,895,91,352,621,0.9332489371299744
160,8,503,125,124,415,0.879777193069458
160,19,378,122,163,432,0.8590123057365417
160,22,164,150,83,217,0.8819302320480347
160,23,1,492,153,223,0.8594998121261597
160,31,283,152,72,227,0.81501704454422
160,32,733,137,118,272,0.867790937423706
160,36,356,156,56,225,0.6590598225593567
160,37,249,158,25,111,0.5695478916168213
161,6,898,93,355,619,0.9527261257171631
161,8,503,123,124,417,0.8780099749565125
161,19,380,120,165,436,0.8623606562614441
161,22,165,150,83,217,0.8786649107933044
161,23,0,491,143,225,0.8433704972267151
161,31,282,153,73,227,0.8203608393669128
161,32,733,138,117,271,0.8700567483901978
161,36,356,156,56,226,0.6825010180473328
161,37,249,158,26,111,0.5579649806022644
162,6,899,96,358,616,0.9624858498573303
162,8,503,122,124,416,0.8847713470458984
162,19,382,120,166,434,0.8664078712463379
162,22,167,151,82,216,0.8858585357666016
162,23,0,490,133,225,0.8546611070632935
162,31,282,153,72,227,0.8223875761032104
162,32,732,139,118,271,0.8660922050476074
162,36,356,155,56,227,0.6642502546310425
162,37,250,158,25,110,0.5427156090736389
162,21,1,187,31,156,0.46148234605789185
163,6,899,100,361,613,0.9693743586540222
163,8,503,121,123,415,0.8860741853713989
163,19,382,120,167,437,0.8644002079963684
163,22,169,152,82,215,0.8887680768966675
163,23,0,490,123,226,0.8407248258590698
163,31,281,153,73,227,0.8184090852737427
163,32,732,140,118,272,0.858989417552948
163,36,355,155,56,227,0.7122423648834229
163,37,250,157,26,111,0.6126365661621094
163,21,0,177,34,165,0.48416829109191895
164,6,898,104,364,609,0.9673599600791931
164,8,503,120,123,414,0.88346266746521
164,19,382,119,169,439,0.8645009398460388
164,22,172,152,81,215,0.8860028982162476
164,23,0,489,114,227,0.8288534879684448
164,31,281,152,72,228,0.8068416118621826
164,32,733,139,119,275,0.8511993885040283
164,36,354,154,57,228,0.7074774503707886
164,37,250,156,27,112,0.5655466914176941
164,21,0,170,35,172,0.49560311436653137
165,6,898,106,366,607,0.9645193219184875
165,8,502,119,123,416,0.8815595507621765
165,19,384,117,170,442,0.8613023161888123
165,22,174,152,81,215,0.8954874873161316
165,23,0,488,104,228,0.7564186453819275
165,31,280,152,73,228,0.8066813349723816
165,32,734,138,120,276,0.8541448712348938
165,36,354,155,57,229,0.6903038024902344
165,37,251,155,27,113,0.5069041848182678
165,21,0,166,36,176,0.5327274203300476
166,6,897,106,369,607,0.9663958549499512
166,8,502,118,123,419,0.8750771880149841
166,19,385,115,171,441,0.864598274230957
166,22,176,152,81,216,0.8924266695976257
166,23,0,498,91,218,0.7284376621246338
166,31,278,151,74,229,0.8130336403846741
166,32,734,138,119,275,0.8572234511375427
166,36,353,154,58,229,0.6639079451560974
166,37,251,155,28,113,0.465415358543396
166,21,0,164,36,178,0.5439364910125732
166,38,898,145,112,188,0.498325377702713
167,6,897,104,373,609,0.962745189666748
167,8,502,116,123,423,0.8754279613494873
167,19,385,114,171,441,0.8688499331474304
167,22,179,152,82,216,0.8893663287162781
167,23,0,507,81,206,0.5096789598464966
167,31,278,150,74,230,0.8184931874275208
167,32,733,137,119,275,0.847964882850647
167,36,354,155,58,229,0.6599523425102234
167,37,252,157,29,112,0.49832892417907715
167,21,0,164,37,178,0.5443997383117676
167,38,898,147,113,189,0.512566089630127
168,6,897,100,376,613,0.9616823792457581
168,8,502,114,124,427,0.8735602498054504
168,19,385,113,171,441,0.8678547739982605
168,22,181,151,82,217,0.8820647597312927
168,31,277,148,74,232,0.818080484867096
168,32,732,136,120,276,0.8540701866149902
168,36,353,154,58,229,0.6633043885231018
168,37,253,158,29,112,0.5176233053207397
168,21,1,159,37,183,0.5805639028549194
168,38,889,147,125,210,0.5165426731109619
169,6,898,97,379,617,0.9636722803115845
169,8,502,114,124,428,0.8655068278312683
169,19,384,113,172,442,0.8813356161117554
169,22,183,150,82,216,0.8760198950767517
169,31,276,147,75,232,0.8239750266075134
169,32,731,135,121,277,0.833134114742279
169,36,352,155,59,229,0.7087329626083374
169,21,1,161,37,181,0.5569355487823486
169,38,885,148,129,217,0.6288859844207764
170,6,899,93,381,621,0.961206316947937
170,8,504,114,123,428,0.8700931668281555
170,19,385,113,171,443,0.881016194820404
170,22,185,149,82,216,0.8681614398956299
170,31,275,147,75,233,0.8382121324539185
170,32,730,133,121,279,0.8468292355537415
170,36,351,156,60,229,0.7332891821861267
170,21,1,162,37,180,0.5485440492630005
170,38,882,148,128,216,0.592612624168396
171,6,901,91,379,623,0.9579464793205261
171,8,505,115,123,428,0.8691709637641907
171,19,386,112,170,443,0.8817145824432373
171,22,186,149,83,215,0.8725131154060364
171,31,275,148,75,233,0.8640246391296387
171,32,728,132,122,279,0.8619701266288757
171,36,351,156,60,229,0.7401061058044434
171,21,1,166,36,176,0.5252605676651001
171,38,881,147,127,215,0.5847533941268921
172,6,903,88,377,626,0.9541091918945312
172,8,506,115,122,428,0.8677364587783813
172,19,387,110,170,445,0.8707678914070129
172,22,187,148,83,215,0.8781948685646057
172,31,273,149,76,232,0.8606719374656677
172,32,727,132,122,279,0.8644583821296692
172,36,351,157,60,229,0.7711045145988464
172,21,1,166,36,176,0.5220954418182373
172,38,876,146,130,223,0.6083512902259827
173,6,905,85,375,629,0.9436739087104797
173,8,507,114,122,429,0.8673598766326904
173,19,388,108,170,447,0.8688658475875854
173,22,188,147,83,216,0.8716488480567932
173,31,273,149,76,234,0.8432828187942505
173,32,726,132,123,280,0.861687958240509
173,36,351,157,61,228,0.7608675360679626
173,21,0,164,37,178,0.5316197872161865
173,38,873,145,135,233,0.6534042954444885
174,6,908,85,372,629,0.9503486752510071
174,8,509,115,121,428,0.8667965531349182
174,19,389,109,169,445,0.8782842755317688
174,22,188,148,84,216,0.870216429233551
174,31,273,150,76,233,0.8327169418334961
174,32,725,133,124,281,0.8560539484024048
174,36,351,157,61,229,0.7776872515678406
174,21,0,162,38,179,0.5556254982948303
174,38,874,145,139,243,0.6500204801559448
175,6,912,85,368,629,0.9494860768318176
175,8,510,116,121,428,0.8655439615249634
175,19,389,109,168,447,0.879230797290802
175,22,189,148,84,216,0.8770111203193665
175,31,272,150,76,234,0.8188073635101318
175,32,726,134,124,282,0.8633286356925964
175,36,349,157,63,230,0.7958096265792847
175,21,1,158,39,183,0.6308437585830688
175,38,875,144,141,252,0.6906763315200806
176,6,917,86,363,628,0.9453366994857788
176,8,513,118,120,427,0.8629336357116699
176,19,390,110,167,448,0.8764985203742981
176,22,190,150,83,214,0.8785976767539978
176,31,271,150,76,235,0.815427303314209
176,32,727,135,123,282,0.8684276342391968
176,36,348,158,64,229,0.7895350456237793
176,21,2,158,39,183,0.6235625743865967
176,38,875,144,144,260,0.7473579049110413
177,6,922,88,358,626,0.9446075558662415
177,8,515,119,120,428,0.8671505451202393
177,19,391,110,166,449,0.8800967931747437
177,22,189,150,85,215,0.882428765296936
177,31,270,153,75,232,0.8015395998954773
177,32,727,137,122,280,0.8716689348220825
177,36,348,158,64,230,0.8130567073822021
177,21,2,158,39,183,0.6176657676696777
177,38,875,143,146,269,0.8024518489837646
178,6,928,91,352,623,0.9432493448257446
178,8,516,120,121,430,0.8703146576881409
178,19,391,111,165,449,0.8842100501060486
178,22,189,151,85,214,0.8791729807853699
178,31,268,155,74,228,0.797346830368042
178,32,725,139,122,279,0.8626793026924133
178,36,347,158,64,229,0.837053120136261
178,21,1,162,39,179,0.6306432485580444
178,38,878,142,144,272,0.8414031863212585
178,39,1006,167,42,84,0.470151424407959
179,6,934,97,346,616,0.939635694026947
179,8,519,121,121,431,0.8771730065345764
179,19,392,111,163,448,0.8880906105041504
179,22,190,151,85,214,0.8600537180900574
179,31,266,155,73,228,0.8104718327522278
179,32,725,142,122,276,0.8679160475730896
179,36,345,158,66,229,0.844358503818512
179,21,1,164,39,178,0.6144022941589355
179,38,880,143,144,273,0.8478584289550781
179,39,1011,169,42,84,0.49329257011413574
180,6,939,100,341,613,0.9511811137199402
180,8,521,121,121,431,0.8824745416641235
180,19,392,112,163,447,0.8835444450378418
180,22,191,151,84,211,0.8337470889091492
180,31,263,156,74,226,0.8260787725448608
180,32,726,144,121,275,0.8793669939041138
180,36,343,159,66,228,0.8265915513038635
180,21,3,174,37,169,0.6507939100265503
180,38,881,143,144,275,0.8485719561576843
180,39,1010,169,46,90,0.4925170838832855
181,6,945,102,335,610,0.9488738179206848
181,8,523,121,122,431,0.8828492164611816
181,19,393,113,161,447,0.8832597732543945
181,22,192,151,84,211,0.8341161608695984
181,31,263,155,73,226,0.825667142868042
181,32,726,144,121,276,0.8791742920875549
181,36,342,161,66,227,0.8262975811958313
181,21,3,178,37,165,0.6174477934837341
181,38,883,143,143,276,0.8600450754165649
182,6,951,102,329,610,0.9365423321723938
182,8,524,120,123,432,0.8770344257354736
182,19,393,114,161,448,0.8805296421051025
182,22,191,151,85,212,0.8347446918487549
182,31,261,155,75,229,0.8287876844406128
182,32,725,144,122,277,0.8701428771018982
182,36,342,163,66,226,0.8182684183120728
182,21,2,179,38,165,0.6056477427482605
182,38,885,143,143,279,0.8672345280647278
182,40,1055,168,42,85,0.5842669606208801
183,6,955,100,325,612,0.9260280132293701
183,8,525,118,124,433,0.8845261335372925
183,19,393,114,160,449,0.8762723803520203
183,22,190,151,85,212,0.8347707390785217
183,31,259,153,76,233,0.8657339811325073
183,32,724,143,122,277,0.852076530456543
183,36,341,164,67,225,0.8111153244972229
183,21,2,180,38,164,0.6041597127914429
183,38,885,143,143,281,0.8691732883453369
183,40,1058,168,41,83,0.5475899577140808
183,39,1012,174,50,97,0.49113917350769043
184,6,958,96,322,615,0.9293123483657837
184,8,527,118,124,433,0.8845118880271912
184,19,393,113,159,450,0.8730974197387695
184,22,190,150,84,213,0.8266842365264893
184,31,258,151,76,234,0.8777823448181152
184,32,722,142,122,278,0.8334811925888062
184,36,340,164,67,225,0.8235905170440674
184,21,1,178,38,166,0.588003933429718
184,38,885,144,142,281,0.8649927377700806
184,40,1061,168,41,80,0.5595152378082275
184,39,1012,175,51,101,0.5549522638320923
185,6,962,92,318,619,0.9287638664245605
185,8,528,117,124,434,0.8947103023529053
185,19,393,113,159,450,0.8727525472640991
185,22,191,150,82,212,0.79435133934021
185,31,257,151,77,235,0.8634801506996155
185,32,721,140,123,279,0.8376421928405762
185,36,339,164,67,226,0.8181149363517761
185,21,0,181,38,163,0.5815378427505493
185,38,885,145,142,281,0.8759719729423523
185,40,1063,165,41,82,0.584532618522644
185,39,1011,176,54,106,0.5238884687423706
186,6,964,88,316,624,0.9356928467750549
186,8,528,116,126,435,0.8986472487449646
186,19,393,113,158,451,0.8722198009490967
186,22,193,150,82,212,0.7994183897972107
186,31,256,148,77,238,0.8681917786598206
186,32,720,140,123,279,0.8124403357505798
186,36,336,163,69,227,0.8177796602249146
186,21,0,186,37,158,0.5871925354003906
186,38,885,145,143,282,0.8751835227012634
186,40,1066,164,41,81,0.6616463661193848
187,6,966,84,314,627,0.9389711022377014
187,8,528,115,126,436,0.9038576483726501
187,19,392,112,157,452,0.865816593170166
187,22,195,150,81,212,0.8215476870536804
187,31,254,149,78,236,0.8454289436340332
187,32,717,139,125,280,0.8576850295066833
187,36,334,163,69,226,0.828546404838562
187,21,0,185,37,160,0.6178058981895447
187,38,886,145,141,281,0.8662133812904358
187,40,1067,164,42,80,0.6975610852241516
188,6,967,79,313,632,0.9369306564331055
188,8,527,115,128,436,0.9048197865486145
188,19,390,112,156,452,0.8556219935417175
188,22,197,150,80,212,0.8472573757171631
188,31,253,150,78,236,0.8518943786621094
188,32,716,138,125,280,0.8828301429748535
188,36,333,163,69,227,0.8467258810997009
188,21,0,185,38,161,0.6266226172447205
188,38,887,145,141,280,0.8664214015007019
188,40,1070,162,43,81,0.6676285862922668
189,6,968,75,312,636,0.9385036826133728
189,8,524,114,130,438,0.910590648651123
189,19,389,110,156,454,0.8555766940116882
189,22,199,150,79,213,0.8647592067718506
189,31,252,151,78,236,0.8490644097328186
189,32,714,137,126,283,0.8737621903419495
189,36,332,162,70,228,0.8698292374610901
189,21,1,187,37,160,0.6329298615455627
189,38,889,145,141,279,0.880194902420044
189,40,1072,162,43,81,0.574463963508606
190,6,969,72,311,638,0.9359964728355408
190,8,525,114,131,438,0.9115771055221558
190,19,388,109,155,455,0.8495439291000366
190,22,202,150,78,212,0.8747274875640869
190,31,251,152,78,236,0.8600804209709167
190,32,713,136,128,286,0.8549182415008545
190,36,331,161,70,229,0.8637588024139404
190,21,1,188,37,159,0.6243932247161865
190,38,890,144,140,280,0.8686589002609253
191,6,970,71,310,639,0.9384475350379944
191,8,527,114,131,438,0.9149423837661743
191,19,387,108,156,457,0.8567429780960083
191,22,203,149,78,213,0.8505222201347351
191,31,250,153,78,235,0.8623295426368713
191,32,712,136,129,286,0.8273409008979797
191,36,330,160,71,231,0.8417090773582458
191,21,2,192,37,154,0.5967454314231873
191,38,890,143,140,280,0.8431368470191956
192,6,971,71,309,639,0.9331751465797424
192,8,528,114,132,438,0.9083252549171448
192,19,387,107,156,458,0.8591598272323608
192,22,205,149,76,214,0.8432857990264893
192,31,250,153,78,235,0.8617070913314819
192,32,709,136,129,287,0.8227518796920776
192,36,329,160,72,232,0.8429911136627197
192,21,2,194,37,152,0.5863500833511353
192,38,887,141,142,282,0.8689021468162537
192,39,1002,169,75,154,0.4558888375759125
193,6,973,73,307,637,0.9331473112106323
193,8,528,114,132,439,0.9148918986320496
193,19,387,107,156,459,0.8589155077934265
193,22,207,150,75,212,0.8373535871505737
193,31,249,152,79,236,0.8491224646568298
193,32,706,136,130,287,0.8481840491294861
193,36,329,160,71,232,0.8364927768707275
193,21,2,192,38,154,0.5440276861190796
193,38,886,139,144,285,0.8662092089653015
193,39,1002,168,75,159,0.5555111765861511
194,6,974,76,306,634,0.935103714466095
194,8,527,114,134,440,0.9164151549339294
194,19,385,107,157,459,0.8618516325950623
194,22,209,151,73,211,0.8270848393440247
194,31,249,153,78,236,0.8436900973320007
194,32,704,137,130,287,0.8506237268447876
194,36,328,161,71,232,0.8293012976646423
194,21,2,190,38,156,0.5054190754890442
194,38,888,138,142,284,0.8679379224777222
194,39,1003,168,73,160,0.6018537878990173
195,6,976,79,304,631,0.9374575018882751
195,8,526,114,134,441,0.9168071746826172
195,19,384,107,156,459,0.8578883409500122
195,22,210,151,72,212,0.823835551738739
195,31,248,155,78,236,0.8488097190856934
195,32,703,138,129,287,0.8583685755729675
195,36,327,162,71,233,0.8332652449607849
195,21,1,172,43,175,0.5007413625717163
195,38,888,138,142,285,0.8535423278808594
195,39,1004,168,70,159,0.5757278203964233
196,6,978,83,302,628,0.9343973994255066
196,8,524,113,136,442,0.9147318601608276
196,19,380,108,157,461,0.864875853061676
196,22,211,152,71,211,0.8048350214958191
196,31,248,155,78,238,0.8393214344978333
196,32,704,139,128,285,0.8699866533279419
196,36,327,163,70,230,0.810672402381897
196,21,2,164,45,183,0.5656836032867432
196,38,887,138,143,287,0.863222062587738
196,39,1005,168,68,156,0.6134543418884277
197,6,980,86,300,625,0.9328258633613586
197,8,523,113,137,443,0.9140914678573608
197,19,380,108,156,460,0.8648291826248169
197,22,214,152,69,211,0.7954431772232056
197,31,247,153,79,239,0.8309030532836914
197,32,703,141,128,286,0.8705098628997803
197,36,327,165,70,228,0.7980301976203918
197,21,2,160,47,186,0.6080783605575562
197,38,886,138,144,289,0.8701112866401672
197,39,1005,168,68,157,0.622570276260376
198,6,982,87,298,623,0.9300054311752319
198,8,522,114,137,442,0.9161454439163208
198,19,381,107,157,461,0.8797899484634399
198,22,215,152,68,212,0.7824388742446899
198,31,246,149,80,242,0.8264114260673523
198,32,702,142,129,287,0.8657070398330688
198,36,327,165,69,227,0.7948547601699829
198,21,3,159,47,187,0.6106690168380737
198,38,885,140,144,288,0.8722777366638184
198,39,1006,168,65,155,0.571740984916687
199,6,985,86,295,625,0.9294543266296387
199,8,522,114,137,442,0.9176626205444336
199,19,382,107,159,460,0.8898006677627563
199,22,216,152,68,215,0.7114952802658081
199,31,245,147,80,244,0.7879771590232849
199,32,701,143,129,287,0.8483430743217468
199,36,326,166,69,227,0.7940349578857422
199,21,3,158,48,188,0.6033181548118591
199,38,885,141,144,288,0.866317629814148
199,39,1007,169,64,153,0.5910524725914001
200,6,989,84,291,627,0.9307567477226257
200,8,521,114,138,442,0.9149036407470703
200,19,383,108,160,460,0.8964277505874634
200,22,217,151,69,224,0.5543791651725769
200,31,244,148,80,244,0.7934549450874329
200,32,700,143,128,288,0.8394396901130676
200,36,326,167,69,226,0.7685097455978394
200,21,3,158,49,188,0.5830835700035095
200,38,884,142,144,288,0.8704492449760437
200,39,1007,169,63,154,0.5903918147087097
201,6,991,81,289,630,0.9332815408706665
201,8,521,113,138,443,0.9124049544334412
201,19,383,107,161,461,0.8994556069374084
201,31,238,146,82,247,0.8305763602256775
201,32,701,141,128,290,0.8475438952445984
201,36,326,166,68,227,0.7722043395042419
201,21,3,158,50,189,0.6102725863456726
201,38,885,143,143,286,0.878769040107727
201,39,1006,169,63,154,0.58376145362854
202,6,994,77,286,633,0.9331358671188354
202,8,520,113,139,443,0.9135738611221313
202,19,383,108,162,461,0.9025093913078308
202,31,235,146,83,247,0.8567106127738953
202,32,700,139,129,292,0.8362357020378113
202,36,326,166,68,226,0.787382960319519
202,21,3,158,50,189,0.5995581150054932
202,38,887,143,143,287,0.8788056969642639
202,39,1006,169,62,154,0.5063095092773438
203,6,997,71,283,639,0.9319869875907898
203,8,520,113,139,443,0.909932553768158
203,19,382,108,164,462,0.9035946130752563
203,31,232,146,84,249,0.8724026083946228
203,32,698,138,130,292,0.8510788679122925
203,36,325,165,68,227,0.8218638896942139
203,21,3,158,51,189,0.5809639692306519
203,38,887,143,143,287,0.8809136748313904
203,39,1005,169,62,154,0.5022805333137512
204,6,1001,66,279,645,0.9329766631126404
204,8,520,113,139,444,0.9088284969329834
204,19,381,107,165,464,0.9049956202507019
204,31,230,146,85,249,0.8796144127845764
204,32,697,137,130,292,0.8406508564949036
204,36,325,164,68,228,0.8414313793182373
204,21,3,158,51,189,0.5332559943199158
204,38,888,143,143,288,0.8795514106750488
205,6,1006,63,274,648,0.9324119091033936
205,8,520,113,139,445,0.9085519909858704
205,19,381,109,166,464,0.9127960205078125
205,31,229,147,85,249,0.884778618812561
205,32,695,136,130,294,0.8513837456703186
205,36,324,163,69,232,0.8489180207252502
205,21,3,159,52,189,0.4515519440174103
205,38,887,142,144,288,0.8732668161392212
206,6,1011,59,269,651,0.9303938746452332
206,8,520,113,138,445,0.9086264371871948
206,19,380,110,168,464,0.9108771085739136
206,31,229,148,84,248,0.8909007906913757
206,32,692,135,133,299,0.834888219833374
206,36,323,161,71,234,0.8484923839569092
206,21,0,159,54,231,0.602565348148346
206,38,886,141,145,289,0.863307774066925
207,6,1018,57,262,652,0.9280303120613098
207,8,520,113,138,445,0.9040064215660095
207,19,378,111,169,464,0.908582329750061
207,31,229,149,84,247,0.8844536542892456
207,32,691,134,134,302,0.8309206962585449
207,36,322,158,72,237,0.8399778008460999
207,21,0,160,52,248,0.5767546892166138
207,38,886,139,145,291,0.870119035243988
208,6,1025,57,255,652,0.9291826486587524
208,8,520,113,138,445,0.9036924242973328
208,19,377,111,169,466,0.916078507900238
208,31,229,150,84,246,0.8699352145195007
208,32,691,134,135,305,0.833818256855011
208,36,321,158,73,237,0.8483532667160034
208,21,0,160,50,255,0.5870586633682251
208,38,885,137,146,293,0.8750511407852173
209,6,1034,58,246,651,0.9275026917457581
209,8,521,113,136,445,0.9046558737754822
209,19,375,112,171,468,0.9140611886978149
209,31,229,149,85,247,0.8794127106666565
209,32,690,134,136,304,0.842779278755188
209,36,320,156,73,239,0.8557066917419434
209,21,0,161,49,255,0.5462956428527832
209,38,885,137,146,293,0.8790936470031738
210,6,1044,62,236,647,0.9263797998428345
210,8,522,113,135,444,0.9017431139945984
210,19,375,112,170,469,0.911751925945282
210,31,229,149,84,248,0.8758240938186646
210,32,690,134,134,300,0.829867422580719
210,36,319,156,74,238,0.8470057845115662
210,21,0,161,50,255,0.623085081577301
210,38,884,137,146,293,0.8643865585327148
211,6,1052,67,228,643,0.9236721992492676
211,8,522,113,134,444,0.9019545912742615
211,19,375,112,170,471,0.9154929518699646
211,31,227,149,86,249,0.8772146701812744
211,32,690,135,133,299,0.849032998085022
211,36,318,154,75,240,0.8505301475524902
211,21,0,158,54,290,0.5495830178260803
211,38,884,137,146,295,0.872855544090271
211,39,996,166,61,158,0.47100937366485596
212,6,1061,80,219,630,0.9028353691101074
212,8,522,113,133,445,0.9042307138442993
212,19,374,111,171,472,0.9167160391807556
212,31,226,148,86,250,0.8791608214378357
212,32,690,135,134,299,0.8557929992675781
212,36,318,154,75,240,0.8429701328277588
212,21,0,135,66,389,0.5809811353683472
212,38,884,137,146,295,0.8742622137069702
212,39,995,166,60,158,0.5669394135475159
213,6,1070,89,210,623,0.8898005485534668
213,8,523,113,131,445,0.9002249240875244
213,19,374,111,171,473,0.917617917060852
213,31,224,147,87,251,0.8754789233207703
213,32,689,137,133,297,0.8384437561035156
213,36,318,155,74,239,0.8508510589599609
213,21,0,125,72,439,0.7416386604309082
213,38,882,137,147,296,0.8653004169464111
213,39,994,165,60,158,0.6337924599647522
214,6,1081,105,199,608,0.8703924417495728
214,8,523,113,131,445,0.8929998874664307
214,19,375,110,171,474,0.9183825254440308
214,31,222,147,87,252,0.8544436097145081
214,32,688,139,133,295,0.8339657783508301
214,36,318,157,74,237,0.8212114572525024
214,21,0,121,75,462,0.7785119414329529
214,38,882,139,147,295,0.8786846399307251
214,39,995,165,60,158,0.6594330072402954
215,6,1090,118,190,595,0.8674452304840088
215,8,523,113,130,445,0.8932274580001831
215,19,377,111,171,475,0.9226865172386169
215,31,220,147,88,253,0.8535314798355103
215,32,686,138,134,298,0.8205723762512207
215,36,315,156,76,241,0.8357170820236206
215,21,0,119,76,470,0.8263150453567505
215,38,882,140,147,295,0.8820430040359497
215,39,996,166,59,158,0.6278311014175415
216,6,1097,116,183,597,0.8523057699203491
216,8,524,113,129,446,0.888473629951477
216,19,378,110,172,477,0.9227066040039062
216,31,219,148,88,252,0.8481550812721252
216,32,684,140,133,296,0.7999420762062073
216,36,314,158,75,240,0.8393813967704773
216,21,0,119,77,470,0.845795750617981
216,38,882,142,147,295,0.8842231035232544
216,39,996,166,58,157,0.5932996869087219
217,6,1104,113,176,599,0.8436228036880493
217,8,524,113,129,446,0.880355954170227
217,19,379,108,172,479,0.9139859676361084
217,31,217,148,88,252,0.8426467180252075
217,32,681,139,135,298,0.8009331822395325
217,36,312,159,76,240,0.8272440433502197
217,21,0,119,78,468,0.863764762878418
217,38,881,142,148,297,0.8730524182319641
217,39,996,167,58,157,0.6309567093849182
218,6,1108,101,172,610,0.7962607145309448
218,8,525,113,128,446,0.8766684532165527
218,19,380,107,173,480,0.9120101928710938
218,31,216,150,88,250,0.8256177306175232
218,32,678,138,137,300,0.8076297640800476
218,36,312,161,76,239,0.8339319825172424
218,21,0,119,80,467,0.8629492521286011
218,38,881,143,147,295,0.8691366314888
218,39,995,167,59,158,0.5900353193283081
219,6,1112,95,168,615,0.799572229385376
219,8,525,113,127,446,0.8740484118461609
219,19,381,106,173,480,0.9079481959342957
219,31,215,151,87,251,0.7766314148902893
219,32,676,137,138,301,0.8064442276954651
219,36,311,161,76,240,0.8236211538314819
219,21,0,120,81,464,0.8581907749176025
219,38,881,142,147,296,0.8620967864990234
219,39,995,167,59,157,0.5011593103408813
220,6,1115,85,165,625,0.6547045707702637
220,8,525,113,127,446,0.8753662705421448
220,19,382,105,173,482,0.90495365858078
220,31,213,152,88,251,0.7620198130607605
220,32,675,135,139,303,0.7709368467330933
220,36,309,161,77,240,0.8414379358291626
220,21,1,122,85,460,0.8677576780319214
220,38,878,141,146,296,0.8344018459320068
221,6,1121,106,159,604,0.6374598145484924
221,8,525,113,127,446,0.8738493919372559
221,19,382,105,173,482,0.9043048024177551
221,31,212,152,87,251,0.7834451198577881
221,32,675,133,139,305,0.8115251660346985
221,36,307,160,78,241,0.8344019055366516
221,21,5,125,85,454,0.8992050290107727
221,38,873,139,144,297,0.8301007747650146
221,41,782,160,69,222,0.48376429080963135
222,6,1121,93,159,618,0.6473823189735413
222,8,526,114,126,445,0.8830320835113525
222,19,382,105,173,482,0.9069774150848389
222,31,211,152,88,251,0.7928537726402283
222,32,672,130,141,308,0.8065202236175537
222,36,306,160,78,241,0.8170235753059387
222,21,8,128,86,448,0.9005380272865295
222,38,875,137,143,299,0.8271973729133606
222,41,782,161,69,225,0.49077701568603516
223,6,1121,84,159,627,0.6257141828536987
223,8,526,114,126,445,0.884516179561615
223,19,383,105,172,481,0.9030377864837646
223,31,211,151,87,253,0.7924432754516602
223,32,670,127,141,310,0.8175233602523804
223,36,304,159,80,243,0.8189307451248169
223,21,9,130,88,444,0.8973650336265564
223,38,875,136,141,298,0.8124797344207764
223,41,782,162,70,228,0.5284956693649292
224,6,1135,177,145,535,0.598521888256073
224,8,527,114,125,444,0.8766598105430603
224,19,385,106,171,481,0.9030503630638123
224,31,210,150,88,254,0.8068051338195801
224,32,669,124,142,312,0.8173553347587585
224,36,303,157,82,246,0.8263044953346252
224,21,9,132,89,441,0.8925948143005371
224,38,879,135,141,300,0.8303940296173096
224,41,782,163,71,229,0.5089958310127258
225,6,1140,218,140,494,0.6222975254058838
225,8,527,114,125,445,0.8703650832176208
225,19,385,105,173,483,0.894463062286377
225,31,210,149,88,254,0.8139302730560303
225,32,668,123,143,314,0.8445705771446228
225,36,301,156,83,248,0.8093907833099365
225,21,9,133,90,439,0.8988605737686157
225,38,880,133,143,302,0.8437129259109497
225,41,782,164,70,228,0.5595635771751404
225,43,1056,164,45,179,0.6139682531356812
226,6,1127,113,153,599,0.7618238925933838
226,8,528,115,125,443,0.8762165307998657
226,19,386,106,173,484,0.8890777826309204
226,31,210,148,89,255,0.8099982738494873
226,32,666,122,144,316,0.8467808961868286
226,36,300,156,83,248,0.795089066028595
226,21,8,132,93,444,0.8865183591842651
226,38,881,132,145,306,0.8505123257637024
226,41,782,165,71,229,0.5747756361961365
226,43,1056,167,39,155,0.5877940058708191
227,6,1125,79,155,632,0.7723668217658997
227,8,529,115,124,443,0.8720417022705078
227,19,387,106,173,486,0.8881050944328308
227,31,209,147,89,256,0.817452609539032
227,32,665,122,144,317,0.8565545678138733
227,36,298,158,83,246,0.8197066187858582
227,21,8,132,95,445,0.8877509236335754
227,38,877,132,146,307,0.8238258361816406
227,41,782,165,70,228,0.6522065997123718
227,43,1048,166,49,197,0.6385326385498047
228,6,1126,65,154,646,0.719494104385376
228,8,530,116,123,442,0.8697503209114075
228,19,387,106,174,487,0.8897937536239624
228,31,207,146,89,256,0.8166266083717346
228,32,663,123,145,317,0.8640673756599426
228,36,296,160,83,244,0.818261981010437
228,21,9,131,98,448,0.8868010640144348
228,38,873,131,144,306,0.8225165605545044
228,41,780,164,70,229,0.6687471866607666
228,43,1045,167,52,202,0.6827421188354492
229,6,1130,61,150,650,0.7364732027053833
229,8,530,117,124,442,0.8713542222976685
229,19,387,106,175,489,0.8904076814651489
229,31,206,146,88,256,0.8499147891998291
229,32,662,123,145,318,0.8759875893592834
229,36,295,162,82,241,0.8237461447715759
229,21,11,130,100,449,0.8955376744270325
229,38,868,132,143,306,0.8431825041770935
229,41,779,163,69,227,0.7573789358139038
229,43,1044,169,51,199,0.6723582744598389
229,39,985,172,54,152,0.5464712977409363
230,6,1131,60,149,651,0.8369145393371582
230,8,531,117,123,441,0.8754823803901672
230,19,388,106,175,489,0.8938499093055725
230,31,205,145,88,257,0.871514618396759
230,32,662,123,144,317,0.8729959726333618
230,36,293,164,82,238,0.8297280669212341
230,21,12,129,103,447,0.9030458927154541
230,38,868,133,142,309,0.8348879218101501
230,41,778,161,69,228,0.772384524345398
230,43,1042,167,52,202,0.69721919298172
230,39,986,172,53,152,0.5369844436645508
231,6,1131,60,149,649,0.8415188193321228
231,8,531,117,124,441,0.8751471042633057
231,19,388,106,175,487,0.8957705497741699
231,31,204,146,88,257,0.8796337842941284
231,32,662,123,143,317,0.8736248016357422
231,36,292,165,82,237,0.827021062374115
231,21,13,127,105,446,0.9158539175987244
231,38,870,134,142,309,0.8304473757743835
231,41,776,159,70,232,0.7732532620429993
231,43,1040,166,52,200,0.62031489610672
231,39,986,172,52,151,0.48233020305633545
232,6,1132,60,148,648,0.8381661176681519
232,8,532,117,124,440,0.8762959241867065
232,19,387,106,175,486,0.896742582321167
232,31,203,148,88,257,0.8849619030952454
232,32,661,124,143,318,0.8811275959014893
232,36,291,165,82,239,0.8501990437507629
232,21,13,126,108,445,0.917259931564331
232,38,870,134,142,311,0.8396853804588318
232,41,774,157,72,239,0.7935858368873596
232,43,1037,166,51,201,0.5124058127403259
232,39,985,171,52,151,0.47293025255203247
233,6,1138,62,142,583,0.8227137923240662
233,8,533,117,123,439,0.8847522139549255
233,19,386,107,175,485,0.8999624848365784
233,31,202,149,88,258,0.8710501194000244
233,32,660,124,143,319,0.878025472164154
233,36,289,165,84,240,0.847805917263031
233,21,13,124,110,445,0.9152530431747437
233,38,868,133,140,311,0.8360300064086914
233,41,773,156,72,242,0.7844127416610718
233,43,1036,166,51,200,0.5598232746124268
233,39,986,170,51,151,0.45495161414146423
234,6,1136,64,144,581,0.8575020432472229
234,8,534,116,123,440,0.8927490711212158
234,19,386,108,174,485,0.9014766216278076
234,31,200,150,87,257,0.8402736186981201
234,32,659,124,143,319,0.8603832721710205
234,36,288,165,84,240,0.8488190770149231
234,21,13,122,114,447,0.9099602699279785
234,38,866,133,140,311,0.8201064467430115
234,41,772,155,72,243,0.762263834476471
234,43,1033,165,50,200,0.45946937799453735
234,39,987,168,50,151,0.4613697826862335
235,6,1135,65,144,580,0.9156818389892578
235,8,534,115,124,440,0.8956112861633301
235,19,385,109,175,486,0.8996191024780273
235,31,198,150,86,256,0.8492102026939392
235,32,659,126,141,316,0.8708513379096985
235,36,287,164,84,240,0.818035900592804
235,21,14,122,116,446,0.9068996906280518
235,38,869,133,141,310,0.8226993680000305
235,41,771,155,72,242,0.7441739439964294
236,6,1133,67,146,584,0.9154258966445923
236,8,534,114,124,442,0.8930920362472534
236,19,385,109,176,489,0.8984989523887634
236,31,196,151,86,254,0.8376613259315491
236,32,659,126,140,316,0.8735861778259277
236,36,285,164,84,240,0.8119523525238037
236,21,14,122,119,446,0.8987361192703247
236,38,874,132,141,312,0.8353972434997559
236,41,771,155,71,242,0.7407903671264648
237,6,1131,68,146,587,0.923054039478302
237,8,535,113,123,442,0.8982861042022705
237,19,385,109,176,489,0.8932662606239319
237,31,196,151,84,253,0.8365998864173889
237,32,659,125,140,317,0.8788539171218872
237,36,283,163,85,241,0.7943973541259766
237,21,15,123,122,444,0.8938344120979309
237,38,875,132,143,312,0.8512898087501526
237,41,771,157,70,240,0.7473966479301453
237,45,386,134,60,126,0.4916270077228546
238,6,1129,69,147,586,0.9226509928703308
238,8,534,113,124,442,0.8921191692352295
238,19,386,109,177,490,0.8831323385238647
238,31,195,150,85,253,0.8369446992874146
238,32,659,124,139,318,0.8828772902488708
238,36,280,159,86,244,0.7806062698364258
238,21,16,124,125,442,0.8840344548225403
238,38,876,132,143,311,0.8469893336296082
238,41,771,158,70,238,0.7685695886611938
238,45,384,133,62,128,0.49932488799095154
239,6,1127,71,147,581,0.9252088665962219
239,8,534,113,123,442,0.8872024416923523
239,19,387,109,177,491,0.8837351202964783
239,31,193,149,84,254,0.8327637314796448
239,32,657,124,139,318,0.878297746181488
239,36,277,155,87,249,0.824187159538269
239,21,17,127,127,438,0.8850480914115906
239,38,874,132,145,310,0.8526474237442017
239,41,771,159,69,236,0.7590073347091675
239,45,382,132,64,133,0.5328147411346436
240,6,1125,73,148,579,0.9219501614570618
240,8,533,113,124,443,0.8769245147705078
240,19,387,108,179,492,0.8859319686889648
240,31,191,147,85,256,0.8377568125724792
240,32,654,123,140,318,0.8809922933578491
240,36,275,155,88,250,0.8467716574668884
240,21,19,128,129,436,0.8679066896438599
240,38,873,132,146,309,0.854503870010376
240,41,771,160,67,236,0.7646852135658264
240,45,380,131,66,137,0.4774104654788971
241,6,1123,74,149,576,0.9207439422607422
241,8,533,113,123,442,0.8759168386459351
241,19,388,106,179,494,0.8783956170082092
241,31,189,145,87,258,0.8486601114273071
241,32,651,122,141,319,0.8836385607719421
241,36,275,153,89,253,0.8434776663780212
241,21,19,129,132,433,0.8721310496330261
241,38,872,131,148,311,0.8484451174736023
241,41,770,160,67,236,0.7646982669830322
242,6,1121,74,150,574,0.9176608920097351
242,8,533,112,123,442,0.8770347237586975
242,19,388,104,180,495,0.874086320400238
242,31,188,143,87,259,0.8522083163261414
242,32,650,121,141,319,0.874596357345581
242,36,274,152,90,253,0.8580147624015808
242,21,22,131,133,430,0.8667080402374268
242,38,871,131,149,311,0.8587000370025635
242,41,769,159,67,237,0.7707695960998535
243,6,1118,73,152,574,0.9190558791160583
243,8,533,112,123,441,0.8790208101272583
243,19,388,102,181,496,0.8743689060211182
243,31,186,141,87,260,0.8592124581336975
243,32,648,120,143,320,0.8848071694374084
243,36,273,152,90,252,0.8550565838813782
243,21,24,132,135,429,0.8590967655181885
243,38,870,132,149,310,0.8685285449028015
243,41,769,158,66,237,0.7697798609733582
244,6,1115,72,154,575,0.9212653040885925
244,8,533,112,124,440,0.8800366520881653
244,19,388,101,182,497,0.8736739158630371
244,31,184,141,87,260,0.8624205589294434
244,32,646,119,144,322,0.8881020545959473
244,36,272,153,89,250,0.8455344438552856
244,21,26,131,138,429,0.8727795481681824
244,38,869,133,150,309,0.8457163572311401
244,41,768,157,66,239,0.7768219113349915
244,39,997,163,46,129,0.4538304805755615
245,6,1111,72,157,572,0.9265952110290527
245,8,534,113,124,439,0.8829410076141357
245,19,390,101,182,497,0.870425820350647
245,31,182,139,89,263,0.8723578453063965
245,32,645,119,145,322,0.8806614875793457
245,36,270,154,90,250,0.8447422385215759
245,21,30,130,139,429,0.8819983005523682
245,38,867,133,151,310,0.852664053440094
245,41,767,155,66,241,0.7887158989906311
245,39,996,162,48,126,0.4712217152118683
246,6,1107,71,158,568,0.9310960173606873
246,8,535,115,123,438,0.8837451338768005
246,19,391,101,183,498,0.8758431077003479
246,31,182,140,88,262,0.8878832459449768
246,32,645,119,145,322,0.8724373579025269
246,36,268,156,90,248,0.8417953252792358
246,21,35,127,141,430,0.8909923434257507
246,38,865,135,153,311,0.8684118986129761
246,41,767,154,66,243,0.8045760989189148
246,39,995,162,48,124,0.4795210063457489
246,45,346,128,121,264,0.4721001982688904
247,6,1102,70,161,565,0.9373584985733032
247,8,535,116,124,438,0.8822754621505737
247,19,393,100,183,498,0.8746107816696167
247,31,181,141,88,262,0.8708878755569458
247,32,646,120,146,321,0.868477463722229
247,36,266,157,91,248,0.8438979983329773
247,21,39,125,141,427,0.8974976539611816
247,38,863,136,154,310,0.8648108243942261
247,41,767,153,66,244,0.8088845014572144
247,45,346,129,121,274,0.4994436800479889
248,6,1097,70,165,565,0.9354530572891235
248,8,536,119,124,437,0.8801802396774292
248,19,394,100,183,499,0.8729699850082397
248,31,181,144,87,259,0.8614968657493591
248,32,650,122,145,319,0.8758469223976135
248,36,264,157,91,249,0.8578556180000305
248,21,41,123,141,426,0.890580952167511
248,38,862,137,154,309,0.8661319017410278
248,41,767,151,66,245,0.7816174030303955
248,45,348,129,117,277,0.5136239528656006
249,6,1092,69,168,567,0.9253866672515869
249,8,537,121,125,438,0.8740198016166687
249,19,395,99,182,500,0.8691800832748413
249,31,181,146,86,257,0.8398495316505432
249,32,653,122,145,320,0.8760103583335876
249,36,262,158,90,248,0.8467329740524292
249,21,45,121,142,426,0.8837671279907227
249,38,861,138,156,310,0.8654690384864807
249,41,767,150,66,246,0.7484014630317688
249,45,349,130,114,277,0.5211434960365295
250,6,1085,69,170,566,0.920380175113678
250,8,539,123,125,441,0.8696128129959106
250,19,397,102,179,492,0.8739792704582214
250,31,182,148,85,256,0.8185768127441406
250,32,656,122,145,323,0.8778914213180542
250,36,260,159,91,247,0.8255718350410461
250,21,49,119,141,425,0.893478512763977
250,38,860,138,156,309,0.8560481667518616
250,41,768,150,65,242,0.7149754166603088
250,45,351,129,111,279,0.5951071381568909
250,46,1,159,53,192,0.596646249294281
251,6,1079,68,172,568,0.9206326007843018
251,8,540,123,126,445,0.866213858127594
251,19,397,102,179,491,0.8828513622283936
251,31,182,149,84,255,0.8231812715530396
251,32,657,121,146,326,0.8802439570426941
251,36,258,156,91,250,0.8464469313621521
251,21,52,118,141,425,0.8996465802192688
251,38,855,138,155,308,0.8395832777023315
251,41,768,150,64,241,0.6222618222236633
251,45,354,130,106,277,0.6105220913887024
251,46,1,159,53,190,0.6201637983322144
252,6,1072,67,173,569,0.9101207852363586
252,8,541,122,127,449,0.8548685312271118
252,19,398,102,179,491,0.8929190039634705
252,31,182,149,83,256,0.8108134865760803
252,32,659,121,146,328,0.8741313815116882
252,36,256,154,91,252,0.8511084914207458
252,21,55,119,142,424,0.906943142414093
252,38,853,137,155,308,0.8473448157310486
252,41,768,151,65,242,0.6275217533111572
252,45,355,130,103,274,0.6339988112449646
252,46,1,159,52,189,0.6699916124343872
253,6,1067,67,172,567,0.9046872854232788
253,8,543,117,128,455,0.8484771847724915
253,19,401,101,179,493,0.8922326564788818
253,31,181,148,84,258,0.7861269116401672
253,32,660,121,145,329,0.8768448233604431
253,36,254,153,92,252,0.839565098285675
253,21,58,119,141,422,0.9051013588905334
253,38,854,136,155,309,0.8550093770027161
253,41,768,153,65,243,0.6546211242675781
253,45,357,132,100,273,0.6796424388885498
253,46,1,160,52,187,0.6509665846824646
253,39,990,161,52,134,0.4646168053150177
254,6,1061,67,172,566,0.9069722294807434
254,8,545,116,128,453,0.8330280184745789
254,19,403,100,180,498,0.8891280889511108
254,31,182,146,83,260,0.7614424824714661
254,32,660,120,144,330,0.8723745346069336
254,36,253,152,92,253,0.8172831535339355
254,21,61,120,141,420,0.9030689001083374
254,38,858,134,158,312,0.8522817492485046
254,41,769,154,65,241,0.7026069164276123
254,45,357,128,100,279,0.6762104630470276
254,46,1,160,52,187,0.6273185610771179
254,48,331,147,48,140,0.475594162940979
255,6,1058,67,173,565,0.9238829612731934
255,8,549,112,129,459,0.8193380236625671
255,19,404,99,181,501,0.8907850384712219
255,31,183,143,83,263,0.7089990973472595
255,32,660,120,143,329,0.8658895492553711
255,36,251,151,93,254,0.8347275853157043
255,21,64,121,142,419,0.8940290212631226
255,38,860,132,158,314,0.8637169599533081
255,41,769,154,65,240,0.6887221336364746
255,45,360,127,97,279,0.6567522883415222
255,46,2,162,51,185,0.5704564452171326
255,48,332,146,48,141,0.4663034975528717
255,39,991,159,54,135,0.46208733320236206
256,6,1057,66,172,565,0.9327479600906372
256,8,549,109,132,464,0.8134787082672119
256,19,407,101,179,498,0.8928879499435425
256,31,183,140,82,266,0.7303654551506042
256,32,661,119,141,329,0.8648824095726013
256,36,251,151,93,255,0.8560085296630859
256,21,69,122,142,418,0.8794464468955994
256,38,860,130,160,316,0.8743177056312561
256,41,769,154,66,242,0.727105975151062
256,45,360,123,96,281,0.6747157573699951
256,46,2,163,51,183,0.508565366268158
256,48,332,145,49,143,0.49972209334373474
256,39,991,158,55,136,0.45758453011512756
257,6,1055,67,173,564,0.9357569217681885
257,8,549,109,132,466,0.824828028678894
257,19,409,102,179,497,0.8977985978126526
257,31,182,137,82,269,0.7422735095024109
257,32,663,118,139,329,0.8591433763504028
257,36,250,151,94,256,0.8560049533843994
257,21,74,123,143,417,0.8729683756828308
257,38,859,128,161,317,0.8566174507141113
257,41,769,154,66,244,0.7103674411773682
257,45,362,121,94,283,0.6723373532295227
257,46,2,164,52,181,0.46048012375831604
257,48,332,145,49,143,0.5184631943702698
257,39,991,157,55,140,0.4750139117240906
258,6,1053,67,172,563,0.9332318305969238
258,8,551,108,132,466,0.8276939392089844
258,19,411,103,179,496,0.8995044827461243
258,31,182,136,81,271,0.7231008410453796
258,32,663,115,139,333,0.8411617279052734
258,36,249,151,94,256,0.8626182675361633
258,21,78,125,144,415,0.8639240264892578
258,38,856,126,162,319,0.863467812538147
258,41,767,154,68,244,0.6507205963134766
258,45,364,121,93,283,0.7389252781867981
258,48,333,145,48,143,0.49786245822906494
258,39,990,156,57,143,0.5293035507202148
259,6,1051,68,173,563,0.925835371017456
259,8,552,106,133,469,0.8194090723991394
259,19,412,103,179,497,0.8896293640136719
259,31,184,138,78,266,0.6750629544258118
259,32,665,114,137,333,0.8490100502967834
259,36,248,151,93,256,0.8638952970504761
259,21,82,125,145,415,0.8579346537590027
259,38,855,125,163,320,0.8617938160896301
259,41,767,154,68,243,0.66845703125
259,45,365,121,92,283,0.7681335806846619
259,39,991,156,57,144,0.5567203760147095
259,46,3,165,51,179,0.4521600008010864
260,6,1048,70,173,562,0.9118530750274658
260,8,554,106,132,463,0.8274707198143005
260,19,414,103,179,497,0.8875852227210999
260,31,184,139,75,261,0.540425181388855
260,32,666,113,137,336,0.8472897410392761
260,36,246,152,93,255,0.8608920574188232
260,21,85,126,145,414,0.8621649742126465
260,38,855,124,163,323,0.8628596663475037
260,41,767,153,68,245,0.6445611715316772
260,45,364,123,92,282,0.7998683452606201
260,39,991,156,57,147,0.5544540286064148
261,6,1046,72,172,560,0.9108148813247681
261,8,556,107,132,461,0.8450526595115662
261,19,417,102,179,499,0.8771823644638062
261,32,667,112,136,338,0.8576826453208923
261,36,245,152,93,255,0.8610116839408875
261,21,88,127,145,412,0.8503413200378418
261,38,854,125,163,325,0.8513290882110596
261,41,767,153,68,246,0.5851463079452515
261,45,363,125,92,281,0.784430205821991
261,39,991,157,57,148,0.5142049193382263
262,6,1046,72,172,560,0.909664511680603
262,8,557,107,132,462,0.8396714329719543
262,19,420,101,179,501,0.8726189136505127
262,32,668,113,134,339,0.8658485412597656
262,36,245,153,91,253,0.8716724514961243
262,21,93,130,145,408,0.8734678626060486
262,38,851,126,163,324,0.8760399222373962
262,41,766,151,69,251,0.5817212462425232
262,45,359,126,92,280,0.7794250249862671
262,39,990,158,58,149,0.5021666884422302
263,6,1045,71,172,560,0.9074620008468628
263,8,560,108,131,461,0.8619329333305359
263,19,421,100,180,505,0.8649709224700928
263,32,668,115,133,339,0.8871361613273621
263,36,243,154,92,252,0.8676058053970337
263,21,96,131,147,406,0.8943428993225098
263,38,853,126,163,326,0.858339786529541
263,41,765,151,69,253,0.6912705302238464
263,45,358,127,92,279,0.7669944763183594
263,39,991,159,56,147,0.4966108798980713
263,46,4,164,52,178,0.4782675504684448
264,6,1043,71,172,559,0.9089199900627136
264,8,562,109,131,461,0.8683149218559265
264,19,424,98,180,508,0.8662590384483337
264,32,669,116,132,340,0.8879766464233398
264,36,242,156,91,251,0.8677109479904175
264,21,99,130,147,406,0.9040325880050659
264,38,850,126,162,325,0.8764865398406982
264,41,763,150,69,255,0.6500077247619629
264,45,354,127,93,280,0.8075058460235596
264,39,991,161,56,145,0.4928559958934784
264,46,4,164,52,178,0.4573211967945099
265,6,1040,70,172,558,0.9090953469276428
265,8,564,110,131,462,0.8653996586799622
265,19,427,97,180,510,0.8732903599739075
265,32,671,118,129,339,0.8878283500671387
265,36,240,158,92,251,0.8494120836257935
265,21,103,129,147,407,0.9009336829185486
265,38,848,127,162,326,0.8825424313545227
265,41,762,150,68,255,0.6240804195404053
265,45,354,127,92,279,0.8255712389945984
265,46,3,162,55,181,0.4854159951210022
266,6,1037,69,172,557,0.8980584740638733
266,8,567,113,131,464,0.8734227418899536
266,19,431,97,179,510,0.8787499666213989
266,32,672,119,127,338,0.8821554183959961
266,36,240,160,91,250,0.8282679319381714
266,21,107,128,147,406,0.9035295844078064
266,38,849,128,162,327,0.8904491662979126
266,41,761,150,68,255,0.6455093026161194
266,45,354,126,92,280,0.821522057056427
266,46,3,163,55,179,0.49916645884513855
267,6,1032,68,172,554,0.8934152126312256
267,8,568,114,131,468,0.858362078666687
267,19,434,97,179,511,0.8722100257873535
267,32,672,120,127,339,0.8677515387535095
267,36,240,161,90,249,0.8124405741691589
267,21,109,126,147,405,0.9079158902168274
267,38,850,128,163,328,0.8952915668487549
267,41,760,151,68,254,0.5851624011993408
267,45,352,126,94,280,0.7934083342552185
267,46,3,161,55,182,0.502994179725647
268,6,1028,68,172,549,0.900428295135498
268,8,568,114,132,471,0.8137958645820618
268,19,438,97,179,511,0.8847547769546509
268,32,673,121,126,341,0.8562505841255188
268,36,240,160,90,251,0.7859536409378052
268,21,113,124,147,405,0.9051582217216492
268,38,849,128,164,329,0.8931658864021301
268,41,759,153,67,251,0.5977883338928223
268,45,350,126,95,279,0.8117103576660156
268,46,3,160,56,183,0.5357220768928528
269,6,1025,68,171,545,0.9049651622772217
269,8,578,113,116,401,0.7563292384147644
269,19,442,97,177,511,0.9013634920120239
269,32,674,121,124,341,0.8705306053161621
269,36,239,160,91,252,0.8068280220031738
269,21,116,123,147,405,0.8942270278930664
269,38,849,128,164,330,0.9006540179252625
269,41,758,155,66,250,0.5724390149116516
269,45,348,125,97,280,0.8356125950813293
269,46,3,159,57,184,0.5575037598609924
270,6,1022,68,172,544,0.9146970510482788
270,8,573,114,128,449,0.8133009672164917
270,19,444,97,177,511,0.8917426466941833
270,32,675,121,124,343,0.8807235360145569
270,36,240,159,91,253,0.7709921598434448
270,21,121,123,146,404,0.8598008155822754
270,38,849,128,165,330,0.8750248551368713
270,41,758,159,65,246,0.45961740612983704
270,45,346,124,98,281,0.8550320267677307
271,6,1020,69,172,541,0.9151840209960938
271,8,572,113,132,464,0.8428261280059814
271,19,444,96,177,512,0.8764918446540833
271,32,677,120,123,344,0.8452566862106323
271,36,244,158,89,252,0.7671368718147278
271,21,122,124,146,401,0.8967235088348389
271,38,849,126,165,332,0.8710218667984009
271,45,343,123,100,282,0.8402664661407471
272,6,1016,68,172,542,0.9179181456565857
272,8,573,113,132,470,0.8483284711837769
272,19,444,96,176,512,0.8570393919944763
272,32,677,119,122,345,0.8415645956993103
272,36,244,156,88,254,0.7649049758911133
272,21,124,124,145,400,0.8818382620811462
272,38,848,124,166,333,0.877953827381134
272,45,341,122,101,284,0.8305523991584778
273,6,1012,69,172,541,0.9124301075935364
273,8,575,112,133,474,0.8203572034835815
273,19,448,96,174,511,0.8548644781112671
273,32,678,118,122,345,0.8267990350723267
273,36,243,155,88,255,0.7664631605148315
273,21,130,124,143,399,0.8509034514427185
273,38,847,123,166,334,0.8846776485443115
273,45,339,121,102,284,0.8182563781738281
274,6,1009,69,172,541,0.9108445644378662
274,8,577,109,133,478,0.790320098400116
274,19,451,96,173,512,0.8513787984848022
274,32,679,116,121,346,0.820787250995636
274,36,245,152,87,258,0.687413215637207
274,21,135,124,143,401,0.8361480236053467
274,38,846,121,166,336,0.884497880935669
274,45,336,121,104,285,0.8094865679740906
275,6,1006,71,172,540,0.9106763601303101
275,8,579,106,133,480,0.8001022934913635
275,19,453,96,173,514,0.8632463216781616
275,32,680,114,121,347,0.7928283214569092
275,36,244,151,86,260,0.7181991934776306
275,21,138,125,142,400,0.8151763677597046
275,38,845,120,166,337,0.8943058848381042
275,45,334,122,104,284,0.8194591999053955
276,6,1003,73,172,538,0.9120742678642273
276,8,580,102,133,483,0.8057177662849426
276,19,456,95,171,515,0.8649571537971497
276,32,681,112,120,349,0.787636935710907
276,36,244,151,85,260,0.7197218537330627
276,21,144,126,140,400,0.8330186009407043
276,38,844,120,166,338,0.8913733959197998
276,45,331,122,106,286,0.8267383575439453
277,6,1000,74,173,539,0.9107048511505127
277,8,581,99,134,488,0.8210428357124329
277,19,459,95,170,515,0.8755054473876953
277,32,682,111,120,351,0.7800756096839905
277,36,244,150,84,260,0.6975461840629578
277,21,147,128,138,398,0.8411500453948975
277,38,844,120,164,338,0.8815571069717407
277,45,329,122,108,286,0.8197981119155884
278,6,998,75,174,539,0.9133995175361633
278,8,584,99,134,490,0.830457866191864
278,19,462,95,167,514,0.8608589172363281
278,32,683,111,120,352,0.7744932770729065
278,36,243,150,82,259,0.6573041081428528
278,21,152,129,136,394,0.7963180541992188
278,38,844,122,163,336,0.8655091524124146
278,45,328,123,109,285,0.8406827449798584
278,49,122,140,67,271,0.6607179045677185
279,6,997,76,173,538,0.9134712219238281
279,8,586,99,133,491,0.8337138891220093
279,19,463,95,166,513,0.8645730018615723
279,32,686,110,118,351,0.7589851021766663
279,36,243,150,81,259,0.6032622456550598
279,21,156,130,134,392,0.7925341129302979
279,38,842,124,163,336,0.8734865188598633
279,45,327,123,109,285,0.8346052169799805
279,49,120,144,67,267,0.7054532766342163
280,6,996,77,173,536,0.9185402393341064
280,8,588,100,133,490,0.8379316329956055
280,19,465,95,165,512,0.8470631837844849
280,32,690,110,116,348,0.8085237741470337
280,21,160,131,134,391,0.7814457416534424
280,38,841,126,162,335,0.8741703629493713
280,45,327,123,110,285,0.8468180894851685
280,49,120,144,67,267,0.7339895963668823
281,6,995,78,173,535,0.9190874695777893
281,8,590,102,133,488,0.8416181206703186
281,19,465,95,164,513,0.8377734422683716
281,32,694,111,114,345,0.820344090461731
281,21,164,130,134,391,0.7673877477645874
281,38,842,127,161,333,0.8562498688697815
281,45,327,122,110,286,0.8639360070228577
281,49,121,143,68,268,0.7490524649620056
282,6,995,79,172,533,0.9227984547615051
282,8,595,102,133,491,0.8405974507331848
282,19,468,96,163,514,0.8526186347007751
282,32,698,113,112,343,0.7926559448242188
282,21,167,129,133,391,0.7772029638290405
282,38,842,127,161,334,0.8688098192214966
282,45,327,122,111,286,0.8430612087249756
282,49,120,142,69,270,0.765810489654541
283,6,995,78,172,533,0.9199774265289307
283,8,598,104,134,492,0.8466385006904602
283,19,469,97,163,515,0.8586527705192566
283,32,700,115,111,342,0.7509192824363708
283,21,168,128,134,391,0.7939645051956177
283,38,842,127,162,337,0.8678947687149048
283,45,326,122,111,285,0.8538436889648438
283,49,120,141,69,271,0.7774033546447754
284,6,995,77,171,532,0.9237548112869263
284,8,601,105,135,494,0.8146141171455383
284,19,469,98,162,516,0.8642676472663879
284,32,702,116,109,340,0.7450298070907593
284,21,170,126,133,388,0.8133692145347595
284,38,843,127,161,338,0.8749567866325378
284,45,327,121,111,285,0.8454442620277405
284,49,119,140,69,271,0.7941339612007141
284,50,291,149,53,184,0.6277552247047424
284,46,4,154,60,185,0.48035866022109985
285,6,995,76,171,531,0.913408637046814
285,8,606,107,135,493,0.8250967264175415
285,19,467,97,163,517,0.8795062899589539
285,32,704,116,107,339,0.7447372078895569
285,21,173,123,132,386,0.8267574906349182
285,38,844,125,160,338,0.869140088558197
285,45,328,120,111,287,0.8394491672515869
285,49,117,141,68,270,0.793484091758728
285,50,290,148,54,187,0.6318321228027344
285,46,4,153,60,185,0.5314019918441772
286,6,996,74,171,531,0.9186555743217468
286,8,609,107,137,493,0.875784695148468
286,19,465,97,163,520,0.878394603729248
286,32,705,116,106,338,0.7177460193634033
286,21,175,122,132,385,0.8358274102210999
286,38,844,123,161,341,0.8742178678512573
286,45,330,120,110,286,0.8548141121864319
286,49,114,137,70,275,0.8119329810142517
286,50,290,147,54,188,0.6549854874610901
286,46,3,153,62,185,0.5125640630722046
287,6,997,73,168,525,0.9157915711402893
287,8,611,106,139,495,0.8817812204360962
287,19,464,98,163,521,0.8767633438110352
287,32,708,115,101,320,0.6806322336196899
287,21,175,120,133,385,0.8379223346710205
287,38,844,121,160,340,0.8728139400482178
287,45,330,119,111,287,0.855899453163147
287,49,112,134,70,278,0.8349061608314514
287,50,291,145,54,189,0.6831316351890564
287,46,3,153,62,185,0.505888819694519
288,6,998,72,167,520,0.9259681105613708
288,8,614,105,141,495,0.8861815929412842
288,19,463,97,163,523,0.8803929686546326
288,32,711,114,98,309,0.65480637550354
288,21,177,120,134,386,0.8464425802230835
288,38,844,120,161,343,0.8730428814888
288,45,330,118,110,289,0.851487934589386
288,49,110,133,72,279,0.8395252227783203
288,50,291,145,54,187,0.6808189153671265
289,6,998,71,166,517,0.9302548170089722
289,8,618,106,143,494,0.8874894380569458
289,19,463,95,164,525,0.8809470534324646
289,32,713,113,96,303,0.5774353742599487
289,21,180,121,134,383,0.8564703464508057
289,38,844,118,162,345,0.8742476105690002
289,45,329,118,110,290,0.8577247262001038
289,49,109,132,72,280,0.8444059491157532
289,50,292,145,53,187,0.6390685439109802
290,6,999,69,165,517,0.9286253452301025
290,8,623,104,145,496,0.867881715297699
290,19,464,94,165,528,0.8885462880134583
290,21,181,121,134,384,0.8684230446815491
290,38,844,116,162,348,0.8774542212486267
290,45,327,118,110,291,0.857323169708252
290,49,107,133,74,280,0.8501620292663574
290,50,291,144,55,190,0.5952557921409607
290,46,2,154,63,184,0.4636484682559967
291,6,999,69,164,517,0.9239627718925476
291,8,626,102,148,498,0.8888639211654663
291,19,464,93,167,529,0.8841515779495239
291,21,182,122,134,384,0.873970091342926
291,38,844,116,162,348,0.8798583149909973
291,45,326,118,110,292,0.869834840297699
291,49,105,133,75,281,0.865976870059967
291,50,292,144,53,187,0.595684289932251
291,46,2,154,64,184,0.4795567989349365
292,6,997,69,165,517,0.9156477451324463
292,8,628,100,151,500,0.9000362753868103
292,19,465,93,168,530,0.8828848004341125
292,21,182,123,134,383,0.882782518863678
292,38,843,116,162,348,0.8740625977516174
292,45,325,119,110,291,0.8721719980239868
292,49,103,132,77,281,0.8497022986412048
292,50,292,144,54,189,0.5268483757972717
292,46,2,155,64,183,0.4794204831123352
293,6,996,69,164,516,0.9189485311508179
293,8,629,98,153,502,0.906548023223877
293,19,465,93,171,529,0.8810544013977051
293,21,183,125,133,381,0.8800904750823975
293,38,844,118,161,348,0.8721716403961182
293,45,323,119,110,291,0.8709600567817688
293,49,102,132,77,281,0.8547216057777405
293,50,292,143,55,193,0.49880337715148926
294,6,994,70,164,514,0.9150193333625793
294,8,631,97,155,504,0.9015368819236755
294,19,464,94,173,528,0.8860968351364136
294,21,184,126,134,379,0.8781862258911133
294,38,843,119,162,349,0.8716501593589783
294,45,322,120,110,291,0.8617806434631348
294,49,100,133,78,281,0.865796685218811
295,6,994,71,163,514,0.9112869501113892
295,8,632,97,157,504,0.8964777588844299
295,19,463,94,176,529,0.8881090879440308
295,21,187,128,133,377,0.8784106969833374
295,38,843,120,161,348,0.8662094473838806
295,45,321,121,109,290,0.8388884663581848
295,49,96,134,81,281,0.8736645579338074
295,46,1,153,65,186,0.4686441123485565
296,6,994,72,163,513,0.914259135723114
296,8,635,98,157,503,0.8971459269523621
296,19,462,94,178,529,0.8972209692001343
296,21,189,130,133,375,0.8746285438537598
296,38,842,121,161,348,0.8732370138168335
296,45,319,121,109,291,0.8226439952850342
296,49,93,136,81,280,0.8724542856216431
296,46,1,153,65,185,0.4971877932548523
297,6,994,74,163,511,0.9101980328559875
297,8,636,98,159,504,0.8962759971618652
297,19,462,93,181,529,0.9027394652366638
297,21,191,131,133,375,0.8850811719894409
297,38,841,122,162,349,0.8833410739898682
297,45,318,122,109,291,0.7966898083686829
297,49,89,137,82,280,0.8775146007537842
297,46,1,152,66,186,0.4982961118221283
298,6,995,78,162,507,0.9126143455505371
298,8,638,99,160,504,0.8931694030761719
298,19,460,93,184,529,0.9055646061897278
298,21,194,132,133,374,0.8864820599555969
298,38,840,123,163,350,0.8785909414291382
298,45,317,121,108,292,0.8004139065742493
298,49,85,137,83,280,0.8788937926292419
298,46,1,152,66,186,0.46168988943099976
299,6,995,80,162,505,0.906884491443634
299,8,640,101,161,507,0.8968943357467651
299,19,459,93,187,528,0.9085034132003784
299,21,198,132,133,374,0.877236008644104
299,38,840,122,163,353,0.8857083320617676
299,45,317,121,108,292,0.7637674808502197
299,49,82,136,84,282,0.8740524053573608
300,6,996,82,160,502,0.9084926843643188
300,8,641,102,163,510,0.8932381272315979
300,19,458,93,190,530,0.9118620157241821
300,21,200,130,133,376,0.8673754930496216
300,38,840,121,164,354,0.8902097940444946
300,45,316,120,107,293,0.7865200042724609
300,49,79,135,85,283,0.8677500486373901
301,6,997,83,159,500,0.908189058303833
301,8,644,104,164,510,0.9028165936470032
301,19,458,92,193,533,0.9092837572097778
301,21,201,128,135,378,0.8584483861923218
301,38,839,119,164,355,0.8847336173057556
301,45,317,120,105,293,0.7864450216293335
301,49,74,135,87,285,0.8684957027435303
302,6,997,84,159,498,0.9057105779647827
302,8,647,103,166,513,0.9004595279693604
302,19,457,92,196,533,0.911119282245636
302,21,206,129,134,371,0.8439671397209167
302,38,837,117,165,358,0.8662989735603333
302,45,317,120,104,292,0.7797640562057495
302,49,71,133,88,286,0.8817970156669617
303,6,997,83,158,498,0.8990470767021179
303,8,650,103,167,514,0.8950168490409851
303,19,455,93,199,534,0.9089452028274536
303,21,211,125,134,374,0.8178842067718506
303,38,837,115,165,361,0.8548482656478882
303,45,317,119,103,292,0.7996121644973755
303,49,68,131,89,287,0.874833881855011
303,51,177,153,85,245,0.6271002888679504
304,6,998,81,157,499,0.8984410762786865
304,8,651,103,169,514,0.8970914483070374
304,19,454,93,200,537,0.9097113013267517
304,21,215,123,134,375,0.8157739639282227
304,38,836,114,166,363,0.8455169796943665
304,45,317,119,102,291,0.8111096024513245
304,49,65,131,91,289,0.8712746500968933
304,51,174,153,89,258,0.7044680714607239
305,6,998,79,155,498,0.8940322399139404
305,8,652,100,171,518,0.8930043578147888
305,19,453,96,201,534,0.9099199175834656
305,21,217,122,135,374,0.8595030307769775
305,38,836,114,167,365,0.8614354729652405
305,45,317,119,101,291,0.8102074861526489
305,49,63,130,92,289,0.8755711317062378
305,51,172,151,91,267,0.7638330459594727
306,6,1000,77,154,494,0.9029630422592163
306,8,652,99,173,520,0.8824912309646606
306,19,451,97,202,535,0.9062219858169556
306,21,220,122,134,373,0.8453935980796814
306,38,838,114,167,365,0.8613319396972656
306,45,317,118,101,292,0.813035249710083
306,49,61,131,93,290,0.8726381659507751
306,51,171,149,91,271,0.7860106825828552
307,6,1004,75,153,494,0.9174041748046875
307,8,654,96,175,522,0.8688582181930542
307,19,449,98,203,536,0.9070364832878113
307,21,223,123,133,371,0.8317432999610901
307,38,838,114,168,367,0.8528972864151001
307,45,316,118,100,293,0.8007464408874512
307,49,59,132,94,290,0.8723718523979187
307,51,170,148,92,272,0.7974303960800171
308,6,1006,74,154,493,0.9116467833518982
308,8,655,93,177,526,0.8514555096626282
308,19,448,99,202,538,0.9070354700088501
308,21,226,124,131,370,0.8161532282829285
308,38,839,114,168,368,0.863542377948761
308,45,317,121,98,291,0.7661112546920776
308,49,57,133,94,290,0.873328447341919
308,51,171,147,90,272,0.801396906375885
309,6,1007,73,155,493,0.9156758189201355
309,8,655,90,179,530,0.859969437122345
309,19,447,100,203,539,0.9092997908592224
309,21,229,124,130,370,0.8072482943534851
309,38,839,116,168,366,0.8638503551483154
309,45,321,128,95,285,0.7577259540557861
309,49,55,133,95,289,0.870466947555542
309,51,170,147,89,272,0.8161210417747498
310,6,1008,72,155,492,0.9107226729393005
310,8,655,88,181,532,0.8602973222732544
310,19,447,101,203,539,0.9138069748878479
310,21,232,126,129,362,0.8249852061271667
310,38,839,117,169,367,0.8652708530426025
310,45,321,131,94,284,0.7470703721046448
310,49,53,134,96,289,0.8460474610328674
310,51,169,147,89,274,0.8208225965499878
311,6,1009,73,155,489,0.9156569242477417
311,8,656,89,182,531,0.8603022694587708
311,19,447,101,204,542,0.917116105556488
311,21,235,129,128,359,0.8193258047103882
311,38,838,119,169,365,0.8836542963981628
311,45,319,124,94,291,0.7560997605323792
311,49,51,135,96,288,0.8789026141166687
311,51,168,147,89,275,0.8450092673301697
312,6,1010,75,155,486,0.9174864292144775
312,8,656,88,184,532,0.8557791113853455
312,19,447,101,204,543,0.9179965853691101
312,21,238,130,127,358,0.8435087203979492
312,38,838,120,170,365,0.8890799283981323
312,45,318,122,95,293,0.7822936177253723
312,49,49,135,96,288,0.881323516368866
312,51,167,147,89,277,0.8486906886100769
313,6,1011,76,156,486,0.9208781719207764
313,8,665,88,185,532,0.8385083079338074
313,19,447,100,204,545,0.9182212948799133
313,21,239,130,127,360,0.8540067672729492
313,38,843,121,169,366,0.8756055235862732
313,45,318,122,94,293,0.7764437198638916
313,49,46,136,97,288,0.8847646117210388
313,51,167,147,89,277,0.856484591960907
314,6,1012,78,156,484,0.9232515096664429
314,8,664,90,187,531,0.8474043011665344
314,19,447,99,204,547,0.9164173603057861
314,21,239,131,128,360,0.8753635287284851
314,38,847,123,168,364,0.8790466785430908
314,45,318,122,93,294,0.7725520133972168
314,49,42,136,97,288,0.8769934177398682
314,51,167,148,88,275,0.8414918780326843
315,6,1012,80,157,483,0.9252232909202576
315,8,677,94,186,530,0.8414924740791321
315,19,447,98,205,550,0.9172896146774292
315,21,241,132,127,358,0.8709421157836914
315,38,851,123,167,365,0.8698626160621643
315,45,317,121,93,296,0.7564979195594788
315,49,40,136,98,289,0.8658165335655212
315,51,165,149,88,274,0.8476899266242981
316,6,1013,83,156,481,0.9180635213851929
316,8,688,101,185,527,0.8426331281661987
316,19,448,97,207,552,0.911229133605957
316,21,244,131,127,358,0.8582391738891602
316,38,854,122,167,366,0.8432198166847229
316,45,318,120,92,297,0.7175734043121338
316,49,38,134,99,291,0.8760101199150085
316,51,163,150,88,273,0.8429600596427917
316,52,649,107,98,383,0.6724479794502258
317,6,1013,86,156,479,0.9220521450042725
317,8,694,105,185,527,0.8601528406143188
317,19,449,94,207,555,0.9080989956855774
317,21,245,129,128,361,0.8564965724945068
317,38,855,122,166,367,0.8429960608482361
317,45,318,118,91,298,0.6641901135444641
317,49,37,133,99,292,0.8649823069572449
317,51,162,152,88,270,0.845440685749054
317,52,652,107,96,374,0.7367701530456543
318,6,1014,89,155,476,0.9212955832481384
318,8,701,105,186,530,0.8758742213249207
318,19,451,91,208,557,0.9099355936050415
318,21,248,127,128,363,0.8545212745666504
318,38,857,121,164,367,0.8288506269454956
318,45,318,118,90,298,0.5405339598655701
318,49,35,132,100,294,0.8760579824447632
318,51,161,152,89,271,0.8345468640327454
318,52,654,108,98,378,0.8089679479598999
319,6,1014,90,154,475,0.9036067724227905
319,8,706,106,185,531,0.8925167918205261
319,19,453,91,210,558,0.9115803241729736
319,21,249,124,130,366,0.8262653946876526
319,38,861,120,163,369,0.8503807187080383
319,49,34,131,101,296,0.8698347210884094
319,51,159,153,90,272,0.8421564102172852
319,52,656,111,99,383,0.8084278702735901
320,6,1015,91,153,473,0.9072684645652771
320,8,713,108,183,529,0.8923640847206116
320,19,456,88,211,561,0.9146946668624878
320,21,253,123,129,365,0.8235424757003784
320,38,863,118,163,372,0.8544265627861023
320,49,33,131,101,296,0.8677965998649597
320,51,156,154,92,273,0.8617595434188843
320,52,658,114,98,383,0.7967275977134705
321,6,1016,92,152,469,0.8904086947441101
321,8,717,106,183,530,0.8915495872497559
321,19,459,87,212,562,0.9163482189178467
321,21,255,121,129,365,0.8342865109443665
321,38,866,117,163,375,0.8434783220291138
321,49,31,132,102,295,0.8582399487495422
321,51,154,154,93,275,0.8629130125045776
321,52,660,116,98,381,0.7951673865318298
322,6,1017,89,152,471,0.8943001627922058
322,8,720,103,184,533,0.9100848436355591
322,19,462,86,213,564,0.9139223098754883
322,21,256,119,130,366,0.8518953323364258
322,38,868,116,161,376,0.8364279866218567
322,49,30,132,101,295,0.8525704741477966
322,51,152,154,94,273,0.8750491738319397
322,52,663,112,98,385,0.8168107271194458
323,6,1019,86,152,475,0.9086350798606873
323,8,724,101,185,536,0.8964857459068298
323,19,465,87,215,566,0.906495213508606
323,21,257,117,131,367,0.8632583022117615
323,38,870,115,159,377,0.8245894908905029
323,49,27,133,101,295,0.8693901300430298
323,51,150,153,94,273,0.8822571039199829
323,52,665,111,99,387,0.8502488732337952
324,6,1022,84,152,476,0.9148143529891968
324,8,729,99,186,539,0.8697856664657593
324,19,467,88,218,570,0.9069746136665344
324,21,259,117,130,367,0.8925597667694092
324,38,872,116,157,377,0.8055028319358826
324,49,24,134,101,295,0.8886732459068298
324,51,147,152,95,273,0.883018434047699
324,52,667,108,102,393,0.8503131866455078
324,53,1094,247,186,462,0.7340694665908813
325,6,1025,83,150,466,0.9186314344406128
325,8,733,96,187,543,0.8719366788864136
325,19,468,90,220,574,0.9134758114814758
325,21,260,116,130,367,0.8948545455932617
325,38,874,117,155,379,0.8102689385414124
325,49,22,136,101,295,0.8921982049942017
325,51,145,152,95,272,0.8849769234657288
325,52,669,107,103,394,0.8436693549156189
325,53,1054,68,226,646,0.9109849333763123
326,6,1028,82,148,460,0.9099661111831665
326,8,733,92,190,547,0.8841514587402344
326,19,468,92,222,575,0.9106519818305969
326,21,262,116,129,366,0.8943035006523132
326,38,875,118,154,380,0.8160353302955627
326,49,20,139,100,293,0.8809157013893127
326,51,142,152,95,272,0.8837870359420776
326,52,669,104,104,397,0.8437472581863403
326,53,1039,0,241,716,0.9175361394882202
327,6,1029,81,147,456,0.8881030082702637
327,8,735,89,191,552,0.8813302516937256
327,19,469,94,223,575,0.9116299152374268
327,21,264,117,128,365,0.8830207586288452
327,38,877,119,151,380,0.8319793343544006
327,49,18,140,100,292,0.8627296090126038
327,51,140,151,96,274,0.8806499242782593
327,52,669,103,106,396,0.8302176594734192
327,53,1036,0,244,716,0.917998194694519
327,54,374,152,34,131,0.5248753428459167
328,6,1029,79,149,461,0.8753510117530823
328,8,738,87,192,555,0.8690962195396423
328,19,469,96,225,573,0.9119203686714172
328,21,267,119,128,363,0.8731282949447632
328,38,878,120,149,380,0.8359922766685486
328,49,16,139,100,293,0.8824888467788696
328,51,137,151,97,273,0.9035492539405823
328,52,670,102,106,395,0.8426580429077148
328,53,1038,0,242,714,0.9003311991691589
328,54,375,151,34,134,0.5163185000419617
329,6,1026,80,148,458,0.8572966456413269
329,8,740,87,193,554,0.8792241215705872
329,19,469,98,225,573,0.9088284969329834
329,21,270,121,127,360,0.8734791278839111
329,38,881,121,146,378,0.8487881422042847
329,49,12,139,101,294,0.893930196762085
329,51,135,149,97,277,0.9129090309143066
329,52,669,102,108,394,0.826624870300293
329,53,1041,0,239,713,0.9100728034973145
329,54,374,150,36,141,0.4828341603279114
330,6,1020,82,145,462,0.7873734831809998
330,8,742,87,194,557,0.8693854212760925
330,19,468,99,227,574,0.9115303754806519
330,21,272,122,127,359,0.8645442724227905
330,38,884,122,143,376,0.8420876860618591
330,49,9,138,102,295,0.8694090247154236
330,51,133,149,98,278,0.9027823209762573
330,52,668,102,109,396,0.8280810713768005
330,53,1031,0,249,711,0.894761860370636
330,54,376,150,36,144,0.4746064841747284
331,8,743,88,196,560,0.8730000853538513
331,19,467,99,228,577,0.909320592880249
331,21,277,127,125,354,0.8446648120880127
331,38,886,121,141,377,0.8467510938644409
331,49,6,136,102,298,0.8834776878356934
331,51,131,149,100,278,0.8755200505256653
331,52,668,102,110,398,0.8482958078384399
331,53,1013,0,267,711,0.8922411799430847
332,8,746,95,197,561,0.8765769004821777
332,19,465,99,230,581,0.906625509262085
332,21,283,129,122,349,0.8305948972702026
332,38,889,120,137,373,0.8629564642906189
332,49,3,135,104,300,0.8629593849182129
332,51,131,148,100,280,0.8624110221862793
332,52,667,102,112,400,0.8623685240745544
332,53,989,0,282,710,0.8773494362831116
333,8,748,98,197,560,0.876288652420044
333,19,465,98,231,584,0.9019027352333069
333,21,285,131,122,346,0.8187252283096313
333,38,892,118,134,372,0.8764412999153137
333,49,2,133,103,302,0.8577582240104675
333,51,130,149,100,278,0.8618872165679932
333,52,668,104,113,399,0.8721721172332764
333,53,959,0,282,711,0.8738349080085754
333,55,266,118,62,310,0.6935771703720093
334,8,752,101,197,559,0.8586869239807129
334,19,467,97,233,585,0.894404947757721
334,21,290,132,122,346,0.7987684011459351
334,38,894,115,134,376,0.8187691569328308
334,49,0,132,104,304,0.8681299686431885
334,51,129,149,100,280,0.8614645004272461
334,52,668,104,114,402,0.8832537531852722
334,53,938,0,284,712,0.9100021123886108
334,55,265,117,62,313,0.7278868556022644
335,8,755,100,197,561,0.8469486236572266
335,19,469,92,236,590,0.9008138179779053
335,21,295,132,122,348,0.8316664099693298
335,38,891,114,132,379,0.7804782390594482
335,49,0,132,103,305,0.8769276142120361
335,51,128,150,100,279,0.8671984076499939
335,52,670,106,114,400,0.8669264316558838
335,53,916,0,284,713,0.9085625410079956
335,55,264,117,62,314,0.7943737506866455
336,8,758,100,198,562,0.8775123357772827
336,19,472,89,239,593,0.9083056449890137
336,21,298,130,123,350,0.8774171471595764
336,38,883,113,130,386,0.7235994338989258
336,49,0,132,102,305,0.8797929286956787
336,51,127,151,99,278,0.8782063722610474
336,52,671,108,116,398,0.8771414160728455
336,53,897,0,285,712,0.8784812092781067
336,55,262,116,64,314,0.8179934620857239
337,8,762,99,197,565,0.8992257118225098
337,19,475,87,241,596,0.9173012375831604
337,21,300,129,122,350,0.8863169550895691
337,49,0,132,101,306,0.8815802335739136
337,51,126,151,100,278,0.8854914903640747
337,52,673,108,116,399,0.8691991567611694
337,53,878,0,287,713,0.834796667098999
337,55,260,115,64,313,0.8293843269348145
338,8,760,99,196,563,0.8526970148086548
338,19,477,84,244,598,0.9248211979866028
338,21,304,126,122,350,0.8686213493347168
338,49,0,132,101,306,0.8881176710128784
338,51,125,152,100,278,0.888670027256012
338,52,675,107,117,401,0.8530236482620239
338,53,858,0,286,712,0.7781312465667725
338,55,259,114,67,315,0.8647540211677551
338,6,1065,85,131,432,0.6947049498558044
339,8,766,96,174,505,0.6307752132415771
339,19,482,84,245,597,0.9315465092658997
339,21,308,128,121,344,0.8167576193809509
339,49,0,132,100,306,0.8868921995162964
339,51,124,152,100,280,0.8888595700263977
339,52,675,105,119,405,0.8301534652709961
339,53,832,0,288,712,0.8610268235206604
339,55,259,114,68,315,0.8729812502861023
339,6,1059,87,131,435,0.7542709708213806
340,19,485,85,248,597,0.9295290112495422
340,21,312,127,119,344,0.839518666267395
340,49,0,133,100,306,0.8902222514152527
340,51,123,153,100,281,0.8834323287010193
340,52,676,104,120,406,0.846723198890686
340,53,799,0,292,712,0.9016785621643066
340,55,258,113,71,316,0.884902834892273
340,6,1052,89,134,445,0.8744203448295593
341,19,490,86,251,598,0.9156708121299744
341,21,314,127,119,344,0.8652384877204895
341,49,0,134,99,306,0.8917735815048218
341,51,122,153,101,282,0.8845751881599426
341,52,677,103,121,408,0.827960193157196
341,53,775,0,295,712,0.858533501625061
341,55,256,112,74,318,0.8955055475234985
341,6,1050,89,133,448,0.889306366443634
342,19,494,88,256,599,0.9084789752960205
342,21,316,127,120,345,0.8679441213607788
342,49,0,134,99,306,0.8973948359489441
342,51,121,153,100,282,0.8920738101005554
342,52,678,101,121,409,0.8424739241600037
342,53,757,0,295,712,0.8802710175514221
342,55,252,112,77,318,0.890265703201294
342,6,1049,89,131,443,0.9027012586593628
343,19,498,89,260,602,0.9140660166740417
343,21,320,126,119,347,0.8637388944625854
343,49,0,134,98,306,0.8944516777992249
343,51,121,153,99,281,0.8914838433265686
343,52,679,99,122,410,0.8252511620521545
343,53,735,0,292,711,0.854232132434845
343,55,250,113,79,318,0.8811416625976562
343,6,1049,87,130,441,0.900912880897522
344,19,496,91,261,601,0.9070687294006348
344,21,324,128,117,343,0.8414604663848877
344,49,0,134,97,306,0.8988380432128906
344,51,119,153,100,281,0.8897702693939209
344,52,674,96,123,416,0.7392237782478333
344,53,712,0,289,711,0.8515298366546631
344,55,247,115,82,317,0.8796955347061157
344,6,1049,86,130,440,0.901147186756134
344,38,934,118,82,241,0.8292365074157715
345,19,488,93,260,603,0.9049715995788574
345,21,326,129,115,336,0.8510652184486389
345,49,0,134,97,306,0.9003304839134216
345,51,117,152,100,282,0.8919892907142639
345,52,668,98,125,434,0.5421976447105408
345,53,691,0,286,709,0.7923031449317932
345,55,245,116,85,316,0.8886995315551758
345,6,1050,85,130,440,0.8929062485694885
345,38,933,121,81,228,0.599764347076416
346,19,486,97,255,598,0.9050748944282532
346,21,327,131,114,330,0.8342018723487854
346,49,0,133,97,307,0.8946895003318787
346,51,116,151,101,283,0.89262855052948
346,53,666,0,284,712,0.8560521006584167
346,55,243,118,87,317,0.8945040702819824
346,6,1050,84,130,441,0.8934288620948792
346,38,935,123,81,225,0.5885686874389648
346,8,819,93,187,575,0.6088010668754578
347,19,485,97,248,593,0.8842757940292358
347,21,328,134,113,329,0.843734860420227
347,49,0,133,96,308,0.8888497948646545
347,51,116,151,100,283,0.8967540860176086
347,53,639,0,281,712,0.7847784757614136
347,55,243,118,89,317,0.8911140561103821
347,6,1051,83,130,442,0.9012473821640015
347,38,937,123,83,232,0.7387317419052124
347,8,829,90,181,583,0.7651222348213196
348,19,482,98,240,590,0.8876685500144958
348,21,328,136,115,331,0.846307635307312
348,49,0,132,96,309,0.8778564929962158
348,51,115,150,100,283,0.8930465579032898
348,53,608,0,281,711,0.8163270950317383
348,55,242,118,92,319,0.8895778656005859
348,6,1051,85,130,440,0.9015970826148987
348,38,939,124,83,232,0.7226537466049194
348,8,827,86,176,586,0.8129033446311951
349,19,486,97,235,592,0.7934148907661438
349,21,329,137,115,331,0.8531548976898193
349,49,0,132,95,309,0.8745121359825134
349,51,115,150,98,283,0.8859549760818481
349,53,564,1,281,709,0.7986994981765747
349,55,241,118,93,320,0.8858994245529175
349,6,1050,86,131,441,0.9000350832939148
349,38,940,122,83,233,0.6206216812133789
349,8,822,87,175,589,0.8548458814620972
350,21,331,139,115,331,0.8484723567962646
350,49,0,133,94,309,0.8708110451698303
350,51,114,150,98,283,0.8892392516136169
350,53,528,0,283,711,0.8733648061752319
350,55,240,118,96,320,0.8836550116539001
350,6,1049,88,131,440,0.906045138835907
350,38,941,120,83,231,0.48838260769844055
350,8,811,92,176,586,0.8769901394844055
351,21,333,139,115,332,0.837208092212677
351,49,0,133,94,310,0.8639163374900818
351,51,113,150,98,284,0.8909642100334167
351,53,495,0,291,713,0.8937912583351135
351,55,240,117,97,322,0.8686908483505249
351,6,1048,93,130,436,0.9086588621139526
351,38,943,119,83,230,0.530716061592102
351,8,806,94,180,589,0.8883320093154907
352,21,334,139,115,332,0.8352439403533936
352,49,0,133,93,310,0.8369232416152954
352,51,110,151,99,285,0.8918484449386597
352,53,457,0,296,713,0.8899241089820862
352,55,241,117,98,322,0.8488504886627197
352,6,1046,97,131,434,0.906690776348114
352,8,809,96,185,594,0.8646013736724854
353,21,336,139,116,332,0.8341582417488098
353,49,0,132,92,312,0.8853312134742737
353,51,108,151,99,287,0.8966111540794373
353,53,423,0,301,714,0.9153332114219666
353,55,240,116,99,322,0.8513844013214111
353,6,1045,100,131,431,0.9078308939933777
353,8,808,97,189,597,0.8615989089012146
353,52,713,106,119,416,0.6549045443534851
353,38,945,114,82,225,0.47157764434814453
354,21,337,138,114,328,0.8465274572372437
354,49,0,134,91,314,0.8776816129684448
354,51,105,151,100,288,0.8860859274864197
354,53,395,0,308,713,0.8906700015068054
354,55,238,116,100,323,0.8471152782440186
354,6,1044,103,131,428,0.9074183702468872
354,8,814,100,192,596,0.8560929298400879
354,52,715,110,120,415,0.6711211800575256
355,21,342,138,107,301,0.8468739986419678
355,49,0,135,89,315,0.8421067595481873
355,51,103,151,100,288,0.8920170664787292
355,53,370,1,313,713,0.867705225944519
355,55,235,117,101,323,0.8667864203453064
355,6,1043,104,131,425,0.9093542098999023
355,8,817,101,194,596,0.8545249104499817
355,52,675,102,160,547,0.5983518362045288
356,21,350,137,102,287,0.824174165725708
356,49,0,137,88,314,0.8775495290756226
356,51,101,151,100,289,0.8690133690834045
356,53,338,0,318,713,0.885788083076477
356,55,231,117,102,324,0.861782431602478
356,6,1041,105,132,424,0.9090610146522522
356,8,819,100,197,596,0.86463862657547
356,52,656,89,176,604,0.7688175439834595
356,57,711,111,105,183,0.5210545659065247
357,21,355,136,96,266,0.7902202010154724
357,49,0,138,86,314,0.8420021533966064
357,51,99,153,100,287,0.8585097789764404
357,53,312,2,321,711,0.928737223148346
357,55,226,117,104,325,0.8693776726722717
357,6,1040,104,131,424,0.9050500988960266
357,8,820,98,199,598,0.8780456781387329
357,52,636,83,187,627,0.8417617082595825
357,57,711,111,106,185,0.47896602749824524
358,21,351,134,90,244,0.717296302318573
358,49,0,139,82,311,0.8114147186279297
358,51,97,153,101,286,0.8517475724220276
358,53,287,2,324,711,0.9291775226593018
358,55,222,118,105,325,0.886648952960968
358,6,1038,102,131,424,0.8956369161605835
358,8,822,96,203,603,0.8941448926925659
358,52,629,79,196,639,0.8916450142860413
359,21,351,132,83,222,0.7148251533508301
359,49,0,140,79,310,0.8151297569274902
359,51,96,154,100,285,0.8498169779777527
359,53,263,1,326,711,0.9332671165466309
359,55,217,118,106,324,0.8825892806053162
359,6,1037,100,131,422,0.9114866852760315
359,8,823,92,206,608,0.8944820165634155
359,52,619,78,206,642,0.9079064726829529
360,49,0,141,76,309,0.8351246118545532
360,51,94,155,100,285,0.8493059277534485
360,53,246,2,324,709,0.9263216853141785
360,55,213,118,107,325,0.9005158543586731
360,6,1037,98,129,417,0.9073774218559265
360,8,822,88,209,612,0.8930688500404358
360,52,607,79,214,641,0.9093090891838074
361,49,0,140,74,310,0.8420425653457642
361,51,92,156,100,284,0.8704828023910522
361,53,233,3,320,709,0.9296171069145203
361,55,207,118,109,326,0.8974691033363342
361,6,1035,96,129,417,0.916256844997406
361,8,823,86,210,614,0.8920195698738098
361,52,602,81,220,638,0.9112377762794495
362,49,0,141,72,307,0.836288571357727
362,51,90,157,100,283,0.883597731590271
362,53,222,1,317,710,0.9225713014602661
362,55,202,120,111,326,0.9066058397293091
362,6,1033,94,129,417,0.9199563264846802
362,8,824,85,211,615,0.8980770111083984
362,52,598,84,223,634,0.925603449344635
363,49,0,141,70,308,0.8383541107177734
363,51,87,157,100,284,0.8771501779556274
363,53,210,2,312,709,0.9323749542236328
363,55,198,120,113,327,0.8872064352035522
363,6,1031,93,130,418,0.9246200323104858
363,8,827,84,211,616,0.8931713104248047
363,52,596,89,226,629,0.9215858578681946
364,49,0,142,68,307,0.8333058953285217
364,51,86,158,100,284,0.8729603886604309
364,53,200,1,306,710,0.8980699181556702
364,55,194,119,113,325,0.8327211737632751
364,6,1031,93,130,419,0.9203266501426697
364,8,829,84,213,619,0.8895883560180664
364,52,594,91,227,627,0.9114832282066345
364,59,502,192,40,111,0.5380980968475342
365,49,0,144,66,306,0.8144574761390686
365,51,84,158,101,286,0.8831274509429932
365,53,186,1,301,711,0.8857926726341248
365,55,187,120,111,326,0.8473416566848755
365,6,1031,93,130,418,0.9123393297195435
365,8,832,85,213,620,0.8918237090110779
365,52,593,92,227,626,0.9177641272544861
365,59,500,190,42,117,0.5465309023857117
366,49,0,147,65,305,0.7839673757553101
366,51,82,158,101,285,0.8828703761100769
366,53,169,1,298,710,0.8391581773757935
366,55,183,122,104,314,0.6840109825134277
366,6,1033,94,129,416,0.8867789506912231
366,8,833,85,214,620,0.8911062479019165
366,52,594,92,227,625,0.9214142560958862
366,59,502,194,40,111,0.5012643933296204
367,49,0,151,63,303,0.746272623538971
367,51,79,157,102,287,0.8806850910186768
367,53,139,0,297,713,0.8535475134849548
367,6,1033,95,128,417,0.8738765716552734
367,8,836,87,214,619,0.8913419246673584
367,52,596,92,227,624,0.9243282675743103
367,59,501,194,41,114,0.5070900321006775
368,49,0,162,59,294,0.7009301781654358
368,51,75,157,103,288,0.8793386220932007
368,53,115,1,295,713,0.8694818615913391
368,6,1032,98,127,415,0.8557395935058594
368,8,840,89,213,618,0.8839547634124756
368,52,600,92,226,624,0.9192221164703369
368,59,500,195,41,114,0.5131875872612
368,60,394,145,64,319,0.7880403995513916
369,49,0,155,57,302,0.655165433883667
369,51,71,157,104,290,0.8606807589530945
369,53,91,1,292,713,0.8793913125991821
369,6,1029,101,125,413,0.8600998520851135
369,8,842,91,214,619,0.8764635324478149
369,52,604,91,226,623,0.904939591884613
369,59,502,198,39,108,0.5324344038963318
369,60,387,146,65,322,0.8667545318603516
370,49,0,151,54,298,0.647555410861969
370,51,66,157,104,293,0.8830211162567139
370,53,70,1,293,713,0.8982489705085754
370,6,1027,102,124,412,0.8654190301895142
370,8,848,94,213,617,0.8690621256828308
370,52,608,90,227,625,0.9009148478507996
370,59,503,199,38,105,0.4899856448173523
370,60,379,147,67,322,0.8702150583267212
371,49,0,145,51,280,0.566111147403717
371,51,60,157,101,292,0.8367845416069031
371,53,49,1,291,713,0.872230052947998
371,6,1026,104,122,410,0.8706830739974976
371,8,851,96,214,617,0.8639315962791443
371,52,613,87,229,628,0.9030818343162537
371,59,501,201,39,107,0.4674920439720154
371,60,378,146,68,322,0.8542569875717163
372,49,0,154,45,241,0.5261509418487549
372,51,62,158,82,235,0.5219346880912781
372,53,31,1,291,714,0.8141980767250061
372,6,1026,106,121,409,0.8612160682678223
372,8,855,95,214,617,0.8655470013618469
372,52,616,82,231,632,0.9032171964645386
372,59,500,201,39,109,0.5094324946403503
372,60,378,146,71,323,0.8619903922080994
372,61,311,155,44,175,0.8214067220687866
373,49,0,169,41,212,0.5745661854743958
373,51,63,159,71,204,0.6138643026351929
373,53,12,2,291,713,0.9009196758270264
373,6,1027,108,119,407,0.8346072435379028
373,8,859,93,214,620,0.8809202313423157
373,52,618,79,234,635,0.9084583520889282
373,59,499,201,39,108,0.5554425120353699
373,60,378,145,73,321,0.859797477722168
373,61,306,154,45,176,0.8430700898170471
374,49,0,165,39,198,0.6071828007698059
374,53,0,5,285,709,0.9117277264595032
374,6,1028,110,117,405,0.8298758864402771
374,8,863,92,213,621,0.8766698241233826
374,52,618,76,239,639,0.9150795340538025
374,59,498,201,40,109,0.5616344213485718
374,60,378,143,75,321,0.8679829239845276
374,61,303,154,47,177,0.8343740105628967
375,49,0,172,38,184,0.5984598994255066
375,53,0,9,268,704,0.8297724723815918
375,6,1028,109,113,404,0.826617956161499
375,8,867,90,214,624,0.8597429394721985
375,52,619,74,243,642,0.9188836216926575
375,59,498,201,39,110,0.5497121214866638
375,60,377,142,79,321,0.8630528450012207
375,61,302,155,47,176,0.8581519722938538
375,55,183,121,107,330,0.8153160810470581
376,53,0,12,249,681,0.8496432900428772
376,6,1028,107,111,405,0.7855499982833862
376,8,874,89,214,626,0.8585209250450134
376,52,622,73,246,642,0.9305575489997864
376,59,498,202,39,109,0.5272880792617798
376,60,378,140,81,322,0.8523057699203491
376,61,301,155,48,176,0.8547950387001038
376,55,177,121,107,331,0.8556755781173706
377,53,0,9,234,697,0.8931364417076111
377,6,1027,105,108,404,0.6111404895782471
377,8,885,91,214,624,0.8678404092788696
377,52,626,75,247,639,0.9226887226104736
377,59,498,202,38,108,0.5200611352920532
377,60,378,140,83,321,0.8454872965812683
377,61,300,156,49,175,0.8655717372894287
377,55,172,120,108,332,0.8977974057197571
378,53,0,8,216,702,0.8978118300437927
378,8,892,90,216,625,0.8645608425140381
378,52,630,78,249,636,0.9109014272689819
378,59,497,201,39,109,0.5266433358192444
378,60,378,140,85,320,0.841418445110321
378,61,300,156,50,174,0.8674502968788147
378,55,168,120,108,331,0.8872057795524597
379,53,0,9,198,703,0.8983622789382935
379,8,894,89,217,627,0.8846950531005859
379,52,638,83,249,631,0.9078913331031799
379,59,497,201,39,109,0.49836960434913635
379,60,378,140,88,321,0.8425775170326233
379,61,299,157,51,173,0.8631291389465332
379,55,163,120,109,334,0.8964729905128479
380,53,0,8,180,707,0.8215858340263367
380,8,894,85,218,630,0.8855316638946533
380,52,645,89,248,625,0.9013868570327759
380,59,497,201,38,107,0.4665413796901703
380,60,377,140,90,321,0.8482406735420227
380,61,298,158,52,172,0.8654511570930481
380,55,158,121,110,334,0.9034971594810486
380,19,577,94,172,469,0.6311323046684265
381,53,0,11,153,673,0.7482810616493225
381,8,896,84,218,632,0.8732427358627319
381,52,650,91,250,623,0.8939623236656189
381,59,498,202,37,105,0.5106894373893738
381,60,376,141,93,320,0.8553920984268188
381,61,296,158,53,172,0.8542537689208984
381,55,154,121,111,334,0.8903167247772217
381,19,583,94,168,469,0.7551142573356628
382,8,899,83,218,633,0.8705148696899414
382,52,656,92,251,622,0.902114748954773
382,59,497,201,38,106,0.5488240122795105
382,60,376,143,94,318,0.8624476194381714
382,61,295,158,54,172,0.8586889505386353
382,55,150,122,112,334,0.8897659778594971
382,19,587,96,166,469,0.7573731541633606
382,62,70,156,80,297,0.8549852967262268
383,8,905,84,216,632,0.8869165778160095
383,52,663,94,253,619,0.8941928148269653
383,59,497,201,38,107,0.5629264712333679
383,60,376,144,96,317,0.8688305616378784
383,61,294,158,55,172,0.8425222039222717
383,55,149,122,112,333,0.8905425667762756
383,19,587,98,167,471,0.7814465761184692
383,62,63,156,80,298,0.9056153297424316
383,63,0,98,67,458,0.7442073225975037
384,8,912,85,216,631,0.8821995854377747
384,52,671,95,254,616,0.8953729867935181
384,59,496,201,38,107,0.5891165733337402
384,60,376,146,97,315,0.8712475299835205
384,61,294,158,56,172,0.8317473530769348
384,55,147,122,113,333,0.894821047782898
384,19,587,98,168,475,0.8292317390441895
384,62,59,156,80,298,0.9103156924247742
384,63,0,109,55,399,0.6943431496620178
385,8,920,88,215,628,0.8892965316772461
385,52,679,95,256,616,0.872180163860321
385,59,496,201,38,107,0.5650429725646973
385,60,375,147,99,314,0.863113522529602
385,61,293,157,57,173,0.829361617565155
385,55,146,122,113,334,0.8908553123474121
385,19,586,100,169,475,0.8449422717094421
385,62,56,156,81,298,0.8978118300437927
385,63,0,158,43,303,0.5229317545890808
386,8,923,91,214,625,0.9059535264968872
386,52,686,91,259,622,0.9033023118972778
386,59,494,197,40,112,0.5366003513336182
386,60,375,148,100,313,0.8661367297172546
386,61,292,157,57,172,0.7983793616294861
386,55,144,122,114,335,0.8852285146713257
386,19,586,104,169,476,0.8595689535140991
386,62,54,156,81,297,0.8718545436859131
386,63,10,166,32,200,0.5134259462356567
387,8,932,97,210,619,0.8909167051315308
387,52,693,86,263,628,0.9212722182273865
387,59,494,194,40,113,0.5014992952346802
387,60,375,148,102,312,0.8544281125068665
387,61,291,156,58,173,0.804496705532074
387,55,143,121,114,336,0.8707011342048645
387,19,583,106,171,477,0.8687555193901062
387,62,52,155,82,297,0.860136866569519
387,64,260,162,32,116,0.4961027204990387
388,8,940,98,208,619,0.888802170753479
388,52,698,84,266,630,0.9253912568092346
388,59,494,191,40,115,0.4744046926498413
388,60,373,147,104,312,0.8593295812606812
388,61,292,156,57,172,0.8080945611000061
388,55,142,120,114,337,0.8636603951454163
388,19,580,108,171,478,0.8765053153038025
388,62,51,156,82,295,0.8568480014801025
388,64,261,161,33,119,0.5162891149520874
388,65,0,163,54,192,0.5907866358757019
389,8,950,96,207,621,0.8953180313110352
389,52,703,78,271,638,0.9042708873748779
389,59,492,193,41,116,0.4846627116203308
389,60,372,146,105,312,0.8637776970863342
389,61,291,156,58,172,0.8064941763877869
389,55,141,119,114,338,0.838108241558075
389,19,577,109,173,479,0.8803744912147522
389,62,48,155,84,296,0.8509284257888794
389,64,261,161,33,119,0.5388155579566956
389,65,0,162,53,194,0.5809899568557739
389,66,920,117,85,141,0.4951426088809967
390,8,957,94,208,622,0.8967744708061218
390,52,711,76,275,639,0.9025079011917114
390,59,492,193,41,116,0.4967542290687561
390,60,372,145,106,312,0.8662278652191162
390,61,291,156,58,172,0.7942395210266113
390,55,141,120,113,338,0.8316895365715027
390,19,574,108,174,481,0.8848952651023865
390,62,47,154,85,297,0.8538351655006409
390,64,261,162,32,117,0.5325524210929871
390,65,0,162,52,195,0.5875524878501892
391,8,964,92,209,625,0.9016435146331787
391,52,716,71,279,645,0.9008971452713013
391,59,492,193,41,115,0.48846155405044556
391,60,373,143,106,311,0.8655781745910645
391,61,291,158,57,169,0.8206998705863953
391,55,141,120,112,337,0.8377538919448853
391,19,575,106,176,483,0.8950937986373901
391,62,45,153,86,299,0.8468036651611328
391,64,261,162,33,117,0.5407208800315857
391,65,0,162,52,196,0.5984736084938049
391,67,928,115,85,469,0.4941343069076538
392,8,971,89,210,628,0.906032383441925
392,52,721,68,282,648,0.9049572348594666
392,59,492,194,40,115,0.4766829311847687
392,60,372,142,108,310,0.8623015284538269
392,61,290,158,57,169,0.8105966448783875
392,55,140,119,112,337,0.8364086747169495
392,19,575,103,178,486,0.885794997215271
392,62,45,154,86,296,0.8489614725112915
392,64,261,162,33,116,0.529349148273468
392,65,0,161,51,198,0.6000181436538696
392,67,931,121,82,454,0.46915972232818604
393,8,978,87,211,628,0.9176732301712036
393,52,727,67,283,648,0.9051334261894226
393,59,491,195,40,115,0.47569796442985535
393,60,372,141,109,311,0.8687988519668579
393,61,290,158,57,167,0.798812747001648
393,55,137,118,112,338,0.8700929880142212
393,19,575,101,181,488,0.8879243731498718
393,62,44,154,87,295,0.8360868096351624
393,65,0,161,52,198,0.5879523754119873
393,67,934,128,81,446,0.4701104760169983
394,8,985,84,212,631,0.9157459139823914
394,52,731,67,284,646,0.908211886882782
394,60,372,140,109,311,0.8662130236625671
394,61,289,159,57,166,0.8102658987045288
394,55,135,118,112,338,0.879938006401062
394,19,576,99,183,490,0.8875921964645386
394,62,43,154,88,296,0.7900926470756531
394,65,0,161,51,198,0.594314694404602
394,66,930,120,84,139,0.5320066809654236
395,8,992,82,212,632,0.9045467972755432
395,52,737,69,284,644,0.8996405005455017
395,60,371,140,110,311,0.8687573671340942
395,61,288,159,57,166,0.800574541091919
395,55,133,117,112,339,0.8774893879890442
395,19,576,95,186,492,0.8971137404441833
395,62,42,154,90,297,0.7808132171630859
395,65,0,161,50,198,0.5854626297950745
395,59,491,197,40,113,0.459278404712677
395,67,940,126,80,441,0.47253501415252686
396,8,999,81,213,631,0.9016966223716736
396,52,741,71,284,643,0.9014326930046082
396,60,371,140,111,311,0.8721035718917847
396,61,288,160,56,164,0.8106915354728699
396,55,130,117,113,339,0.8833295702934265
396,19,576,92,188,495,0.9072231650352478
396,62,40,153,90,297,0.8026955127716064
396,65,0,161,50,198,0.5623608827590942
396,59,491,198,40,112,0.4826134145259857
396,67,937,121,84,449,0.48497819900512695
397,8,1006,81,213,630,0.9065091609954834
397,52,749,74,284,639,0.9217833280563354
397,60,371,141,112,311,0.8689476847648621
397,61,288,160,56,162,0.8002078533172607
397,55,127,116,112,339,0.8883320093154907
397,19,577,90,190,497,0.9077266454696655
397,62,39,152,91,297,0.8001143932342529
397,65,0,161,49,198,0.5544254779815674
397,59,491,198,39,112,0.5226448774337769
397,64,259,164,33,115,0.5070450305938721
397,66,933,118,88,143,0.5575165152549744
398,8,1012,81,214,631,0.9179555177688599
398,52,755,77,283,635,0.9282320737838745
398,60,371,141,112,310,0.8673150539398193
398,61,288,160,56,163,0.7936515212059021
398,55,123,116,113,339,0.8609314560890198
398,19,576,89,193,499,0.9054791927337646
398,62,37,152,91,296,0.8132361173629761
398,65,0,161,48,198,0.5407602190971375
398,59,491,199,39,111,0.5120199918746948
398,64,259,165,32,114,0.4930608570575714
398,66,936,117,89,143,0.6644545197486877
399,8,1016,82,215,631,0.9235082864761353
399,52,760,78,284,634,0.9304873943328857
399,60,372,142,111,308,0.8713948726654053
399,61,288,160,56,165,0.7616549134254456
399,55,120,116,113,338,0.8565443158149719
399,19,576,89,195,502,0.9082295298576355
399,62,34,151,92,297,0.8163396120071411
399,65,0,161,48,198,0.4900701940059662
399,59,491,198,39,112,0.4611876308917999
399,64,259,164,32,114,0.4809970557689667
399,66,940,115,90,144,0.6822825074195862
400,8,1021,84,217,631,0.9180209040641785
400,52,764,81,283,632,0.9191734790802002
400,60,374,144,110,304,0.8697304725646973
400,61,288,159,58,167,0.7647746205329895
400,55,116,115,114,339,0.8641999959945679
400,19,574,90,199,504,0.916311502456665
400,62,32,151,92,297,0.8316237330436707
400,65,0,161,48,198,0.4856521785259247
400,64,259,164,32,114,0.5116594433784485
400,66,943,113,91,143,0.5435187816619873
401,8,1028,85,217,630,0.9043115973472595
401,52,769,83,282,630,0.914405882358551
401,60,375,145,110,302,0.8631302118301392
401,61,288,158,58,168,0.7874404191970825
401,55,114,115,115,339,0.866993248462677
401,19,574,91,201,505,0.917011559009552
401,62,31,151,92,295,0.832274317741394
401,65,0,161,47,199,0.49772679805755615
401,64,260,164,32,114,0.46480855345726013
401,59,492,194,40,114,0.4912260174751282
402,8,1033,89,217,626,0.9276960492134094
402,52,774,84,282,629,0.9201539158821106
402,60,377,146,110,300,0.8660276532173157
402,61,288,158,58,168,0.7871038317680359
402,55,110,116,115,338,0.8752965927124023
402,19,574,94,203,501,0.9096415638923645
402,62,30,151,93,294,0.8178297877311707
402,65,0,160,47,200,0.4975723326206207
402,59,492,193,40,115,0.509511411190033
403,8,1038,92,217,623,0.9228010773658752
403,52,781,83,282,630,0.9136288166046143
403,60,379,147,110,299,0.8707736134529114
403,61,289,156,59,171,0.7866792678833008
403,55,107,117,116,337,0.876258373260498
403,19,574,96,205,502,0.9102928638458252
403,62,29,152,92,292,0.8372694253921509
403,65,0,160,47,200,0.479272723197937
403,59,492,194,40,114,0.542851984500885
404,8,1044,93,218,621,0.9224568009376526
404,52,789,83,282,631,0.9168438911437988
404,60,380,147,110,298,0.8643618226051331
404,61,290,155,59,171,0.7723686695098877
404,55,105,117,117,337,0.8781880736351013
404,19,573,99,209,505,0.9034392833709717
404,62,28,151,93,293,0.8328023552894592
404,65,0,158,47,202,0.4801776707172394
404,59,492,193,40,115,0.5548481941223145
404,66,973,116,103,168,0.6749491691589355
405,8,1052,93,218,619,0.9237014651298523
405,52,796,82,281,631,0.9222496747970581
405,60,382,147,111,298,0.8639574646949768
405,61,290,155,60,170,0.7706254720687866
405,55,103,117,117,337,0.878719687461853
405,19,573,100,212,507,0.9080142378807068
405,62,26,151,94,293,0.8572897911071777
405,65,0,158,46,202,0.45876801013946533
405,59,492,192,41,115,0.5104568004608154
405,66,978,118,100,167,0.6090180277824402
405,64,263,167,30,109,0.45267254114151
406,8,1058,90,219,623,0.9137847423553467
406,52,804,79,282,635,0.9295002818107605
406,60,384,146,113,298,0.8696225881576538
406,61,291,154,61,170,0.7834015488624573
406,55,101,115,118,338,0.859928548336029
406,19,572,100,215,509,0.9113953113555908
406,62,24,151,95,293,0.8519205451011658
406,59,493,192,40,114,0.4588845670223236
406,66,985,118,89,152,0.5360080003738403
406,64,263,168,31,109,0.4802863299846649
407,8,1062,87,218,626,0.9183115363121033
407,52,813,74,283,640,0.9403184056282043
407,60,385,145,114,300,0.8698210120201111
407,61,292,154,60,170,0.7823381423950195
407,55,99,114,119,339,0.8456979393959045
407,19,572,99,217,511,0.9153463244438171
407,62,22,152,96,292,0.8485068082809448
407,64,263,166,32,111,0.5213583707809448
408,8,1064,84,216,629,0.9119455814361572
408,52,821,69,285,645,0.9403824210166931
408,60,385,144,114,301,0.8758721947669983
408,61,292,154,61,170,0.8017275929450989
408,55,98,113,119,340,0.8589332103729248
408,19,571,97,220,513,0.9119287133216858
408,62,20,153,96,291,0.8479827046394348
408,64,264,165,31,113,0.5320272445678711
408,68,784,188,57,156,0.4658662676811218
409,8,1068,82,212,630,0.8945121765136719
409,52,829,64,287,650,0.9360087513923645
409,60,386,143,114,301,0.8795483708381653
409,61,292,154,61,170,0.7800866961479187
409,55,97,112,120,341,0.8486737012863159
409,19,570,94,222,515,0.897058367729187
409,62,18,152,98,293,0.8336526155471802
409,64,264,163,32,115,0.5197901129722595
410,8,1071,78,209,635,0.9097111821174622
410,52,836,63,288,652,0.9298666715621948
410,60,386,142,114,301,0.8708227872848511
410,61,293,153,61,170,0.7436727285385132
410,55,98,113,119,340,0.8450584411621094
410,19,568,91,224,518,0.8920139670372009
410,62,16,153,98,292,0.824124813079834
410,64,264,162,32,115,0.5458729863166809
410,68,781,188,56,154,0.5593665838241577
411,8,1075,75,205,638,0.9067133069038391
411,52,847,61,288,653,0.9328802227973938
411,60,386,140,115,303,0.8739389777183533
411,61,293,153,61,170,0.7395118474960327
411,55,97,113,118,340,0.8634306788444519
411,19,566,90,226,519,0.8944454193115234
411,62,14,154,98,291,0.833200216293335
411,64,264,162,32,114,0.563719630241394
411,68,780,188,55,154,0.5817859768867493
412,8,1078,71,202,644,0.903149425983429
412,52,855,61,288,652,0.9329089522361755
412,60,385,139,116,303,0.8705623149871826
412,61,292,154,61,169,0.7570440173149109
412,55,95,113,118,341,0.8629031777381897
412,19,566,88,228,521,0.8908161520957947
412,62,13,154,98,292,0.843737781047821
412,64,264,162,32,114,0.5135811567306519
412,68,781,188,54,152,0.5907273292541504
412,69,838,167,61,135,0.6070775389671326
412,70,333,158,35,120,0.5197322368621826
413,8,1083,70,197,647,0.9035302400588989
413,52,863,62,288,652,0.9367647171020508
413,60,385,139,117,303,0.8787999749183655
413,61,293,155,60,168,0.7568207383155823
413,55,94,113,118,341,0.8659840226173401
413,19,566,85,230,524,0.883456826210022
413,62,13,155,97,290,0.8352426290512085
413,64,264,163,31,115,0.5198131203651428
413,69,839,167,62,136,0.6202715635299683
413,70,333,158,35,119,0.5288905501365662
414,8,1089,70,191,648,0.9213839173316956
414,52,871,66,287,648,0.9210204482078552
414,60,385,139,116,303,0.8670306205749512
414,61,293,156,60,166,0.7602328658103943
414,55,93,113,118,341,0.8636226654052734
414,19,566,83,232,528,0.8789281249046326
414,62,12,156,97,290,0.8405326008796692
414,64,263,163,32,116,0.5304836630821228
414,69,838,167,69,152,0.6334185600280762
414,70,333,158,35,119,0.5019616484642029
415,8,1097,72,183,647,0.9081246256828308
415,52,884,70,287,645,0.8991021513938904
415,60,386,140,115,301,0.8735631704330444
415,61,292,157,59,166,0.6628558039665222
415,55,91,112,118,342,0.8595589995384216
415,19,566,82,235,530,0.8937848806381226
415,62,10,155,96,291,0.8263953924179077
415,64,264,162,32,118,0.5150423049926758
415,69,834,167,77,173,0.7258727550506592
415,70,334,158,35,119,0.549168050289154
416,8,1107,75,173,644,0.8866140246391296
416,52,893,73,286,642,0.9258092641830444
416,60,386,141,115,299,0.873453676700592
416,61,290,159,59,164,0.5897621512413025
416,55,90,111,117,342,0.8540827035903931
416,19,566,82,236,530,0.9029360413551331
416,62,7,155,96,291,0.825684666633606
416,64,260,162,33,118,0.46005913615226746
416,69,833,167,80,180,0.6905973553657532
416,70,336,161,33,115,0.5559730529785156
416,59,496,186,40,117,0.5090957283973694
417,8,1116,80,164,637,0.8622000217437744
417,52,903,77,284,637,0.9059810638427734
417,60,387,142,115,298,0.8577923774719238
417,61,291,160,57,161,0.661155104637146
417,55,88,110,117,343,0.856372058391571
417,19,567,82,237,531,0.9075578451156616
417,62,6,154,96,293,0.8109872341156006
417,64,258,161,33,120,0.4836510419845581
417,69,834,167,80,183,0.645534336566925
417,70,336,161,34,116,0.5649106502532959
417,71,892,105,119,178,0.6704099774360657
417,59,496,186,39,117,0.5267216563224792
418,8,1125,85,155,630,0.8561176657676697
418,52,911,80,283,634,0.8740930557250977
418,60,388,143,115,298,0.8692262768745422
418,61,289,158,59,165,0.7374635934829712
418,55,86,110,117,343,0.8609108924865723
418,19,567,84,239,534,0.9092755317687988
418,62,3,153,96,296,0.829125702381134
418,64,257,160,33,121,0.4944048225879669
418,69,833,167,80,185,0.6234371066093445
418,70,338,163,33,113,0.5279969573020935
418,71,814,104,273,413,0.7802773714065552
418,59,496,186,39,116,0.5115664005279541
419,8,1136,91,144,615,0.8255484104156494
419,52,921,82,281,632,0.8539735674858093
419,60,389,144,115,297,0.8693119287490845
419,61,288,156,60,168,0.7735469937324524
419,55,85,110,117,343,0.8622832298278809
419,19,569,87,239,531,0.9022592306137085
419,62,0,153,96,298,0.8375561237335205
419,64,258,160,34,121,0.515192985534668
419,69,835,167,77,179,0.545220136642456
419,70,341,169,32,106,0.5232951641082764
419,71,788,103,330,508,0.8456030488014221
419,59,497,186,38,116,0.4949935972690582
420,8,1145,90,135,605,0.7894518375396729
420,52,934,82,282,633,0.8839040994644165
420,60,389,145,114,296,0.865813136100769
420,61,288,155,60,169,0.788768470287323
420,55,85,111,117,344,0.8591923713684082
420,19,569,89,241,532,0.9001482129096985
420,62,0,153,94,300,0.8367264866828918
420,64,257,160,33,121,0.5206180214881897
420,70,342,170,32,105,0.5836491584777832
420,59,496,186,38,115,0.5105001330375671
420,67,904,105,112,501,0.875890851020813
421,8,1158,87,122,587,0.7774576544761658
421,52,950,80,282,634,0.9139038324356079
421,60,390,146,113,295,0.8614659905433655
421,61,288,154,60,169,0.775287389755249
421,55,84,112,117,343,0.8575931787490845
421,19,570,91,244,535,0.9012212753295898
421,62,0,153,94,299,0.8821931481361389
421,70,344,172,32,102,0.5880869626998901
421,59,496,186,38,115,0.5119956135749817
421,67,897,108,124,501,0.9005565047264099
422,8,1167,85,113,579,0.6687415838241577
422,52,967,77,283,637,0.8983967304229736
422,60,390,147,113,294,0.8658297657966614
422,61,288,153,60,170,0.7768823504447937
422,55,84,111,116,344,0.8627723455429077
422,19,569,92,247,538,0.9001060724258423
422,62,0,152,92,300,0.8816577196121216
422,70,347,173,31,101,0.5078578591346741
422,59,497,187,36,113,0.488200306892395
422,67,892,110,133,502,0.9020099639892578
422,64,260,164,32,115,0.48910027742385864
423,8,1175,81,105,588,0.6026886105537415
423,52,978,74,285,640,0.886443018913269
423,60,390,147,114,292,0.8690080046653748
423,61,287,153,60,170,0.7721709609031677
423,55,83,111,117,345,0.8628965020179749
423,19,571,93,248,540,0.9095281362533569
423,62,0,152,91,300,0.8880612850189209
423,70,350,171,31,100,0.5443123579025269
423,59,497,187,36,113,0.5040807127952576
423,67,887,112,141,502,0.8947939872741699
423,64,260,166,32,113,0.4929663836956024
424,52,991,70,285,645,0.8783980011940002
424,60,389,146,113,292,0.86007159948349
424,61,288,153,60,170,0.7866560816764832
424,55,83,107,117,349,0.8597424030303955
424,19,570,93,250,544,0.916499674320221
424,62,0,152,90,300,0.8994319438934326
424,70,351,171,30,97,0.6317352056503296
424,59,497,189,36,111,0.46976327896118164
424,67,882,113,146,502,0.9006199836730957
424,64,261,165,31,114,0.4670335352420807
425,52,1004,66,276,649,0.9137136936187744
425,60,389,145,112,292,0.8460484743118286
425,61,287,153,60,170,0.8059031367301941
425,55,82,106,117,350,0.8668648600578308
425,19,571,93,250,545,0.9152535200119019
425,62,0,153,90,300,0.8931462168693542
425,70,349,170,33,104,0.6188666820526123
425,59,498,192,35,109,0.4788624942302704
425,67,878,113,152,506,0.9133321642875671
425,64,262,165,31,115,0.46027496457099915
426,52,1012,60,268,655,0.9360302090644836
426,60,389,144,112,290,0.8451976776123047
426,61,287,153,60,169,0.7965602874755859
426,55,81,105,117,352,0.8672556281089783
426,19,571,92,251,547,0.9051282405853271
426,62,0,153,89,301,0.8954569697380066
426,70,349,169,33,107,0.5902664065361023
426,59,498,194,35,108,0.4953739047050476
426,67,875,114,157,509,0.9211476445198059
426,64,262,164,31,116,0.4971824884414673
427,52,1020,55,260,659,0.9265233278274536
427,60,389,144,112,288,0.8588943481445312
427,61,286,153,61,169,0.7792918682098389
427,55,81,106,116,351,0.8638970255851746
427,19,573,92,251,548,0.9066301584243774
427,62,0,152,89,303,0.8915657997131348
427,70,352,169,32,103,0.5145990252494812
427,59,498,195,35,108,0.4821808338165283
427,67,874,113,163,512,0.9255862832069397
427,69,841,171,60,137,0.4574350118637085
428,52,1029,53,251,660,0.9204292297363281
428,60,389,142,112,290,0.856403648853302
428,61,285,153,62,169,0.7584306597709656
428,55,81,107,115,351,0.8654767870903015
428,19,575,90,252,550,0.9026894569396973
428,62,0,152,89,303,0.89146488904953
428,70,357,171,32,98,0.4710633158683777
428,59,498,195,35,109,0.47590047121047974
428,67,876,112,169,514,0.9204853177070618
429,52,1041,52,239,655,0.8910807967185974
429,60,388,141,113,292,0.8646589517593384
429,61,284,153,62,170,0.7843554615974426
429,55,81,109,114,349,0.863097608089447
429,19,576,84,254,557,0.8957539200782776
429,62,0,151,89,305,0.8860587477684021
429,67,875,110,175,516,0.9255550503730774
429,74,337,161,31,122,0.513787031173706
430,52,1060,53,220,604,0.8883325457572937
430,60,388,140,113,293,0.8717484474182129
430,61,286,154,62,170,0.7810133099555969
430,55,81,109,113,348,0.8615601658821106
430,19,577,81,255,561,0.8998580574989319
430,62,0,151,88,305,0.8785133957862854
430,67,877,109,182,518,0.9212455749511719
430,74,336,160,32,124,0.47983160614967346
431,52,1079,55,201,550,0.8116880059242249
431,60,388,142,113,291,0.8660312294960022
431,61,288,155,62,170,0.7863582372665405
431,55,82,109,112,348,0.8573476076126099
431,19,580,79,255,562,0.9032852053642273
431,62,0,151,88,305,0.8734176754951477
431,67,879,107,189,519,0.9215397834777832
431,76,1152,339,124,374,0.4835129976272583
431,70,363,171,32,101,0.4868903160095215
432,52,1094,58,186,512,0.8449878692626953
432,60,389,143,112,291,0.8675230741500854
432,61,289,155,62,170,0.7877482771873474
432,55,82,110,112,348,0.8593901991844177
432,19,583,78,255,564,0.9034392833709717
432,62,0,150,88,305,0.8639928698539734
432,67,880,106,194,519,0.9163845777511597
432,76,1139,312,133,400,0.636277437210083
432,70,365,170,32,103,0.4852384328842163
433,52,1109,60,171,466,0.7299633026123047
433,60,389,145,112,290,0.8669917583465576
433,61,290,157,62,169,0.811952531337738
433,55,83,113,111,346,0.8609554767608643
433,19,585,78,257,566,0.8989145755767822
433,62,0,150,87,305,0.8662960529327393
433,67,879,105,200,520,0.9155056476593018
433,76,1122,253,152,460,0.6752370595932007
433,70,366,169,32,102,0.5501902103424072
433,64,264,164,30,110,0.5022604465484619
434,52,1126,63,154,414,0.7131891250610352
434,60,389,145,112,290,0.8596500754356384
434,61,291,158,62,169,0.7832937836647034
434,55,83,113,111,346,0.8624804019927979
434,19,587,79,258,568,0.8948960304260254
434,62,0,149,87,306,0.8622792959213257
434,67,878,104,206,524,0.9141135811805725
434,76,1108,223,163,491,0.799900233745575
434,70,368,169,31,102,0.5885307788848877
434,64,264,164,30,108,0.5161375403404236
435,52,1141,68,139,368,0.7644492983818054
435,60,390,147,110,287,0.8613862991333008
435,61,292,160,62,168,0.7674708366394043
435,55,84,113,109,345,0.8672775626182556
435,19,590,81,257,569,0.900334358215332
435,62,0,149,86,306,0.848271369934082
435,67,877,103,211,527,0.9174206256866455
435,76,1095,192,174,522,0.8421157598495483
435,70,370,169,30,102,0.6547298431396484
435,64,263,163,30,107,0.5336645245552063
435,69,837,172,61,141,0.48251521587371826
435,59,499,199,35,108,0.4630969166755676
436,52,1152,78,128,336,0.6192455291748047
436,60,390,149,110,285,0.8616675734519958
436,61,293,159,63,170,0.7779355049133301
436,55,84,113,109,346,0.8683278560638428
436,19,591,83,258,569,0.9003602862358093
436,62,0,149,86,306,0.8515052199363708
436,67,875,105,216,530,0.9202633500099182
436,76,1083,177,182,537,0.8524529337882996
436,70,371,170,30,101,0.6981748938560486
436,64,262,163,31,107,0.5432858467102051
436,69,836,172,62,142,0.532688558101654
437,60,390,151,110,283,0.8562496304512024
437,61,293,160,63,168,0.8051100969314575
437,55,84,113,109,347,0.863283097743988
437,19,592,86,258,567,0.9103813767433167
437,62,0,150,85,310,0.8457156419754028
437,67,874,107,220,531,0.9173003435134888
437,76,1065,111,205,603,0.903580367565155
437,70,372,170,30,100,0.637677013874054
437,64,261,163,31,106,0.5915419459342957
437,69,835,171,63,145,0.5220378041267395
438,60,391,152,109,281,0.854590892791748
438,61,294,160,62,167,0.8360752463340759
438,55,84,114,108,347,0.8621775507926941
438,19,594,89,259,569,0.9102499485015869
438,62,0,151,84,311,0.8424181342124939
438,67,874,110,223,529,0.9275830984115601
438,76,1060,126,203,588,0.9011895060539246
438,70,373,171,31,100,0.5560418963432312
438,64,261,163,32,108,0.633208692073822
438,69,834,171,67,155,0.49681782722473145
438,59,499,199,35,108,0.45414525270462036
439,60,391,153,109,280,0.8619951009750366
439,61,294,160,63,167,0.8234547972679138
439,55,84,115,107,346,0.8631481528282166
439,19,598,92,260,568,0.8850971460342407
439,62,0,152,82,312,0.8228008151054382
439,67,873,113,227,532,0.9255779385566711
439,76,1047,90,217,623,0.9154490232467651
439,70,374,170,31,103,0.5272321701049805
439,64,261,163,32,107,0.5933124423027039
439,69,835,171,66,156,0.46248242259025574
439,59,497,198,37,112,0.4747525155544281
440,60,392,153,108,280,0.8526933789253235
440,61,294,161,63,167,0.8068216443061829
440,55,83,116,107,346,0.8649336099624634
440,19,601,96,262,568,0.8999220132827759
440,62,0,153,81,313,0.8116637468338013
440,67,874,113,232,534,0.9217574000358582
440,76,1036,68,228,645,0.922620415687561
440,70,375,171,31,101,0.550818681716919
440,64,261,164,32,108,0.5293091535568237
440,69,835,171,67,159,0.46370649337768555
440,59,496,198,38,114,0.4723072350025177
441,60,392,153,109,279,0.8242261409759521
441,61,294,161,64,168,0.824502170085907
441,55,83,117,106,346,0.8672560453414917
441,19,604,98,264,571,0.9039310216903687
441,62,0,153,80,309,0.8058751821517944
441,67,874,113,235,537,0.9219573736190796
441,76,1027,64,232,648,0.9145410060882568
441,70,375,172,31,100,0.5773396492004395
441,64,260,163,34,112,0.5226348638534546
441,69,835,170,67,162,0.4786209762096405
441,74,340,166,32,121,0.5154433846473694
442,60,393,153,108,280,0.8264792561531067
442,61,294,161,64,168,0.8172125220298767
442,55,82,117,106,346,0.8758288621902466
442,19,605,97,265,574,0.8946018218994141
442,62,0,154,79,312,0.8070772290229797
442,67,872,113,237,536,0.9060318470001221
442,76,1019,65,236,647,0.9186845421791077
442,70,376,173,31,99,0.5377655625343323
442,64,260,164,35,112,0.5275474190711975
442,69,835,170,66,164,0.5758414268493652
442,74,341,166,31,121,0.46719470620155334
443,60,394,152,109,281,0.8221337199211121
443,61,294,161,63,168,0.8049362897872925
443,55,82,117,104,346,0.8815557956695557
443,19,608,94,268,580,0.8872080445289612
443,62,0,154,79,313,0.8098962306976318
443,67,875,114,234,523,0.9052972197532654
443,76,1011,71,240,641,0.9107612371444702
443,70,377,174,30,98,0.47490543127059937
443,69,836,170,65,165,0.49323156476020813
443,74,340,163,33,124,0.531294047832489
444,60,394,152,109,280,0.842574954032898
444,61,294,162,63,167,0.8004608750343323
444,55,81,117,104,346,0.8809376358985901
444,19,610,90,270,585,0.9074406027793884
444,62,0,154,78,313,0.8103689551353455
444,67,874,111,230,515,0.893779993057251
444,76,999,81,244,631,0.9214558601379395
444,74,340,163,33,124,0.5097619295120239
445,60,394,152,108,279,0.8406367301940918
445,61,294,164,62,164,0.7881637215614319
445,55,80,117,104,346,0.8758288621902466
445,19,612,85,272,590,0.8839477896690369
445,62,0,155,77,312,0.812382161617279
445,67,875,110,228,512,0.8757162094116211
445,76,986,89,250,623,0.9164233207702637
445,74,342,166,32,120,0.5233819484710693
445,77,869,127,93,334,0.6938443183898926
446,60,393,151,109,281,0.8417544364929199
446,61,293,165,62,163,0.8089329600334167
446,55,80,117,103,346,0.8734692931175232
446,19,615,81,273,594,0.9033423662185669
446,62,0,155,76,312,0.806053638458252
446,67,886,111,209,463,0.7907743453979492
446,76,972,93,259,619,0.9397710561752319
446,74,342,168,31,119,0.5085253119468689
446,77,869,127,95,338,0.7300469279289246
447,60,394,151,109,281,0.8380942940711975
447,61,292,166,62,163,0.8027299046516418
447,55,79,118,103,347,0.8738685250282288
447,19,618,79,275,597,0.9130877256393433
447,62,0,156,75,307,0.8081015348434448
447,67,896,109,181,393,0.8027075529098511
447,76,954,93,271,619,0.9535233378410339
447,74,342,169,31,118,0.48348501324653625
447,77,869,127,95,340,0.6264734268188477
448,60,393,151,109,281,0.8358676433563232
448,61,292,167,62,162,0.7656541466712952
448,55,78,119,103,346,0.8784633278846741
448,19,621,77,277,599,0.9066908955574036
448,62,0,156,75,305,0.8004149198532104
448,67,895,107,163,349,0.7436563372612
448,76,935,90,284,622,0.9347211122512817
448,74,342,170,32,116,0.49787232279777527
448,77,872,125,92,332,0.49138015508651733
448,59,495,204,37,111,0.46769607067108154
449,60,394,151,108,281,0.8196372985839844
449,61,292,167,63,164,0.7498260736465454
449,55,77,119,103,347,0.876168966293335
449,19,625,75,278,602,0.9075480103492737
449,62,0,156,75,304,0.7850664258003235
449,67,890,104,157,335,0.6027727723121643
449,76,916,86,300,625,0.9206252098083496
449,74,341,168,33,118,0.4539649784564972
449,77,884,124,67,240,0.5439575910568237
449,59,495,205,37,110,0.4629433751106262
450,60,395,151,108,281,0.8047223091125488
450,61,291,167,63,164,0.7151389122009277
450,55,76,119,103,349,0.8777539134025574
450,19,624,74,278,604,0.891372561454773
450,62,0,158,74,303,0.7729936838150024
450,67,895,101,140,296,0.6401631236076355
450,76,896,81,317,631,0.9472130537033081
450,74,342,168,33,118,0.4688100814819336
450,77,890,123,56,195,0.5313779711723328
450,59,495,204,37,108,0.4517461955547333
451,60,396,152,108,279,0.8056889176368713
451,61,290,168,62,164,0.7465387582778931
451,55,76,119,102,349,0.887215256690979
451,19,623,75,281,609,0.9041507244110107
451,62,0,157,75,304,0.7679849863052368
451,67,903,103,121,248,0.4517519772052765
451,76,879,76,332,636,0.9499190449714661
451,74,341,168,34,118,0.524324357509613
451,77,895,122,48,160,0.5097246170043945
452,60,396,152,107,280,0.8098057508468628
452,61,287,168,63,164,0.7722944021224976
452,55,74,119,103,350,0.8978479504585266
452,19,624,76,282,611,0.9035750031471252
452,62,0,158,73,303,0.7344208359718323
452,67,882,117,96,197,0.7182380557060242
452,76,860,73,349,639,0.9428720474243164
452,74,339,167,36,122,0.5213132500648499
453,60,395,153,107,279,0.8198860287666321
453,61,286,169,63,164,0.7757996320724487
453,55,73,119,102,350,0.9073621034622192
453,19,627,78,282,613,0.8936983346939087
453,62,0,159,73,302,0.741214394569397
453,67,882,122,80,163,0.789341926574707
453,76,844,72,365,639,0.9400776624679565
453,74,338,168,36,123,0.5245475172996521
454,60,395,155,105,278,0.8331166505813599
454,61,284,169,64,164,0.7935171723365784
454,55,72,119,102,350,0.907780110836029
454,19,632,82,276,598,0.8207528591156006
454,62,0,159,72,302,0.7564136981964111
454,67,882,124,73,146,0.7329829931259155
454,76,830,72,379,639,0.9416505098342896
454,74,341,169,35,116,0.4559624195098877
454,59,491,197,40,119,0.471957802772522
455,60,394,157,105,276,0.8239951133728027
455,61,284,169,63,162,0.7997322082519531
455,55,71,120,102,349,0.9094818830490112
455,19,642,85,260,562,0.7234944701194763
455,62,0,159,72,303,0.7734984755516052
455,67,885,127,62,119,0.75248122215271
455,76,818,74,392,637,0.9410075545310974
455,74,343,170,34,111,0.45811039209365845
455,59,491,198,40,119,0.4867934584617615
456,60,394,157,103,276,0.824640154838562
456,61,284,169,63,160,0.7860670685768127
456,55,70,120,102,350,0.9064404964447021
456,19,652,88,234,498,0.7295264601707458
456,62,0,160,71,302,0.7586314082145691
456,67,882,128,57,105,0.6853165030479431
456,76,803,75,403,636,0.9476982355117798
456,74,338,169,36,118,0.4563397169113159
456,59,490,198,41,119,0.4687507748603821
457,60,394,158,103,275,0.8207005262374878
457,61,285,169,63,159,0.7885912656784058
457,55,70,120,102,349,0.901700496673584
457,19,662,91,219,456,0.7955973148345947
457,62,0,160,71,303,0.7585316896438599
457,67,878,129,52,93,0.5431107878684998
457,76,790,80,410,632,0.9389514327049255
457,59,490,193,41,124,0.47146138548851013
458,60,394,158,103,275,0.8144533634185791
458,61,285,168,64,159,0.7850399017333984
458,55,69,120,102,349,0.9039196968078613
458,19,670,91,208,422,0.7864047884941101
458,62,0,160,71,303,0.7455945014953613
458,76,777,86,414,626,0.9389215707778931
459,60,393,157,102,275,0.8077370524406433
459,61,285,168,63,159,0.7813161611557007
459,55,68,120,103,350,0.9035983681678772
459,19,675,89,205,407,0.8215365409851074
459,62,0,160,71,303,0.7471339702606201
459,76,765,93,417,619,0.9389860033988953
459,79,635,162,126,232,0.5238194465637207
459,74,335,169,36,121,0.5498121976852417
459,59,490,195,41,121,0.4664297103881836
460,60,391,156,103,275,0.8156588673591614
460,61,286,168,63,158,0.7590769529342651
460,55,68,121,102,349,0.905206561088562
460,19,677,85,206,406,0.8185533285140991
460,62,0,160,71,304,0.7446911931037903
460,76,753,99,420,613,0.9432045221328735
460,79,631,163,129,239,0.5821444392204285
460,74,334,170,36,121,0.5623612999916077
460,59,490,194,41,122,0.4872297942638397
461,60,390,156,102,274,0.8048535585403442
461,61,286,168,63,158,0.7776994109153748
461,55,68,122,102,348,0.9029055237770081
461,19,680,83,200,392,0.8325994610786438
461,62,0,161,69,302,0.7504259943962097
461,76,740,103,422,609,0.9384874105453491
461,79,629,164,131,243,0.48746001720428467
461,74,334,169,35,122,0.5341880917549133
461,59,490,192,41,124,0.5044470429420471
462,60,388,155,103,274,0.8097456097602844
462,61,287,167,63,160,0.7875251770019531
462,55,67,122,103,348,0.9028602242469788
462,19,682,81,197,385,0.863023042678833
462,62,0,161,68,302,0.748528003692627
462,76,724,107,425,606,0.9343104362487793
462,79,627,164,132,247,0.69162517786026
462,74,341,170,36,122,0.5269542336463928
462,59,489,192,41,125,0.5361616015434265
462,80,991,100,178,280,0.525394856929779
463,60,387,155,103,274,0.809224545955658
463,61,287,167,63,161,0.7964672446250916
463,55,67,122,103,348,0.9026153087615967
463,19,681,78,196,383,0.8418154716491699
463,62,0,161,69,303,0.7500251531600952
463,76,708,109,429,604,0.9317958950996399
463,79,627,164,131,246,0.7428029179573059
463,74,345,173,36,120,0.5429161190986633
463,59,490,196,40,121,0.5351709723472595
463,80,987,98,190,299,0.7870935201644897
463,82,1216,493,59,220,0.6536533236503601
464,60,386,154,104,275,0.8263710141181946
464,61,287,168,63,161,0.7781766653060913
464,55,67,123,103,347,0.9043333530426025
464,19,682,75,194,377,0.829219400882721
464,62,0,161,70,303,0.7405601143836975
464,76,693,112,433,600,0.9300556182861328
464,79,627,163,131,248,0.7968529462814331
464,74,339,172,36,120,0.45338210463523865
464,59,490,196,40,122,0.5758048892021179
464,80,984,97,199,314,0.7506290674209595
464,82,1207,479,64,235,0.7311918139457703
465,60,385,154,104,275,0.8330077528953552
465,61,288,169,63,161,0.7592318058013916
465,55,67,123,103,348,0.9050573110580444
465,19,691,73,187,364,0.7915424704551697
465,62,0,161,70,303,0.7509742975234985
465,76,677,109,438,603,0.9270089864730835
465,79,628,163,133,253,0.6659058928489685
465,74,337,172,35,119,0.45363369584083557
465,59,488,195,41,123,0.5430654883384705
465,80,983,97,205,326,0.6323744058609009
465,82,1195,450,72,264,0.7826892137527466
466,60,385,154,104,276,0.8248484134674072
466,61,290,170,61,158,0.7733697891235352
466,55,67,123,103,348,0.9077399969100952
466,19,702,72,177,342,0.7870491147041321
466,62,0,161,70,304,0.7451105713844299
466,76,659,105,444,607,0.9276050329208374
466,79,624,160,145,279,0.7289056777954102
466,74,337,171,35,122,0.4574042856693268
466,59,487,193,42,125,0.5195911526679993
466,80,970,97,227,363,0.8072372078895569
466,82,1176,367,95,348,0.768151044845581
467,60,385,154,104,276,0.8244043588638306
467,61,290,171,62,157,0.7856768369674683
467,55,67,123,103,348,0.9101048111915588
467,62,0,161,70,304,0.7545207738876343
467,76,641,100,452,612,0.9458038806915283
467,79,624,155,150,294,0.7414742112159729
467,59,488,195,41,123,0.5412362217903137
467,80,960,97,246,396,0.8749093413352966
467,82,1163,323,108,392,0.8639988303184509
468,60,385,155,104,275,0.8269330263137817
468,61,291,170,62,158,0.7877941131591797
468,55,67,123,103,348,0.9103050827980042
468,62,0,162,70,303,0.7673011422157288
468,76,622,94,461,618,0.9361914992332458
468,79,627,152,148,292,0.7841296195983887
468,59,488,197,40,121,0.5313169956207275
468,80,923,100,318,523,0.8143865466117859
468,82,1152,300,116,415,0.869484543800354
469,60,386,156,103,273,0.821412205696106
469,61,292,171,61,157,0.8046970367431641
469,55,67,124,103,348,0.9084855914115906
469,62,0,162,70,304,0.7620031833648682
469,76,607,90,468,622,0.9135069251060486
469,79,632,148,142,282,0.7978878021240234
469,59,489,203,39,115,0.533505916595459
469,80,913,102,341,576,0.8768513202667236
469,82,1141,287,123,428,0.8546367883682251
470,60,386,157,103,272,0.8266875743865967
470,61,292,171,62,158,0.8077041506767273
470,55,67,124,103,348,0.9089258909225464
470,62,0,161,71,305,0.7548478245735168
470,76,592,83,475,629,0.9195794463157654
470,79,637,147,135,270,0.8323448896408081
470,59,490,207,38,111,0.5300834774971008
470,80,913,104,343,593,0.876110315322876
470,82,1132,282,126,431,0.8792931437492371
470,84,368,173,32,107,0.49904492497444153
471,60,387,158,102,270,0.8269855976104736
471,61,292,169,63,159,0.8409739136695862
471,55,66,124,104,348,0.9080444574356079
471,62,1,161,71,304,0.7680327892303467
471,76,578,79,478,632,0.9199023842811584
471,79,640,145,131,263,0.8711063861846924
471,80,923,105,326,576,0.8858926892280579
471,82,1120,282,132,432,0.8959057927131653
471,84,369,172,32,108,0.517697274684906
472,60,387,160,102,267,0.8161787986755371
472,61,293,169,62,159,0.8220438361167908
472,55,67,124,103,347,0.9117059111595154
472,62,0,160,72,305,0.7689575552940369
472,76,572,85,474,626,0.916217029094696
472,79,642,148,127,257,0.8228381872177124
472,80,925,105,316,574,0.8668081760406494
472,82,1112,285,137,430,0.908361554145813
472,74,344,170,37,127,0.4592665731906891
472,59,490,207,38,111,0.45997416973114014
473,60,387,161,102,265,0.810217022895813
473,61,293,169,63,159,0.8388509154319763
473,55,67,124,104,347,0.9110159873962402
473,62,0,160,72,305,0.7655074000358582
473,76,568,94,469,618,0.9361934661865234
473,79,644,153,124,249,0.766838550567627
473,80,923,106,319,595,0.8690842390060425
473,82,1103,291,141,422,0.902288019657135
473,74,346,171,37,126,0.5551168322563171
474,60,388,161,102,265,0.8123831152915955
474,61,293,168,63,160,0.8398869633674622
474,55,67,123,104,348,0.9121677279472351
474,62,0,159,72,306,0.7798435091972351
474,76,561,99,465,613,0.9435464143753052
474,79,648,156,119,238,0.7209875583648682
474,80,929,107,312,600,0.8694235682487488
474,82,1092,298,147,416,0.8909962177276611
474,74,346,171,37,126,0.5414147973060608
474,85,861,86,141,238,0.6016279458999634
475,60,389,163,103,263,0.8159242868423462
475,61,294,167,63,161,0.8397122025489807
475,55,67,123,104,348,0.9116040468215942
475,62,0,159,71,306,0.7806551456451416
475,76,554,103,461,609,0.9251896739006042
475,79,649,160,112,223,0.6674610376358032
475,80,941,106,300,592,0.862148642539978
475,82,1079,300,155,416,0.8992581963539124
475,74,346,171,37,126,0.5748790502548218
475,85,852,87,171,289,0.5618399977684021
476,60,391,162,103,265,0.8072012662887573
476,61,294,167,63,160,0.8388893008232117
476,55,67,123,104,348,0.9143800139427185
476,62,0,159,71,306,0.7858149409294128
476,76,546,108,457,604,0.9224000573158264
476,79,654,163,95,186,0.7014472484588623
476,80,973,104,248,494,0.8461818695068359
476,82,1065,302,164,414,0.9072167873382568
476,74,347,171,36,126,0.5666391253471375
476,85,833,88,223,379,0.6852044463157654
477,60,391,162,104,265,0.8188490271568298
477,61,295,167,62,159,0.8354665637016296
477,55,67,123,105,348,0.9182121157646179
477,62,0,159,71,306,0.7820110321044922
477,76,539,113,454,599,0.9238836765289307
477,80,1007,102,218,429,0.8201858997344971
477,82,1055,303,174,412,0.9107344150543213
477,74,347,172,37,125,0.5494034290313721
477,85,822,87,245,421,0.7050812244415283
478,60,392,161,103,265,0.8317407369613647
478,61,296,167,62,158,0.8309602737426758
478,55,67,123,105,347,0.9194795489311218
478,62,0,159,71,305,0.7649630308151245
478,76,534,120,448,592,0.9250771403312683
478,80,1028,100,200,385,0.8424886465072632
478,82,1041,303,185,412,0.8952699899673462
478,74,348,172,36,125,0.5646313428878784
478,85,815,85,253,440,0.6643720269203186
479,60,393,160,104,265,0.8211262822151184
479,61,297,166,61,159,0.8097910284996033
479,55,67,123,105,347,0.919991135597229
479,62,0,159,71,305,0.7747107744216919
479,76,522,123,445,589,0.9462994933128357
479,80,1042,98,187,351,0.8523566722869873
479,82,1029,301,197,413,0.8920824527740479
479,74,350,171,35,125,0.5194157361984253
479,85,788,82,318,565,0.7163177728652954
480,60,395,159,103,266,0.8214667439460754
480,61,298,166,61,159,0.8008968234062195
480,55,67,123,105,347,0.9214560389518738
480,62,0,159,71,305,0.7998006939888
480,76,508,122,445,590,0.9362084269523621
480,80,1049,95,186,342,0.8111997246742249
480,82,1019,296,208,419,0.9099951386451721
480,74,352,172,36,125,0.49584460258483887
480,85,787,79,318,575,0.7024233937263489
481,60,395,159,104,265,0.826796293258667
481,61,299,168,61,159,0.7989674210548401
481,55,67,123,106,348,0.9216735363006592
481,62,0,160,71,304,0.8087641000747681
481,76,493,118,448,594,0.9258411526679993
481,80,1053,92,186,340,0.7957627177238464
481,82,1005,291,222,424,0.9261473417282104
481,74,353,172,36,126,0.49470362067222595
481,85,793,73,305,562,0.7348964810371399
482,60,396,158,103,265,0.849818766117096
482,61,299,169,61,158,0.8045898079872131
482,55,67,123,106,347,0.9225894808769226
482,62,0,160,71,304,0.8019828796386719
482,76,481,115,450,597,0.9234071373939514
482,80,1051,91,191,346,0.7706697583198547
482,82,991,288,234,426,0.922240138053894
482,74,353,172,36,127,0.5307216644287109
482,85,808,67,285,533,0.8391100168228149
483,60,396,158,103,265,0.8490723967552185
483,61,300,169,60,158,0.7929904460906982
483,55,68,123,105,347,0.919373631477356
483,62,0,159,71,305,0.7947325110435486
483,76,461,112,455,600,0.9205935597419739
483,80,1050,90,192,350,0.7718338370323181
483,82,980,284,246,430,0.9077645540237427
483,74,353,172,35,126,0.5400750637054443
483,85,814,63,285,543,0.808735191822052
483,86,805,178,54,90,0.5729894638061523
484,60,396,157,103,265,0.832330584526062
484,61,300,168,59,156,0.7960066795349121
484,55,68,123,106,347,0.9156060814857483
484,62,0,159,71,304,0.7775681614875793
484,76,444,109,459,603,0.9281384348869324
484,80,1049,90,196,360,0.7384642958641052
484,82,966,285,256,428,0.9120585322380066
484,74,352,173,34,123,0.5523409247398376
484,85,827,62,271,521,0.834908664226532
484,87,1196,124,79,589,0.5580172538757324
485,60,396,157,104,265,0.8237258195877075
485,61,300,168,60,157,0.8034850358963013
485,55,68,123,106,347,0.911098301410675
485,62,1,160,70,303,0.7786723971366882
485,76,435,106,461,605,0.9455170035362244
485,80,1044,91,201,376,0.7520989179611206
485,82,952,290,261,423,0.8931254744529724
485,74,351,174,34,121,0.5249897241592407
485,85,843,61,250,480,0.8289634585380554
485,87,1187,104,82,609,0.7322490215301514
486,60,396,158,104,264,0.8291022777557373
486,61,300,168,60,157,0.8045755624771118
486,55,68,123,106,347,0.9076747298240662
486,62,1,161,71,302,0.7936928272247314
486,76,429,104,461,607,0.9429375529289246
486,80,1041,95,197,377,0.6856780052185059
486,82,940,295,266,419,0.9061487913131714
486,74,351,174,34,122,0.5521446466445923
486,85,852,59,241,459,0.8323528170585632
486,87,1173,33,93,681,0.8056430220603943
486,88,849,134,74,165,0.6887737512588501
486,86,788,178,83,140,0.5094065070152283
487,60,396,159,103,263,0.8275430202484131
487,61,301,168,60,158,0.8021706342697144
487,55,68,123,107,347,0.90656578540802
487,62,1,162,71,301,0.7917851805686951
487,76,427,102,461,609,0.9404476881027222
487,80,1041,98,185,366,0.5821470022201538
487,82,926,298,270,416,0.9098098874092102
487,74,352,172,35,125,0.5220117568969727
487,85,861,60,241,452,0.8439818024635315
487,87,1161,1,100,714,0.8622047305107117
487,88,845,134,84,184,0.5882670283317566
487,86,784,178,92,159,0.560945451259613
488,60,397,159,102,262,0.815183162689209
488,61,301,168,60,158,0.8050037622451782
488,55,69,123,107,347,0.9060989618301392
488,62,2,162,70,301,0.7916028499603271
488,76,429,103,456,608,0.9351584911346436
488,80,1039,100,173,350,0.4609534442424774
488,82,912,301,273,413,0.9070282578468323
488,74,354,171,35,125,0.5355628132820129
488,85,874,65,232,425,0.7876225113868713
488,87,1152,0,103,715,0.8806611895561218
488,88,845,133,89,197,0.5352813601493835
488,86,780,179,100,177,0.5097854733467102
489,60,397,160,103,262,0.8278189301490784
489,61,301,167,60,158,0.8203809261322021
489,55,69,123,107,347,0.89821857213974
489,62,3,162,70,301,0.7908126711845398
489,76,428,104,452,607,0.9295729994773865
489,82,896,301,276,412,0.909615695476532
489,74,355,171,35,125,0.5566316843032837
489,85,877,68,223,400,0.7564086318016052
489,87,1140,0,108,714,0.9056804776191711
489,88,838,133,108,242,0.69568932056427
489,86,778,179,102,187,0.4940547049045563
490,60,397,161,102,262,0.8251267075538635
490,61,302,166,59,158,0.8293150663375854
490,55,70,122,107,348,0.8939986824989319
490,62,3,162,71,301,0.7910133600234985
490,76,425,106,446,606,0.9329599738121033
490,82,880,301,279,412,0.9049768447875977
490,74,355,170,35,125,0.5697952508926392
490,85,884,71,213,373,0.6902781128883362
490,87,1130,0,113,714,0.9095631241798401
490,88,840,134,111,249,0.7367861270904541
490,86,739,164,119,218,0.6223664879798889
491,60,398,162,102,260,0.8216065764427185
491,61,302,165,60,159,0.8249668478965759
491,55,70,122,107,348,0.8920215368270874
491,62,3,162,71,301,0.7850910425186157
491,76,423,106,442,606,0.9253167510032654
491,82,863,298,283,416,0.8883445858955383
491,74,356,171,34,124,0.5579110383987427
491,85,884,73,207,361,0.7590526342391968
491,87,1119,0,118,714,0.9136089086532593
491,88,839,135,116,263,0.7562419176101685
491,86,723,159,128,238,0.5930139422416687
492,60,399,162,102,259,0.8100065588951111
492,61,302,164,59,158,0.8177526593208313
492,55,70,122,107,347,0.8905965089797974
492,62,3,162,72,304,0.762870728969574
492,76,420,106,436,606,0.9402824640274048
492,82,849,295,285,418,0.8818726539611816
492,74,356,170,35,125,0.5650480389595032
492,85,894,75,200,347,0.816154420375824
492,87,1111,0,124,713,0.920684814453125
492,88,836,136,124,285,0.7945433855056763
492,86,714,158,133,247,0.5464842915534973
493,60,400,162,99,257,0.8264104127883911
493,61,303,166,59,157,0.8320070505142212
493,55,70,122,107,347,0.8924957513809204
493,62,3,162,72,306,0.7608058452606201
493,76,418,111,428,601,0.9395728707313538
493,82,835,290,288,423,0.9112013578414917
493,74,356,170,36,125,0.5698863863945007
493,85,908,75,189,329,0.834583580493927
493,87,1099,0,132,712,0.9229103326797485
493,88,834,137,128,297,0.8182985186576843
493,86,708,157,137,256,0.5127531290054321
494,60,400,161,98,254,0.8216990232467651
494,61,304,167,58,156,0.8308629989624023
494,55,71,121,107,348,0.8918259143829346
494,62,3,161,73,309,0.7520689368247986
494,76,416,114,421,598,0.9248580932617188
494,82,823,283,292,431,0.9117289185523987
494,74,356,170,36,125,0.5344300866127014
494,85,926,76,177,309,0.732192873954773
494,87,1083,0,142,712,0.9078622460365295
494,88,837,139,124,292,0.8483872413635254
495,60,401,159,96,251,0.8214682340621948
495,61,305,167,57,155,0.8299859166145325
495,55,71,121,107,348,0.889310896396637
495,62,5,161,73,309,0.727243185043335
495,76,413,120,413,593,0.9329899549484253
495,82,814,278,294,436,0.914099931716919
495,74,356,170,36,125,0.5017436742782593
495,85,939,75,172,303,0.777276873588562
495,87,1072,0,151,712,0.9045539498329163
495,88,841,140,119,284,0.8542118668556213
495,86,696,156,151,284,0.5462907552719116
496,60,398,157,96,250,0.8192691802978516
496,61,306,167,57,155,0.8237795233726501
496,55,71,121,107,348,0.8906726241111755
496,62,10,159,72,309,0.6967657804489136
496,76,410,122,406,591,0.9357320666313171
496,82,805,276,293,437,0.9102093577384949
496,74,356,170,35,125,0.5262815952301025
496,85,948,72,167,297,0.7835761308670044
496,87,1063,0,160,712,0.905965268611908
496,88,844,141,115,275,0.8355241417884827
496,90,1,159,39,313,0.5925418734550476
496,86,689,155,168,321,0.6836724281311035
497,60,397,156,96,250,0.7880771160125732
497,61,307,167,57,154,0.8312259316444397
497,55,72,120,107,349,0.8886052966117859
497,62,8,159,72,309,0.698338508605957
497,76,405,123,402,589,0.9373838901519775
497,82,796,275,291,437,0.9059824347496033
497,74,355,170,36,126,0.5179033279418945
497,85,952,67,167,300,0.7286930680274963
497,87,1051,0,171,712,0.9121081829071045
497,88,848,141,110,264,0.8309705853462219
497,90,1,156,40,315,0.5537727475166321
497,86,684,153,181,354,0.8508102893829346
498,60,397,155,94,247,0.7701551914215088
498,61,308,167,57,153,0.8271375894546509
498,55,72,120,107,348,0.8814612030982971
498,62,9,157,72,310,0.6991555690765381
498,76,399,121,400,591,0.9377524256706238
498,82,788,277,288,434,0.8680151700973511
498,74,355,169,36,127,0.5746460556983948
498,85,956,63,167,302,0.6328532695770264
498,87,1041,0,182,713,0.9117607474327087
498,88,851,140,106,254,0.739077627658844
498,90,2,153,39,315,0.5954042077064514
498,86,685,150,187,375,0.8550580739974976
498,84,382,169,37,123,0.4584222435951233
499,60,398,155,90,237,0.7710774540901184
499,61,309,168,56,151,0.8103371858596802
499,55,72,119,107,349,0.8745431900024414
499,62,10,155,73,311,0.6983844041824341
499,76,392,118,398,592,0.9378814697265625
499,82,785,280,288,432,0.8683851957321167
499,74,355,169,36,127,0.5521973371505737
499,85,959,60,161,293,0.5710326433181763
499,87,1029,0,193,712,0.9253024458885193
499,88,862,138,88,206,0.7609456777572632
499,90,3,151,39,312,0.6092416644096375
499,86,687,147,191,392,0.850416362285614
500,60,400,155,87,228,0.7300364971160889
500,61,311,169,55,149,0.8035768866539001
500,55,73,119,107,349,0.8736788034439087
500,62,10,154,74,312,0.6870383024215698
500,76,381,114,400,597,0.9414718151092529
500,82,782,283,288,429,0.7230572700500488
500,74,355,168,36,128,0.5498365163803101
500,87,1019,0,204,711,0.9254826307296753
500,88,868,137,80,181,0.7889100909233093
500,90,4,147,41,316,0.6029505729675293
500,86,691,143,190,398,0.8475010991096497
501,60,404,154,82,217,0.7018693685531616
501,61,312,168,55,149,0.7817896604537964
501,55,74,119,107,349,0.8712908625602722
501,62,13,153,73,311,0.6668012738227844
501,76,373,110,401,602,0.9455525279045105
501,82,763,287,284,425,0.8587696552276611
501,74,357,168,36,127,0.5519134998321533
501,87,1008,0,215,711,0.9363948702812195
501,88,869,135,80,177,0.8143802881240845
501,90,6,141,42,323,0.6347811222076416
501,86,697,141,180,384,0.8590766787528992
502,60,408,153,77,202,0.5324152708053589
502,61,312,166,55,150,0.7508437633514404
502,55,74,118,107,347,0.8703703880310059
502,62,15,152,72,312,0.6532407402992249
502,76,361,107,402,606,0.9484453201293945
502,82,752,289,281,422,0.8513290286064148
502,74,360,169,36,126,0.5458579659461975
502,87,998,0,226,710,0.9220983386039734
502,88,869,134,82,179,0.7433968782424927
502,90,7,138,44,327,0.657002866268158
502,86,704,140,172,374,0.8782875537872314
503,60,412,153,70,177,0.528912365436554
503,61,313,164,56,153,0.7617332935333252
503,55,75,117,106,347,0.8682772517204285
503,62,17,151,70,313,0.6398406028747559
503,76,349,105,404,608,0.947995662689209
503,82,739,289,279,422,0.8926901817321777
503,74,363,169,35,124,0.555621325969696
503,87,991,0,236,712,0.9134767651557922
503,88,858,133,105,233,0.8467612266540527
503,90,8,139,44,331,0.46061256527900696
503,86,711,142,166,365,0.8153982162475586
503,91,1182,86,77,77,0.47754788398742676
504,60,414,154,66,162,0.47360140085220337
504,61,314,164,57,154,0.7767202854156494
504,55,76,117,106,347,0.8694489598274231
504,76,338,104,405,609,0.9431344270706177
504,82,728,291,278,420,0.8766213655471802
504,74,364,169,35,123,0.5538939237594604
504,87,984,1,246,712,0.9252343773841858
504,88,856,133,112,251,0.8840280771255493
504,90,12,144,46,323,0.6501626372337341
504,86,725,144,150,331,0.7947448492050171
505,60,414,156,65,155,0.49368205666542053
505,61,315,164,56,152,0.774933397769928
505,55,76,118,106,346,0.8603631854057312
505,76,327,104,405,609,0.9471186399459839
505,82,724,292,277,420,0.8702518343925476
505,74,365,169,35,121,0.6054361462593079
505,87,976,1,255,712,0.93023282289505
505,88,856,133,115,259,0.8812042474746704
505,90,13,139,48,328,0.6995131373405457
505,86,738,146,138,303,0.7804988622665405
506,61,316,163,57,152,0.7673149704933167
506,55,77,117,106,347,0.8587700128555298
506,76,320,105,406,608,0.9447821378707886
506,82,712,289,277,423,0.8763598799705505
506,74,365,169,36,122,0.5229100584983826
506,87,967,0,265,712,0.9405816197395325
506,88,859,133,113,261,0.8738856911659241
506,90,13,137,51,329,0.7283894419670105
506,86,751,148,130,281,0.7753969430923462
507,61,317,164,57,151,0.7625689506530762
507,55,78,117,106,348,0.860191285610199
507,76,311,107,405,606,0.9411570429801941
507,82,703,288,278,424,0.8872895836830139
507,87,958,0,275,713,0.9427161812782288
507,88,862,133,110,259,0.8283295631408691
507,90,13,137,53,330,0.7064021229743958
507,86,765,151,121,257,0.7860293984413147
508,61,318,164,56,150,0.7772414684295654
508,55,78,117,106,348,0.8619875907897949
508,76,303,110,404,603,0.9482784867286682
508,82,695,282,280,430,0.9119071364402771
508,87,948,0,283,714,0.9112411141395569
508,88,869,133,101,243,0.7146474719047546
508,90,13,138,55,329,0.7393456101417542
508,86,777,153,120,249,0.7060962915420532
508,92,1159,76,121,641,0.6544605493545532
508,74,368,167,36,123,0.4590121805667877
509,61,319,164,56,150,0.7933586835861206
509,55,79,117,105,348,0.8605201840400696
509,76,297,114,403,599,0.947443425655365
509,82,688,277,281,435,0.9154589176177979
509,87,929,0,287,715,0.8899437785148621
509,88,880,134,82,195,0.4739702641963959
509,90,11,137,58,331,0.7625327706336975
509,86,787,154,120,247,0.7023822069168091
509,92,1164,81,116,636,0.6602617502212524
509,94,730,199,55,166,0.47955653071403503
509,95,1121,67,90,109,0.5657722353935242
509,74,372,167,37,124,0.515320897102356
510,61,320,164,56,149,0.7910191416740417
510,55,79,116,106,349,0.8609858155250549
510,76,292,117,401,596,0.9453872442245483
510,82,681,273,281,439,0.9053512215614319
510,87,923,0,292,715,0.924225389957428
510,88,892,135,64,152,0.5702434778213501
510,90,11,136,59,332,0.739979088306427
510,86,797,151,120,249,0.7776697278022766
510,92,1163,72,117,645,0.632742702960968
510,74,373,166,38,127,0.539930522441864
511,61,321,164,57,148,0.798712432384491
511,55,80,116,106,349,0.856969952583313
511,76,286,119,400,594,0.9416471123695374
511,82,675,272,279,440,0.8832259178161621
511,87,914,0,296,715,0.9066201448440552
511,90,11,141,61,328,0.753494918346405
511,86,802,148,123,252,0.6746966242790222
511,92,1161,67,119,651,0.6602603197097778
511,74,374,164,39,131,0.5633461475372314
512,61,322,164,57,148,0.7965589165687561
512,55,81,116,105,349,0.8542163372039795
512,76,282,123,398,590,0.948560893535614
512,82,667,273,278,439,0.8845170736312866
512,87,905,1,301,714,0.898060142993927
512,90,11,142,62,326,0.7539737820625305
512,86,807,145,125,257,0.6972975730895996
512,92,1156,63,124,653,0.7064234614372253
512,74,374,164,39,131,0.5788835287094116
513,61,323,165,57,147,0.7851874828338623
513,55,81,116,105,349,0.8505154848098755
513,76,272,125,399,588,0.9527222514152527
513,82,660,274,277,438,0.9021578431129456
513,87,882,1,299,713,0.9169014692306519
513,90,11,146,63,318,0.6658462285995483
513,86,809,141,128,264,0.7367730140686035
513,92,1148,61,126,651,0.7819404602050781
513,74,375,163,39,129,0.5204506516456604
514,61,324,165,57,149,0.7730040550231934
514,55,82,117,105,348,0.8480165600776672
514,76,265,122,401,591,0.9508171677589417
514,82,653,275,274,437,0.8853864669799805
514,87,873,1,300,713,0.911288857460022
514,90,10,145,66,321,0.7797727584838867
514,86,809,137,128,264,0.6849665641784668
514,92,1140,58,128,654,0.8572186231613159
514,94,732,195,40,113,0.4884045422077179
515,61,324,165,58,150,0.7498646378517151
515,55,83,117,104,348,0.8367007970809937
515,76,260,119,403,594,0.9445226788520813
515,82,649,277,271,436,0.8686397671699524
515,87,870,1,303,713,0.9332899451255798
515,90,9,147,68,319,0.7550949454307556
515,86,806,133,132,278,0.6439708471298218
515,92,1135,53,132,662,0.8328346014022827
515,94,730,193,41,112,0.5518333911895752
516,61,324,166,58,150,0.679257333278656
516,55,83,116,104,349,0.8476784229278564
516,76,254,116,404,597,0.937147319316864
516,82,644,277,270,435,0.8657436370849609
516,87,855,2,302,712,0.9218379259109497
516,90,9,139,70,326,0.7637001872062683
516,86,809,130,135,286,0.5416247248649597
516,92,1132,48,135,668,0.8789582848548889
517,61,324,167,56,143,0.6143836975097656
517,55,84,116,103,348,0.8400743007659912
517,76,249,113,405,600,0.9386044144630432
517,82,638,276,270,436,0.9094668030738831
517,87,845,2,302,712,0.9134892225265503
517,90,8,135,73,329,0.8118363618850708
517,86,810,127,137,295,0.5064267516136169
517,92,1131,42,138,676,0.851034939289093
518,61,327,169,51,130,0.6288057565689087
518,55,85,116,103,348,0.8371752500534058
518,76,246,109,406,604,0.9393786191940308
518,82,631,275,270,438,0.9047661423683167
518,87,842,2,305,711,0.9285434484481812
518,90,8,133,75,330,0.8024142384529114
518,92,1134,38,139,679,0.8622962832450867
519,61,330,167,49,123,0.5557031631469727
519,55,85,115,103,348,0.8333314061164856
519,76,247,106,405,607,0.9313265085220337
519,82,625,273,270,441,0.8983139991760254
519,87,836,2,308,712,0.937067985534668
519,90,8,136,75,326,0.7985310554504395
519,92,1135,34,140,682,0.8639740347862244
519,96,794,169,69,186,0.5291852951049805
520,61,332,167,48,117,0.5123260617256165
520,55,86,114,103,351,0.8266407251358032
520,76,250,104,402,607,0.9303126931190491
520,82,619,271,271,443,0.8991572260856628
520,87,831,3,309,712,0.934255063533783
520,90,8,140,75,321,0.8048853278160095
520,92,1128,31,143,685,0.9190407395362854
520,96,794,169,69,185,0.537201464176178
521,61,333,167,45,110,0.4722538888454437
521,55,86,115,102,348,0.8330249786376953
521,76,256,103,395,607,0.9321488738059998
521,82,612,267,272,448,0.8973190784454346
521,87,823,2,312,713,0.9379013776779175
521,90,7,139,77,322,0.7978543043136597
521,92,1126,28,145,689,0.9108074903488159
522,61,333,167,43,102,0.48590704798698425
522,55,87,114,102,350,0.834743082523346
522,76,260,104,389,606,0.932453989982605
522,82,603,262,272,452,0.910180926322937
522,87,815,2,312,713,0.9396380186080933
522,90,7,139,79,324,0.7838554382324219
522,92,1124,28,147,688,0.8983395099639893
523,55,87,115,102,348,0.8386092782020569
523,76,264,106,382,604,0.9317482709884644
523,82,595,260,270,454,0.8923786282539368
523,87,806,2,312,712,0.9446051716804504
523,90,6,139,80,324,0.7874375581741333
523,92,1123,35,147,679,0.8990447521209717
523,96,798,168,44,118,0.5027332901954651
524,55,87,115,102,347,0.83818119764328
524,76,268,109,373,600,0.9324067234992981
524,82,587,260,268,455,0.8933039903640747
524,87,797,2,313,712,0.9482170343399048
524,90,6,140,81,324,0.785987138748169
524,92,1122,39,148,674,0.8805834650993347
524,97,719,198,75,150,0.6129907369613647
524,96,798,168,41,109,0.4969761073589325
525,55,88,114,102,349,0.8371179103851318
525,76,270,112,366,599,0.9328680634498596
525,82,583,261,264,453,0.8975306749343872
525,87,788,2,315,713,0.9358513951301575
525,90,5,139,83,324,0.8004337549209595
525,92,1122,48,147,665,0.8494197726249695
525,97,720,196,81,163,0.5184511542320251
526,55,88,113,102,349,0.841159999370575
526,76,273,115,358,596,0.9297924637794495
526,82,578,265,260,449,0.9137008190155029
526,87,779,2,315,713,0.9262120723724365
526,90,5,140,83,322,0.7989420890808105
526,92,1121,57,148,656,0.8441053032875061
526,97,717,195,86,172,0.5645708441734314
527,55,88,113,102,348,0.841501772403717
527,76,274,119,350,592,0.9321067929267883
527,82,572,267,257,447,0.9166384935379028
527,87,773,1,316,713,0.9298998713493347
527,90,5,140,84,322,0.77852863073349
527,92,1128,83,134,574,0.6289641261100769
527,97,716,194,85,171,0.6007274985313416
528,55,89,112,101,349,0.8442906737327576
528,76,274,122,343,589,0.9349378347396851
528,82,565,268,255,447,0.8958749175071716
528,87,767,1,317,713,0.919536828994751
528,90,5,141,85,320,0.7767877578735352
528,92,1135,115,122,502,0.6162154674530029
528,97,719,194,82,168,0.471951961517334
529,55,89,111,101,349,0.8420282006263733
529,76,275,124,336,588,0.93403160572052
529,82,558,267,254,448,0.8894418478012085
529,87,761,2,319,711,0.9220174551010132
529,90,5,141,86,321,0.7706989049911499
529,92,1138,142,117,459,0.6476778984069824
530,55,88,110,102,348,0.8338767886161804
530,76,274,126,331,586,0.9384946823120117
530,82,552,265,254,449,0.9060117602348328
530,87,756,2,320,711,0.9108017683029175
530,90,4,143,86,318,0.770447313785553
530,92,1138,148,121,458,0.6110007762908936
531,55,88,109,102,348,0.8341178297996521
531,76,273,124,326,588,0.9386041164398193
531,82,545,262,253,452,0.9004466533660889
531,87,752,2,320,711,0.9028124213218689
531,90,4,145,86,315,0.7686058878898621
531,92,1138,142,126,468,0.5850841403007507
532,55,88,109,102,349,0.8384742736816406
532,76,270,121,324,592,0.93430095911026
532,82,540,260,255,454,0.9018658995628357
532,87,749,2,321,712,0.8993504047393799
532,90,5,146,86,313,0.7429856657981873
532,92,1139,152,127,461,0.743984043598175
532,97,722,189,59,119,0.5489815473556519
533,55,88,109,102,349,0.8410770297050476
533,76,266,117,321,596,0.9332793951034546
533,82,539,258,254,456,0.9015174508094788
533,87,745,3,321,711,0.9147546887397766
533,90,3,148,86,311,0.7598293423652649
533,92,1139,149,132,475,0.7312683463096619
533,97,722,188,55,113,0.6186243891716003
534,55,88,109,102,349,0.8449503779411316
534,76,261,113,319,600,0.9288229942321777
534,82,537,255,255,458,0.8886475563049316
534,87,741,4,320,710,0.9258252382278442
534,90,2,149,87,309,0.7393240928649902
534,92,1138,148,138,498,0.6736508011817932
534,97,721,189,55,110,0.6524626612663269
534,98,964,121,141,543,0.7192546725273132
535,55,88,108,102,350,0.8466433882713318
535,76,254,110,319,603,0.9220049977302551
535,82,534,253,255,461,0.8878276944160461
535,87,738,6,318,707,0.9356640577316284
535,90,4,144,88,314,0.6951999664306641
535,92,1140,153,139,500,0.6602430939674377
535,97,721,191,53,107,0.6437485814094543
535,98,974,128,136,520,0.7441100478172302
536,55,88,108,102,350,0.8506636023521423
536,76,246,108,319,605,0.9223085045814514
536,82,532,253,254,461,0.8810605406761169
536,87,736,10,317,702,0.9336588978767395
536,90,2,148,87,310,0.6996433138847351
536,92,1138,152,142,534,0.6190236210823059
536,97,720,192,54,106,0.5944828987121582
536,98,994,133,130,496,0.7851763963699341
537,55,87,108,103,350,0.8478215932846069
537,76,240,107,318,606,0.9202480912208557
537,82,529,253,255,460,0.8905907869338989
537,87,735,13,315,699,0.9401561617851257
537,90,2,149,87,308,0.7345753312110901
537,92,1138,151,142,551,0.6788593530654907
537,97,720,193,54,105,0.6439116597175598
537,98,987,136,136,517,0.8442003726959229
538,55,87,108,103,350,0.8462862968444824
538,76,232,107,318,606,0.9190850853919983
538,82,527,254,255,458,0.9018891453742981
538,87,735,15,314,698,0.9406003952026367
538,90,2,143,89,315,0.7245011329650879
538,92,1139,144,141,566,0.6945655345916748
538,97,719,193,55,106,0.657129168510437
538,98,986,140,140,522,0.8365130424499512
539,55,87,109,102,348,0.8452014923095703
539,76,222,108,319,605,0.9230153560638428
539,82,526,256,255,455,0.9099023342132568
539,87,735,16,313,698,0.9397932887077332
539,90,1,148,88,309,0.7360906004905701
539,92,1143,148,137,564,0.6270818710327148
539,97,718,193,56,106,0.6708888411521912
539,98,987,143,143,524,0.8698436617851257
540,55,87,109,102,348,0.8478092551231384
540,76,216,110,320,603,0.9231221079826355
540,82,524,258,255,454,0.9211782813072205
540,87,736,15,313,700,0.9327395558357239
540,90,1,148,88,309,0.7894300222396851
540,92,1157,149,123,486,0.5116919279098511
540,97,716,194,57,106,0.5909039378166199
540,98,992,142,147,529,0.8733036518096924
541,55,86,106,103,351,0.8492560982704163
541,76,210,114,320,599,0.9204071164131165
541,82,522,259,257,453,0.9249552488327026
541,87,738,14,312,701,0.9237100481987
541,90,1,149,88,309,0.8183679580688477
541,92,1156,143,124,538,0.45510542392730713
541,97,714,192,58,108,0.6065009236335754
541,98,997,139,152,536,0.8656953573226929
541,100,459,154,44,82,0.4604191184043884
542,55,86,105,103,352,0.8481218814849854
542,76,205,118,321,595,0.9168457984924316
542,82,521,259,260,453,0.9300935864448547
542,87,739,13,312,702,0.9296457171440125
542,90,1,151,88,307,0.8195763230323792
542,92,1159,152,121,551,0.6373767852783203
542,97,712,190,60,110,0.6217603087425232
542,98,1004,137,155,538,0.8799163103103638
542,100,454,153,51,94,0.48786190152168274
543,55,86,109,102,348,0.8463706374168396
543,76,199,122,321,591,0.928381085395813
543,82,520,258,262,455,0.9211211800575256
543,87,739,11,312,704,0.9372884631156921
543,90,2,154,88,304,0.8080769181251526
543,92,1163,144,117,566,0.5222338438034058
543,97,711,188,61,112,0.48470360040664673
543,98,1017,134,157,534,0.880925178527832
544,55,85,107,103,350,0.8523693084716797
544,76,194,125,322,588,0.9321680068969727
544,82,518,257,265,457,0.9164175987243652
544,87,739,9,311,706,0.9380580186843872
544,90,2,154,88,304,0.819865345954895
544,92,1168,131,112,582,0.551392674446106
544,98,1033,131,160,538,0.8875758647918701
545,55,84,107,104,350,0.8568887710571289
545,76,189,128,322,585,0.9436798691749573
545,82,518,256,267,458,0.9155532121658325
545,87,739,8,310,707,0.9290133714675903
545,90,2,145,91,313,0.8229233026504517
545,98,1042,128,166,548,0.8942584991455078
545,97,710,186,63,114,0.49772876501083374
546,55,84,106,104,351,0.8582093715667725
546,76,184,130,323,583,0.9442631602287292
546,82,516,251,270,463,0.9170973896980286
546,87,739,7,309,708,0.9342265725135803
546,90,1,137,93,321,0.8389471173286438
546,98,1049,122,172,558,0.8927431106567383
546,97,710,185,63,115,0.5319195985794067
547,55,84,107,104,350,0.8561283946037292
547,76,180,131,325,582,0.9443117380142212
547,82,513,247,274,467,0.9189106225967407
547,87,739,7,308,707,0.9344520568847656
547,90,1,135,93,323,0.8335580229759216
547,98,1057,116,173,551,0.9046372175216675
547,97,710,185,63,115,0.5215103030204773
547,100,431,156,78,144,0.526136577129364
548,55,84,107,104,351,0.858792245388031
548,76,177,130,326,583,0.936263382434845
548,82,510,246,275,469,0.9292879700660706
548,87,738,8,307,707,0.9320539832115173
548,90,1,135,94,323,0.8335534930229187
548,98,1061,113,177,550,0.9114770889282227
548,100,429,155,80,150,0.6707886457443237
549,55,84,109,104,349,0.8633251190185547
549,76,175,128,328,585,0.9292263984680176
549,82,506,245,276,470,0.9338530898094177
549,87,736,9,305,705,0.9319821000099182
549,90,1,134,94,324,0.8629641532897949
549,98,1066,114,181,547,0.9215465784072876
549,100,428,155,81,152,0.6682587265968323
550,55,84,110,104,348,0.8658031225204468
550,76,173,126,330,587,0.9330967664718628
550,82,503,246,276,469,0.9351218938827515
550,87,735,10,303,704,0.9310354590415955
550,90,0,136,95,323,0.8819890022277832
550,98,1069,118,185,545,0.9237440824508667
550,100,427,155,82,153,0.7202224135398865
551,55,84,110,104,348,0.8691249489784241
551,76,172,122,331,591,0.9418617486953735
551,82,501,249,275,466,0.934185266494751
551,87,733,12,301,702,0.9309641718864441
551,90,0,135,95,325,0.8894109129905701
551,98,1071,124,187,536,0.9201763272285461
551,100,426,154,82,154,0.7516036629676819
552,55,84,109,104,349,0.8675543069839478
552,76,175,118,331,595,0.9403371810913086
552,82,499,252,274,464,0.9296765327453613
552,87,732,14,299,700,0.9322018027305603
552,90,0,134,95,325,0.8809366226196289
552,98,1071,129,192,539,0.9182977080345154
552,100,426,154,81,155,0.7466748356819153
553,55,84,109,104,349,0.8627324104309082
553,76,179,115,329,598,0.9355042576789856
553,82,497,255,274,461,0.924069344997406
553,87,731,18,296,696,0.9326925873756409
553,90,0,135,95,324,0.8717633485794067
553,98,1069,132,199,552,0.9258132576942444
553,100,426,154,81,155,0.7236923575401306
553,101,1066,158,43,113,0.6495009660720825
554,55,84,109,104,349,0.863502562046051
554,76,184,114,326,599,0.9311395287513733
554,82,498,256,275,460,0.9260421991348267
554,87,729,22,294,692,0.9330956935882568
554,90,1,136,95,324,0.8563377857208252
554,98,1069,135,203,558,0.9218987226486206
554,100,426,154,82,157,0.7177200317382812
554,101,1066,158,43,113,0.6485929489135742
555,55,84,108,104,350,0.8624439239501953
555,76,191,114,321,598,0.9279852509498596
555,82,495,257,275,458,0.9137576818466187
555,87,728,25,290,688,0.9321572780609131
555,90,2,139,94,320,0.8572627902030945
555,98,1071,137,204,560,0.911899209022522
555,100,425,154,83,160,0.6879767775535583
555,101,1066,158,43,113,0.6241555213928223
556,55,84,108,104,350,0.8592145442962646
556,76,196,115,316,597,0.9225888848304749
556,82,491,257,276,459,0.9104759097099304
556,87,726,27,289,687,0.9347702860832214
556,90,2,141,94,318,0.8563956618309021
556,98,1073,137,205,560,0.903022825717926
556,100,424,154,85,165,0.6526781916618347
556,101,1065,158,44,112,0.5953925848007202
557,55,84,107,104,351,0.8516690731048584
557,76,199,117,311,595,0.9178182482719421
557,82,487,255,279,461,0.9135614633560181
557,87,723,25,289,689,0.9318724870681763
557,90,3,142,94,317,0.8397157788276672
557,98,1077,136,203,562,0.9020530581474304
557,100,422,155,88,173,0.5986042618751526
557,101,1066,158,43,111,0.6078649759292603
558,55,85,110,103,348,0.8515319228172302
558,76,203,120,304,592,0.9216912388801575
558,82,482,252,279,463,0.9239727258682251
558,87,721,23,289,691,0.9312770962715149
558,90,4,144,94,315,0.8343566656112671
558,98,1084,133,196,553,0.888567328453064
558,100,420,155,91,182,0.6681999564170837
558,101,1066,158,43,111,0.6429341435432434
559,55,85,111,103,346,0.8532321453094482
559,76,207,125,298,586,0.9175809621810913
559,82,480,249,281,466,0.9236393570899963
559,87,719,21,289,694,0.9338306188583374
559,90,3,145,95,314,0.8311614990234375
559,98,1090,129,190,562,0.8807138204574585
559,100,419,156,92,188,0.6826772689819336
559,101,1066,158,43,112,0.6689467430114746
560,55,86,112,103,345,0.8481326103210449
560,76,211,129,291,581,0.9141895771026611
560,82,478,246,282,470,0.9262658357620239
560,87,718,19,289,696,0.934575617313385
560,90,3,144,96,315,0.8179095387458801
560,98,1098,126,182,561,0.916263222694397
560,100,418,157,93,193,0.6807219982147217
560,101,1065,158,44,113,0.6633835434913635
561,55,86,112,103,346,0.8502772450447083
561,76,215,131,286,579,0.9133860468864441
561,82,478,244,282,471,0.9209485054016113
561,87,717,18,289,697,0.928553581237793
561,90,3,143,97,316,0.8216152787208557
561,98,1107,119,173,569,0.9000059366226196
561,100,417,157,93,196,0.6283175349235535
561,101,1065,158,45,113,0.646287739276886
562,55,86,112,103,346,0.8421412706375122
562,76,217,133,283,577,0.9201397895812988
562,82,478,244,282,470,0.9214264154434204
562,87,715,18,289,697,0.9289612174034119
562,90,3,143,97,316,0.8178384304046631
562,98,1117,114,163,561,0.914304256439209
562,100,416,157,93,199,0.6253952383995056
562,101,1064,158,45,114,0.6303662657737732
563,55,86,112,103,346,0.841377854347229
563,76,219,135,279,576,0.9185726046562195
563,82,478,245,281,469,0.9242109656333923
563,87,713,18,289,697,0.9297431111335754
563,90,3,138,99,320,0.8174712657928467
563,98,1126,112,154,561,0.8857288956642151
563,100,415,157,94,203,0.6652668714523315
563,101,1064,158,45,115,0.5736480355262756
564,55,86,110,104,348,0.8350618481636047
564,76,220,134,277,578,0.9189072847366333
564,82,479,248,279,466,0.9219397306442261
564,87,711,18,289,697,0.9286240935325623
564,90,3,136,99,321,0.8076246380805969
564,98,1134,109,146,569,0.8458625674247742
564,100,415,156,92,203,0.6677371263504028
564,101,1063,158,45,115,0.5431091785430908
565,55,86,110,104,348,0.835395097732544
565,76,220,133,276,580,0.9162617325782776
565,82,479,252,276,462,0.9194043874740601
565,87,709,19,289,697,0.9278697967529297
565,90,3,136,100,321,0.8010302186012268
565,98,1142,106,138,574,0.8373451828956604
565,100,416,156,90,202,0.6934596300125122
565,101,1063,158,45,116,0.5248185992240906
565,102,0,154,44,311,0.4920845031738281
566,55,86,111,105,347,0.8404946327209473
566,76,221,132,273,581,0.9185706973075867
566,82,479,255,275,460,0.9203734993934631
566,87,707,20,289,695,0.925934374332428
566,90,3,136,99,321,0.7891005873680115
566,98,1152,114,128,562,0.8339698314666748
566,100,416,155,89,202,0.7139245867729187
566,101,1062,158,45,116,0.5592491030693054
566,102,0,154,44,314,0.5144991278648376
567,55,87,112,104,347,0.8393909335136414
567,76,220,130,273,583,0.918918251991272
567,82,481,259,272,456,0.9109638333320618
567,87,706,22,289,692,0.9250756502151489
567,90,3,135,100,322,0.7865986227989197
567,98,1163,128,117,548,0.7902691960334778
567,100,417,154,89,202,0.7169429063796997
567,101,1061,158,46,117,0.5758460164070129
567,102,0,155,44,313,0.5368915796279907
568,55,87,113,104,347,0.8399409651756287
568,76,216,128,274,585,0.9282788634300232
568,82,482,261,271,453,0.9048215746879578
568,87,706,23,288,692,0.9262077212333679
568,90,3,136,99,322,0.7938156723976135
568,98,1174,136,106,534,0.7819441556930542
568,100,418,154,88,203,0.7056813836097717
568,101,1061,158,45,117,0.5710936188697815
568,102,0,155,44,313,0.5443721413612366
569,55,86,113,105,347,0.8397399187088013
569,76,211,126,274,586,0.9221226572990417
569,82,484,262,269,450,0.8939207792282104
569,87,707,26,287,689,0.9242600202560425
569,90,3,136,99,322,0.793952465057373
569,98,1183,152,97,524,0.7386457324028015
569,100,418,153,89,204,0.7145957350730896
569,101,1060,159,46,116,0.5656294226646423
569,102,0,155,44,315,0.5502883791923523
570,55,86,112,105,348,0.8430423140525818
570,76,205,125,276,587,0.919474720954895
570,82,485,261,270,452,0.899712860584259
570,87,708,29,285,686,0.9236633777618408
570,90,2,136,100,323,0.7910627126693726
570,98,1184,172,96,526,0.6197037696838379
570,100,418,153,88,205,0.6822958588600159
570,101,1060,159,45,117,0.5974394679069519
570,102,0,155,44,317,0.5713260769844055
570,103,497,192,38,116,0.47395241260528564
571,55,85,113,105,348,0.8429458141326904
571,76,199,124,278,589,0.9216264486312866
571,82,487,260,268,451,0.9017108678817749
571,87,711,32,282,682,0.9224306344985962
571,90,2,136,100,324,0.7927960157394409
571,100,419,154,86,201,0.6759917140007019
571,101,1059,160,45,117,0.6311156749725342
571,102,0,154,44,317,0.5793545842170715
572,55,85,114,105,347,0.8388844728469849
572,76,193,125,280,588,0.9313352108001709
572,82,488,257,269,454,0.9066393375396729
572,87,714,35,279,679,0.9250383973121643
572,90,2,136,100,325,0.7935205698013306
572,100,419,154,85,202,0.6963856816291809
572,101,1058,161,45,116,0.6346818804740906
572,102,0,154,44,317,0.5883893966674805
572,103,497,197,37,111,0.48149943351745605
573,55,85,114,106,348,0.8377606272697449
573,76,189,126,282,587,0.9303300976753235
573,82,491,252,271,456,0.9066593050956726
573,87,717,37,278,676,0.9280855655670166
573,90,2,136,100,325,0.7866703867912292
573,100,419,155,85,205,0.7062035202980042
573,101,1058,161,45,116,0.6246511936187744
573,102,0,154,44,318,0.5848448276519775
574,55,85,114,107,349,0.8343637585639954
574,76,184,129,284,585,0.9235914349555969
574,82,493,246,273,462,0.9022101163864136
574,87,720,36,277,677,0.9270176887512207
574,90,2,135,99,326,0.7918422222137451
574,100,416,156,88,215,0.7024359703063965
574,101,1058,161,45,116,0.6532300710678101
574,102,0,154,44,316,0.5417295694351196
574,103,495,194,39,116,0.4832627475261688
575,55,85,114,108,348,0.8398451805114746
575,76,179,131,286,583,0.9223396182060242
575,82,489,239,274,470,0.8968261480331421
575,87,724,36,276,676,0.9281387329101562
575,90,1,135,99,326,0.8001847267150879
575,100,415,157,88,219,0.6900507807731628
575,101,1058,161,44,115,0.6523939371109009
575,102,0,154,44,315,0.5262138247489929
575,103,495,194,39,116,0.4943205714225769
576,55,87,115,107,347,0.8490343689918518
576,76,177,134,287,579,0.9227699041366577
576,82,487,235,276,475,0.8885796666145325
576,87,727,34,276,678,0.9274721145629883
576,90,0,135,100,326,0.8082167506217957
576,100,415,159,87,219,0.7115358710289001
576,101,1058,161,44,115,0.6388349533081055
576,102,0,154,44,315,0.529332160949707
576,103,494,192,40,118,0.46550238132476807
577,55,87,115,108,348,0.8574321866035461
577,76,171,137,290,575,0.9238789081573486
577,82,490,233,276,477,0.8729155659675598
577,87,730,33,275,678,0.926308274269104
577,90,0,134,99,328,0.8041589260101318
577,100,416,161,86,219,0.7363016605377197
577,101,1058,161,43,114,0.621338427066803
577,102,0,155,43,315,0.5271041989326477
577,103,494,192,40,118,0.4674782454967499
578,55,88,115,108,347,0.8649939298629761
578,76,168,138,292,574,0.92209792137146
578,82,492,235,273,475,0.8829383850097656
578,87,732,33,274,676,0.9231062531471252
578,90,0,134,98,328,0.7963037490844727
578,100,417,161,85,219,0.7644640207290649
578,101,1057,161,44,115,0.5970908403396606
578,102,0,155,43,316,0.5208015441894531
578,103,494,189,41,122,0.4582132399082184
579,55,87,114,109,348,0.8663912415504456
579,76,165,140,295,571,0.9252856969833374
579,82,499,240,271,470,0.8824415802955627
579,87,733,31,274,677,0.9200670123100281
579,90,0,133,97,329,0.7751203179359436
579,100,418,162,85,218,0.7564760446548462
579,101,1057,161,44,115,0.5401504635810852
579,102,0,156,43,315,0.501120388507843
580,55,87,114,109,347,0.8662703633308411
580,76,163,140,299,572,0.9258317947387695
580,82,506,247,268,461,0.9098619818687439
580,87,735,31,273,678,0.9150390028953552
580,90,0,134,96,328,0.7649674415588379
580,100,420,162,84,218,0.7534284591674805
580,101,1058,161,42,113,0.4853060245513916
580,102,0,156,42,313,0.4862354099750519
581,55,86,114,110,347,0.8668535947799683
581,76,163,139,301,573,0.9274662733078003
581,82,510,253,267,457,0.9152971506118774
581,87,736,30,273,680,0.9171851277351379
581,90,0,134,96,329,0.7664003968238831
581,100,420,161,84,219,0.7643097639083862
581,101,1058,161,42,112,0.4697432219982147
581,103,496,189,40,121,0.4945935904979706
582,55,86,114,110,347,0.8673849105834961
582,76,165,138,302,575,0.9204975366592407
582,82,512,255,267,454,0.9161945581436157
582,87,736,30,273,681,0.9126632213592529
582,90,0,134,96,329,0.7727108001708984
582,100,421,161,83,219,0.7783520221710205
582,103,496,188,41,122,0.5040406584739685
583,55,86,114,111,346,0.8699641227722168
583,76,168,136,304,578,0.9266804456710815
583,82,512,256,269,453,0.9155957698822021
583,87,736,28,273,683,0.9134352803230286
583,90,0,134,95,327,0.7709141373634338
583,100,421,160,83,219,0.7736691236495972
583,103,495,181,42,129,0.5157539248466492
583,101,1058,160,42,112,0.45645540952682495
584,55,86,113,111,347,0.8734727501869202
584,76,174,133,304,580,0.9276488423347473
584,82,513,257,268,449,0.9073619842529297
584,87,737,29,271,681,0.9158676862716675
584,90,0,133,94,327,0.7694793343544006
584,100,422,158,83,220,0.8041903972625732
584,103,495,183,42,126,0.47940710186958313
584,101,1057,160,43,112,0.47084909677505493
584,102,0,147,43,313,0.4571026563644409
585,55,85,113,113,347,0.874007523059845
585,76,181,132,303,581,0.9237244725227356
585,82,512,256,270,450,0.8944854736328125
585,87,738,30,269,679,0.9164960980415344
585,90,0,133,93,327,0.772533118724823
585,100,423,157,83,220,0.8138161897659302
585,103,495,173,44,134,0.48451870679855347
585,101,1057,159,43,112,0.4515003263950348
585,102,0,146,43,312,0.45767828822135925
586,55,85,113,113,347,0.8708921074867249
586,76,191,130,299,583,0.9278213381767273
586,82,509,255,275,456,0.902553915977478
586,87,738,32,268,676,0.9170058369636536
586,90,0,134,93,326,0.7697018384933472
586,100,424,156,82,221,0.8119457960128784
586,103,495,170,44,138,0.4901089072227478
586,101,1057,158,42,113,0.466565877199173
586,102,0,146,43,312,0.4553949534893036
587,55,85,113,114,347,0.8662554621696472
587,76,201,129,295,585,0.927491307258606
587,82,507,253,276,458,0.8979861736297607
587,87,740,35,265,672,0.9164988994598389
587,90,0,135,92,325,0.76752108335495
587,100,424,155,82,222,0.8107179999351501
587,103,495,171,43,137,0.4548930823802948
587,101,1057,157,42,113,0.46596989035606384
587,102,0,146,44,313,0.46217626333236694
588,55,85,113,114,347,0.868699312210083
588,76,209,128,291,586,0.9256625771522522
588,82,507,248,279,462,0.9065949320793152
588,87,740,38,263,668,0.917677640914917
588,90,0,135,92,325,0.7650596499443054
588,100,425,155,82,222,0.8018118739128113
588,101,1057,156,42,114,0.4629583954811096
589,55,85,112,114,348,0.8672284483909607
589,76,216,128,286,586,0.9274164438247681
589,82,507,240,282,468,0.908755362033844
589,87,740,40,261,666,0.9200129508972168
589,90,0,135,92,325,0.7666583061218262
589,100,425,155,82,221,0.7988021373748779
589,102,1,146,43,313,0.4506179392337799
590,55,85,112,115,348,0.8699164986610413
590,76,222,130,280,584,0.9241744875907898
590,82,502,233,285,475,0.8732119798660278
590,87,737,42,262,666,0.9239987730979919
590,90,0,135,92,325,0.7673227787017822
590,100,426,155,81,221,0.7872412204742432
590,102,1,146,43,314,0.4648553729057312
590,101,1057,155,43,114,0.4618263244628906
591,55,84,112,116,349,0.8731096386909485
591,76,229,131,274,582,0.924545168876648
591,82,499,225,287,482,0.8788439631462097
591,87,734,44,261,665,0.9256035685539246
591,90,0,135,92,326,0.7662274837493896
591,100,426,155,81,221,0.7954748868942261
591,102,1,147,43,313,0.47203025221824646
592,55,84,112,116,348,0.8719095587730408
592,76,234,133,268,577,0.9235860705375671
592,82,496,223,284,484,0.8724028468132019
592,87,732,44,260,664,0.9271247386932373
592,90,0,135,92,326,0.7665124535560608
592,100,427,155,80,221,0.7800654172897339
593,55,84,112,116,348,0.8711745738983154
593,76,240,136,261,571,0.9255864024162292
593,82,496,223,279,484,0.8701649904251099
593,87,730,42,259,666,0.9231839776039124
593,90,0,135,92,326,0.7671601176261902
593,100,427,156,79,221,0.7830066680908203
593,102,1,147,43,313,0.4581257104873657
594,55,83,112,117,349,0.8715208768844604
594,76,245,139,256,568,0.923823893070221
594,82,496,228,274,479,0.880815327167511
594,87,729,41,259,670,0.9211174249649048
594,90,0,135,93,326,0.7606244087219238
594,100,428,158,78,219,0.7260206937789917
594,102,1,147,43,313,0.45838961005210876
595,55,83,112,117,349,0.8713951110839844
595,76,250,140,251,564,0.9222725033760071
595,82,503,234,268,473,0.8730506896972656
595,87,729,40,257,665,0.9142540097236633
595,90,0,134,93,327,0.7628945708274841
595,100,429,160,78,218,0.658179759979248
595,102,1,147,43,313,0.45709532499313354
596,55,83,113,117,348,0.8701985478401184
596,76,254,141,248,568,0.9246509075164795
596,82,506,243,261,464,0.8711013793945312
596,87,730,39,254,661,0.9121385216712952
596,90,0,134,93,326,0.7640377283096313
596,100,429,161,78,218,0.656851053237915
596,102,1,147,44,313,0.45348817110061646
596,101,1059,155,43,115,0.4569162130355835
597,55,83,113,117,348,0.870061993598938
597,76,259,141,245,566,0.9246695041656494
597,82,511,252,255,455,0.8832985162734985
597,87,731,38,251,659,0.9179061055183411
597,90,0,134,93,326,0.7642926573753357
597,100,429,160,78,218,0.7278615832328796
597,102,1,148,44,312,0.46637392044067383
597,106,935,137,50,249,0.48107293248176575
597,101,1059,155,43,115,0.49127471446990967
598,55,82,113,117,348,0.8650426864624023
598,76,262,140,244,570,0.928266704082489
598,82,517,257,250,448,0.871167004108429
598,87,731,37,250,658,0.912869930267334
598,90,0,134,92,326,0.7642644643783569
598,100,427,159,78,217,0.6980996131896973
598,102,1,148,44,312,0.45662426948547363
598,106,934,138,50,249,0.48492035269737244
598,101,1059,154,43,116,0.5754597783088684
599,55,82,113,117,348,0.8619195818901062
599,76,264,139,243,573,0.9271367192268372
599,82,519,259,248,445,0.8760941028594971
599,87,731,36,249,658,0.9148448705673218
599,90,0,134,92,326,0.760852575302124
599,100,427,157,73,200,0.7137805819511414
599,106,935,139,50,249,0.5082234144210815
599,101,1060,154,42,115,0.5862837433815002
599,103,498,195,35,111,0.4537321925163269
600,55,81,113,118,348,0.8634235858917236
600,76,268,137,240,571,0.92851322889328
600,82,526,259,247,446,0.8896953463554382
600,87,731,35,248,658,0.9219246506690979
600,90,0,134,92,326,0.7586170434951782
600,100,432,156,63,173,0.6904540657997131
600,106,936,140,50,248,0.46748244762420654
600,101,1060,154,42,115,0.6291447281837463
600,103,498,195,36,110,0.4939909279346466
600,102,1,148,44,311,0.45306509733200073
601,55,81,113,118,347,0.8624066710472107
601,76,271,135,237,567,0.9237669110298157
601,82,528,259,247,445,0.8914020657539368
601,87,732,35,246,659,0.919820249080658
601,90,0,134,92,326,0.7550106048583984
601,100,434,155,60,160,0.7074239253997803
601,106,937,140,50,247,0.5314304232597351
601,101,1059,154,43,115,0.5919496417045593
601,103,497,195,36,109,0.47560712695121765
601,102,0,154,43,305,0.4665648341178894
602,55,81,113,118,347,0.8630629181861877
602,76,272,133,235,565,0.9270046949386597
602,82,532,258,244,441,0.8990016579627991
602,87,733,36,244,657,0.9193753600120544
602,90,0,134,92,325,0.7597814798355103
602,100,435,155,59,151,0.6993539929389954
602,106,939,140,50,245,0.6150660514831543
602,101,1058,155,44,115,0.5496430397033691
602,102,1,150,43,309,0.4719373881816864
603,55,82,112,117,347,0.8631482124328613
603,76,272,131,234,566,0.925747275352478
603,82,534,252,242,438,0.8970925211906433
603,87,734,37,242,656,0.9157645106315613
603,90,0,134,92,325,0.7643980979919434
603,100,435,154,58,146,0.6719109416007996
603,106,940,139,50,246,0.6959270238876343
603,101,1057,156,45,117,0.5485928058624268
603,102,1,149,44,309,0.49400651454925537
603,108,282,161,31,92,0.5399684309959412
604,55,82,112,117,347,0.8634640574455261
604,76,269,130,235,565,0.9282919764518738
604,82,536,245,240,437,0.8996369242668152
604,87,735,39,240,655,0.9140903353691101
604,90,0,134,92,325,0.7598419189453125
604,100,435,153,58,142,0.6263699531555176
604,106,940,138,51,247,0.7381120920181274
604,101,1055,156,47,118,0.5342633724212646
604,102,1,148,44,309,0.476909875869751
604,108,282,161,30,93,0.5570622682571411
605,55,81,111,118,348,0.8670900464057922
605,76,264,129,235,567,0.9305005669593811
605,82,534,236,241,441,0.897635817527771
605,87,736,41,239,653,0.906474232673645
605,90,0,134,92,325,0.7577481865882874
605,100,436,154,57,136,0.5529167056083679
605,106,941,137,52,246,0.7671229839324951
605,101,1054,156,48,121,0.6330474615097046
605,108,282,161,31,95,0.5677783489227295
606,55,81,111,117,347,0.8643959164619446
606,76,257,130,237,566,0.9347264170646667
606,82,532,228,241,448,0.8792611956596375
606,87,737,44,237,650,0.9053837060928345
606,90,1,139,91,321,0.7642762064933777
606,100,436,154,56,133,0.6063156127929688
606,106,942,136,52,246,0.7755694389343262
606,101,1052,154,51,125,0.6264146566390991
606,108,282,161,32,97,0.4835094213485718
607,55,81,111,117,347,0.8666819930076599
607,76,252,130,239,566,0.9311878085136414
607,82,531,223,241,455,0.8955045342445374
607,87,738,46,235,647,0.9010506868362427
607,90,3,135,92,325,0.7833133935928345
607,100,436,153,57,132,0.6509032845497131
607,106,942,134,53,248,0.7912210822105408
607,101,1052,153,51,127,0.6411901712417603
608,55,81,111,117,347,0.864931583404541
608,76,247,131,241,564,0.9257378578186035
608,82,532,225,238,454,0.8913673162460327
608,87,739,47,234,644,0.905268669128418
608,90,3,134,94,326,0.7878367304801941
608,100,437,153,56,129,0.6595516800880432
608,106,942,133,53,248,0.7962454557418823
608,101,1053,153,51,125,0.5946547389030457
609,55,80,111,117,347,0.8607233166694641
609,76,244,134,244,561,0.9272192120552063
609,82,537,229,234,451,0.8721092939376831
609,87,740,49,231,640,0.905470073223114
609,90,3,139,92,321,0.7845687866210938
609,100,438,153,55,124,0.6157019734382629
609,106,942,132,54,249,0.8024027347564697
609,101,1053,152,52,124,0.5725544095039368
609,103,498,190,38,114,0.4672780930995941
609,108,275,161,36,109,0.46985241770744324
610,55,80,111,116,347,0.860181987285614
610,76,241,138,246,557,0.9264435172080994
610,82,543,235,229,445,0.8804023265838623
610,87,740,49,231,638,0.9059051275253296
610,90,2,141,92,319,0.7863054871559143
610,100,440,153,51,112,0.4531588852405548
610,106,942,131,54,249,0.7958622574806213
610,101,1053,152,52,122,0.5758718848228455
610,108,273,160,38,113,0.48341992497444153
611,55,79,110,117,347,0.8654723167419434
611,76,239,140,248,554,0.929422914981842
611,82,549,241,224,438,0.8869821429252625
611,87,739,50,230,635,0.909779965877533
611,90,2,142,92,317,0.7865325808525085
611,106,942,131,55,249,0.7930663824081421
611,101,1055,152,51,119,0.6191172003746033
611,108,273,160,37,114,0.49987903237342834
611,103,499,190,39,114,0.4974217414855957
612,55,79,109,116,348,0.8658426403999329
612,76,238,142,249,550,0.930669367313385
612,82,554,246,223,435,0.898113489151001
612,87,739,49,229,633,0.9122653007507324
612,90,2,142,92,317,0.7879788279533386
612,106,942,132,56,248,0.7881305813789368
612,101,1055,151,51,118,0.5717490315437317
612,108,272,159,38,114,0.5506239533424377
612,109,304,158,33,100,0.5065696835517883
612,103,499,190,39,114,0.5421319603919983
613,55,79,109,115,347,0.8717122077941895
613,76,236,143,251,547,0.926133394241333
613,82,559,249,219,430,0.898723304271698
613,87,740,48,227,626,0.9109639525413513
613,90,3,136,94,323,0.7837756276130676
613,106,942,133,56,247,0.7828726172447205
613,108,272,159,37,113,0.5805480480194092
613,109,303,159,33,99,0.5447859168052673
613,103,499,190,39,114,0.5508198142051697
614,55,79,109,115,347,0.8736607432365417
614,76,235,142,253,546,0.9245259761810303
614,82,560,251,218,426,0.8936736583709717
614,87,741,47,226,619,0.9121474623680115
614,90,3,133,95,326,0.7915604114532471
614,106,941,134,58,246,0.7707591652870178
614,108,272,159,37,112,0.614134669303894
614,109,304,161,32,95,0.5382342338562012
614,103,499,190,39,114,0.5433721542358398
614,100,447,153,53,116,0.4653914272785187
615,55,79,108,114,348,0.8789880871772766
615,76,235,140,254,546,0.915475606918335
615,82,560,252,217,425,0.8864706754684448
615,87,744,46,224,614,0.9067934155464172
615,90,1,132,96,326,0.7900192737579346
615,106,942,134,57,246,0.7739669680595398
615,108,272,158,37,113,0.6003869771957397
615,109,303,160,33,98,0.5385371446609497
615,103,499,190,39,114,0.5167377591133118
615,100,449,153,53,117,0.46056583523750305
616,55,78,108,114,348,0.881161093711853
616,76,239,139,253,546,0.9241452813148499
616,82,561,251,215,423,0.8764504194259644
616,87,745,45,225,615,0.9030945897102356
616,90,2,131,96,327,0.7864699959754944
616,106,942,136,58,244,0.7836640477180481
616,108,272,157,38,113,0.5928449034690857
616,109,303,161,33,98,0.5333304405212402
616,103,499,189,39,115,0.5008460879325867
616,100,450,152,53,116,0.5189241170883179
617,55,78,108,114,348,0.880220353603363
617,76,245,136,250,542,0.9199274778366089
617,82,568,249,214,418,0.8915455937385559
617,87,747,45,224,615,0.9045944213867188
617,90,2,131,97,327,0.7905170917510986
617,106,942,137,59,243,0.7797808051109314
617,108,272,158,38,113,0.5714640021324158
617,109,303,162,32,97,0.5457563996315002
617,103,499,189,40,115,0.47337669134140015
617,100,451,152,52,116,0.5231438875198364
617,101,1041,152,82,200,0.5113198161125183
618,55,79,108,113,348,0.8807027339935303
618,76,251,134,247,536,0.9248540997505188
618,82,570,245,212,414,0.8957772254943848
618,87,749,45,223,614,0.9064334034919739
618,90,2,131,98,328,0.7971920371055603
618,106,942,137,59,242,0.7844101190567017
618,108,272,158,38,113,0.5490404963493347
618,109,302,161,34,99,0.5467378497123718
618,100,452,152,52,114,0.4962023198604584
618,101,1042,152,81,208,0.5275214314460754
619,55,79,108,113,348,0.8783424496650696
619,76,261,133,243,533,0.9241500496864319
619,82,570,240,211,415,0.8993096947669983
619,87,751,45,222,613,0.9080988764762878
619,90,2,132,98,327,0.7967519760131836
619,106,942,137,59,242,0.7862086296081543
619,108,272,158,38,114,0.571552574634552
619,109,301,161,35,103,0.5270290374755859
619,101,1043,152,79,210,0.5994138717651367
620,55,80,107,112,349,0.878019392490387
620,76,272,132,238,532,0.9203221797943115
620,82,571,234,212,418,0.8966518044471741
620,87,752,46,221,611,0.9082090854644775
620,90,3,132,98,327,0.7979608178138733
620,106,941,137,59,242,0.7902167439460754
620,108,272,158,38,114,0.5418626666069031
620,109,300,160,35,106,0.5050200819969177
620,101,1044,152,77,210,0.569896399974823
620,100,454,153,50,108,0.4678305685520172
621,55,80,107,112,348,0.8782839179039001
621,76,280,132,234,531,0.9181801080703735
621,82,571,228,213,422,0.8985744118690491
621,87,753,48,219,608,0.9106797575950623
621,90,3,132,98,326,0.8060144782066345
621,106,941,136,59,242,0.7951986789703369
621,108,271,157,38,114,0.5091923475265503
621,109,300,160,35,106,0.48138803243637085
621,101,1046,152,74,209,0.48486587405204773
621,100,455,152,48,105,0.47349095344543457
622,55,81,107,111,348,0.8794326186180115
622,76,287,132,229,529,0.9170589447021484
622,82,573,225,213,424,0.9017114639282227
622,87,752,50,219,606,0.9092528820037842
622,90,3,132,98,325,0.8081261515617371
622,106,940,135,60,242,0.7907517552375793
622,108,271,156,37,114,0.5330129861831665
622,109,299,159,35,106,0.5164220929145813
622,100,454,152,49,104,0.48839694261550903
623,55,81,107,112,348,0.8732613325119019
623,76,294,133,224,528,0.9154819846153259
623,82,574,224,212,423,0.8985583186149597
623,87,752,52,216,603,0.9080432653427124
623,90,3,133,99,324,0.8116264939308167
623,106,939,133,60,242,0.7964480519294739
623,108,269,156,37,115,0.5732771158218384
623,109,298,159,35,108,0.5642968416213989
623,100,455,151,48,104,0.47826316952705383
623,110,1061,149,47,115,0.5048250555992126
624,55,82,106,111,349,0.8700821995735168
624,76,300,135,220,526,0.9128520488739014
624,82,576,224,211,423,0.888921856880188
624,87,752,55,214,599,0.9064458608627319
624,90,3,134,99,322,0.8162649273872375
624,106,938,131,60,243,0.8096996545791626
624,108,269,158,36,111,0.6062502264976501
624,109,297,159,35,109,0.5819002985954285
624,100,456,151,48,104,0.4880959391593933
624,110,1062,150,47,114,0.5294526219367981
624,103,501,188,39,115,0.4729744791984558
625,55,83,107,111,348,0.8666435480117798
625,76,306,136,216,525,0.9064996242523193
625,82,578,227,208,420,0.8853433728218079
625,87,751,57,213,596,0.9039288759231567
625,90,3,134,99,322,0.8149380683898926
625,106,938,131,60,243,0.8023563027381897
625,108,269,158,35,109,0.6326758861541748
625,109,297,159,35,111,0.639661431312561
625,100,458,151,46,101,0.4686691462993622
625,110,1063,150,46,115,0.5508203506469727
625,103,501,188,39,115,0.5025759339332581
626,55,84,106,111,349,0.86772221326828
626,76,312,138,211,523,0.9023959040641785
626,82,580,229,207,418,0.8889133930206299
626,87,750,59,212,593,0.9042482376098633
626,90,3,132,100,323,0.8033323884010315
626,106,936,130,62,243,0.808631956577301
626,108,269,158,35,108,0.5478266477584839
626,109,296,158,36,111,0.6564003825187683
626,110,1064,151,45,112,0.5359967350959778
626,103,501,188,40,114,0.4721938669681549
627,55,85,106,110,349,0.8681340217590332
627,76,317,140,207,522,0.9058567881584167
627,82,582,230,205,417,0.8888164758682251
627,87,749,60,210,591,0.903874397277832
627,90,3,132,100,323,0.8038040995597839
627,106,936,130,62,243,0.8082533478736877
627,108,269,157,34,108,0.6327287554740906
627,109,296,158,35,110,0.7154437303543091
627,110,1064,151,44,112,0.5441016554832458
627,103,501,188,40,114,0.4624205231666565
628,55,86,106,110,349,0.867405116558075
628,76,323,141,204,520,0.9116072654724121
628,82,583,231,202,415,0.8841313123703003
628,87,747,59,209,591,0.8970726728439331
628,90,3,132,100,323,0.8091392517089844
628,106,935,130,63,243,0.8311449289321899
628,108,269,156,34,111,0.6501460671424866
628,109,295,157,35,111,0.7365341186523438
628,110,1063,151,45,112,0.4810329079627991
629,55,87,106,110,348,0.8680238723754883
629,76,330,143,199,516,0.9135944843292236
629,82,583,231,200,414,0.8765594959259033
629,87,744,57,209,590,0.8992934823036194
629,90,3,132,101,322,0.810600996017456
629,106,934,130,64,242,0.8459903001785278
629,108,269,155,34,113,0.6569786071777344
629,109,294,156,36,114,0.7118748426437378
629,110,1063,151,45,112,0.5184029340744019
630,55,89,106,109,348,0.8706026077270508
630,76,336,142,196,515,0.919616162776947
630,82,584,231,197,413,0.8676753640174866
630,87,742,56,207,586,0.8990423083305359
630,90,3,133,100,321,0.8194445371627808
630,106,933,129,66,244,0.8469436764717102
630,108,269,155,34,112,0.5691145062446594
630,109,294,155,35,114,0.70811927318573
630,110,1062,151,45,113,0.5468385815620422
631,55,90,106,109,348,0.8708623051643372
631,76,341,142,194,513,0.9240446090698242
631,82,586,231,194,411,0.8721053004264832
631,87,741,54,205,583,0.8955636024475098
631,90,3,134,100,320,0.8132667541503906
631,106,933,130,67,243,0.8427290916442871
631,108,270,155,32,109,0.5056459307670593
631,109,293,154,35,114,0.6785508990287781
631,110,1062,150,45,114,0.5862039923667908
632,55,91,106,108,347,0.8724064230918884
632,76,347,140,192,513,0.918778657913208
632,82,588,230,192,410,0.8686803579330444
632,87,740,53,204,581,0.9000228643417358
632,90,3,134,100,320,0.8131586313247681
632,106,933,130,68,242,0.8428642153739929
632,108,271,155,31,106,0.5432155728340149
632,109,292,153,35,114,0.680799126625061
632,110,1062,150,44,114,0.6115741729736328
633,55,92,106,108,347,0.8718109726905823
633,76,350,138,191,512,0.9155485033988953
633,82,590,228,189,409,0.8731383681297302
633,87,738,52,205,581,0.906261682510376
633,90,3,135,100,318,0.8125454783439636
633,106,933,131,68,239,0.8305284380912781
633,108,271,154,31,106,0.5644895434379578
633,109,292,153,35,114,0.6676552891731262
633,110,1061,150,45,114,0.6111845374107361
634,55,92,105,108,347,0.8728747963905334
634,76,354,136,188,505,0.9181874990463257
634,82,592,225,186,409,0.8733249306678772
634,87,736,51,205,580,0.9113125205039978
634,90,3,135,100,318,0.8217083215713501
634,106,934,132,68,237,0.8275121450424194
634,108,272,155,30,104,0.5317277312278748
634,109,291,153,35,114,0.6810821294784546
634,110,1061,149,44,113,0.6140437126159668
635,55,92,105,107,347,0.8727357983589172
635,76,354,134,187,502,0.9209319353103638
635,82,593,223,183,408,0.8696147203445435
635,87,735,49,205,579,0.9173039793968201
635,90,3,136,100,317,0.8280541300773621
635,106,934,133,69,235,0.8333497047424316
635,108,273,157,29,101,0.4786132276058197
635,109,290,153,35,115,0.6686685085296631
635,110,1061,149,44,112,0.6232672929763794
636,55,92,105,107,347,0.8716513514518738
636,76,353,132,187,502,0.9320546984672546
636,82,594,221,181,407,0.868424117565155
636,87,733,50,206,579,0.9169557094573975
636,90,3,136,100,317,0.8291702270507812
636,106,934,134,69,233,0.831943690776825
636,109,288,153,35,115,0.6735361218452454
636,110,1061,149,44,112,0.6495418548583984
637,55,92,105,106,347,0.866381824016571
637,76,351,130,188,503,0.9307590126991272
637,82,596,219,178,408,0.8691287040710449
637,87,732,49,206,579,0.9225208759307861
637,90,3,136,100,317,0.8260979056358337
637,106,934,134,70,233,0.8425360321998596
637,109,287,153,36,115,0.6437959671020508
637,110,1062,150,42,110,0.6394675374031067
638,55,92,105,106,347,0.8671473264694214
638,76,348,130,190,502,0.9185866713523865
638,82,597,219,175,407,0.8692724108695984
638,87,731,50,206,579,0.9280286431312561
638,90,3,136,100,317,0.8297804594039917
638,106,934,132,70,234,0.8547813296318054
638,109,287,153,36,113,0.6550703644752502
638,110,1062,148,43,112,0.6603957414627075
639,55,92,104,106,347,0.8680704236030579
639,76,344,129,192,503,0.9187051653862
639,82,598,219,173,407,0.8753809928894043
639,87,730,50,206,579,0.9306804537773132
639,90,2,136,101,317,0.8293876051902771
639,106,934,131,70,234,0.8607876300811768
639,109,287,154,35,111,0.6984288096427917
639,110,1062,148,43,111,0.6651905179023743
639,111,369,152,43,76,0.487059086561203
640,55,92,104,106,347,0.8654869198799133
640,76,341,129,194,500,0.917496383190155
640,82,599,219,171,407,0.8728270530700684
640,87,730,52,205,576,0.9328790307044983
640,90,2,135,101,318,0.8352642059326172
640,106,933,131,72,234,0.8663662672042847
640,109,287,154,36,110,0.7368946075439453
640,110,1063,149,42,110,0.6703912615776062
641,55,91,104,106,348,0.8639328479766846
641,76,339,130,196,496,0.9170715808868408
641,82,600,220,170,407,0.8657413721084595
641,87,730,53,205,575,0.9334765672683716
641,90,2,135,101,317,0.8253746032714844
641,106,933,129,72,233,0.8786621689796448
641,109,287,153,36,111,0.7513659000396729
641,110,1063,148,42,111,0.6665436029434204
642,55,91,103,106,350,0.864341139793396
642,76,338,131,198,494,0.9173238277435303
642,82,601,222,167,404,0.8634812235832214
642,87,730,54,205,573,0.9292300939559937
642,90,2,135,102,317,0.8223752975463867
642,106,933,127,72,233,0.8811240196228027
642,109,288,152,36,112,0.7774161696434021
642,110,1063,147,42,111,0.6562100052833557
643,55,91,103,106,349,0.8677651286125183
643,76,337,132,201,492,0.9201198816299438
643,82,602,224,165,401,0.8669033050537109
643,87,731,55,204,571,0.9262869358062744
643,90,2,136,101,315,0.8214318752288818
643,106,933,125,73,234,0.8799116611480713
643,109,287,151,37,113,0.7654637694358826
643,110,1063,146,42,112,0.6505535244941711
644,55,91,103,106,348,0.8715145587921143
644,76,336,134,204,491,0.9227995872497559
644,82,603,225,162,397,0.8616228103637695
644,87,732,56,204,568,0.9193206429481506
644,90,2,136,101,314,0.8336053490638733
644,106,933,124,73,235,0.8764259815216064
644,109,287,151,37,111,0.7887122631072998
644,110,1063,146,42,111,0.6313087344169617
645,55,92,103,105,347,0.8749269247055054
645,76,335,135,207,489,0.9260156154632568
645,82,604,226,159,392,0.8609668016433716
645,87,734,56,202,565,0.9129161834716797
645,90,2,135,101,314,0.841168224811554
645,106,932,123,75,236,0.8765087723731995
645,109,286,151,37,109,0.7835687398910522
645,110,1063,144,43,113,0.5908970832824707
645,112,380,153,50,114,0.4594193696975708
646,55,92,102,106,347,0.873618483543396
646,76,335,136,209,487,0.9241983294487
646,82,604,224,159,392,0.856482744216919
646,87,735,55,202,564,0.9095665216445923
646,90,2,134,102,314,0.8396156430244446
646,106,932,122,75,237,0.8836528062820435
646,109,285,151,38,109,0.7726290225982666
646,110,1064,143,42,113,0.5740974545478821
646,112,382,153,50,113,0.5134162902832031
647,55,92,102,106,347,0.8718355298042297
647,76,336,137,210,485,0.9171432852745056
647,82,606,223,158,388,0.8592789173126221
647,87,738,53,199,556,0.9110466837882996
647,90,2,132,102,315,0.8348978161811829
647,106,932,121,75,238,0.8805127739906311
647,109,285,151,38,108,0.7816240787506104
647,110,1064,143,42,112,0.5692580342292786
647,112,383,153,51,114,0.5574817061424255
648,55,93,101,106,347,0.8694522976875305
648,76,338,136,212,485,0.9144858717918396
648,82,607,221,158,386,0.8573494553565979
648,87,741,51,197,550,0.9130247831344604
648,90,2,131,103,315,0.822882890701294
648,106,932,120,75,238,0.8853628039360046
648,109,284,150,39,108,0.8000866174697876
648,110,1064,143,42,111,0.5611545443534851
648,112,383,152,52,117,0.544139564037323
649,55,93,101,106,346,0.8709837198257446
649,76,341,134,213,484,0.9164730310440063
649,82,607,216,160,389,0.8687814474105835
649,87,742,49,197,547,0.914078414440155
649,90,3,131,102,315,0.8124920129776001
649,106,932,120,75,237,0.8826965689659119
649,109,284,148,40,109,0.7853336334228516
649,110,1065,142,41,112,0.5534664988517761
649,112,382,152,53,119,0.5546148419380188
650,55,94,101,105,346,0.873232364654541
650,76,345,132,213,481,0.9187456369400024
650,82,608,213,161,389,0.8603463172912598
650,87,743,48,196,545,0.9112913012504578
650,90,3,131,102,314,0.8124408721923828
650,106,932,119,75,238,0.8847436308860779
650,109,284,147,40,110,0.7651160359382629
650,110,1065,141,41,113,0.5391075611114502
650,112,383,151,53,122,0.5640892386436462
651,55,94,100,106,347,0.8706302642822266
651,76,352,129,211,477,0.9128561019897461
651,82,609,211,162,389,0.860264241695404
651,87,744,47,196,545,0.9138655662536621
651,90,4,131,102,314,0.7970126271247864
651,106,932,119,75,237,0.8856444358825684
651,109,284,148,41,109,0.7241091132164001
651,110,1065,139,41,114,0.5618926882743835
651,112,384,151,53,122,0.5971458554267883
652,55,94,100,106,346,0.8704688549041748
652,76,360,128,209,474,0.9052894711494446
652,82,609,211,163,386,0.8623033761978149
652,87,744,47,196,544,0.9113638997077942
652,90,4,130,102,315,0.7904440760612488
652,106,932,119,75,236,0.8806352019309998
652,109,283,148,41,108,0.6882525682449341
652,110,1066,138,41,114,0.5797705054283142
652,112,384,151,54,123,0.6128326058387756
652,113,359,149,36,129,0.5053979754447937
653,55,94,100,106,346,0.8679513335227966
653,76,370,126,207,474,0.8986560106277466
653,82,608,211,164,386,0.8659120798110962
653,87,744,47,196,544,0.9092789888381958
653,90,5,129,102,316,0.7769141793251038
653,106,931,120,75,235,0.8777540922164917
653,109,283,149,40,107,0.6556196808815002
653,110,1066,137,41,116,0.6172059774398804
653,112,386,151,53,124,0.5840822458267212
653,113,360,149,37,131,0.5247942209243774
654,55,94,98,107,347,0.8643354177474976
654,76,378,124,205,475,0.8982309699058533
654,82,608,212,164,385,0.8629339933395386
654,87,744,48,196,543,0.9076312780380249
654,90,6,129,102,315,0.769861102104187
654,106,932,120,74,236,0.8695881962776184
654,109,282,149,41,107,0.6405895948410034
654,110,1067,137,40,115,0.5957636833190918
654,112,387,151,53,123,0.5815309286117554
654,113,362,148,37,131,0.5396575927734375
654,114,1,138,59,304,0.4807310104370117
655,55,95,98,106,347,0.8616352677345276
655,76,386,123,202,474,0.9022834897041321
655,82,609,215,163,380,0.8652130961418152
655,87,744,49,196,543,0.9075246453285217
655,90,6,129,102,315,0.7816193699836731
655,106,931,120,75,235,0.8661400675773621
655,109,281,148,40,107,0.6282604932785034
655,110,1068,136,39,115,0.625633716583252
655,112,388,150,52,122,0.5461704134941101
655,113,362,147,38,133,0.5132085680961609
655,115,309,151,31,103,0.5467468500137329
656,55,95,98,107,347,0.8604629039764404
656,76,394,124,198,472,0.9172524213790894
656,82,610,217,162,378,0.8656429052352905
656,87,744,52,195,540,0.9109051823616028
656,90,6,129,102,315,0.7807998657226562
656,106,931,120,74,235,0.8639079928398132
656,109,280,147,41,108,0.6181105971336365
656,110,1068,136,39,115,0.628993570804596
656,112,390,150,50,116,0.5173921585083008
656,113,363,145,39,135,0.6261088252067566
656,115,310,151,31,104,0.5152238607406616
657,55,95,98,107,347,0.859555721282959
657,76,400,124,194,471,0.917644202709198
657,82,609,215,163,380,0.8533324599266052
657,87,744,55,194,537,0.9144635200500488
657,90,6,129,102,315,0.7794525027275085
657,106,930,120,74,234,0.854272723197937
657,109,279,147,40,109,0.6792470216751099
657,110,1069,137,39,115,0.6446439623832703
657,112,391,150,51,119,0.4917793571949005
657,113,363,144,39,137,0.6154294013977051
657,115,314,156,29,99,0.5220568776130676
658,55,96,97,107,347,0.8547512888908386
658,76,407,126,190,467,0.9150064587593079
658,82,610,215,162,376,0.8446298837661743
658,87,743,58,193,533,0.9139864444732666
658,90,6,129,103,315,0.7890870571136475
658,106,929,120,74,234,0.8593886494636536
658,109,279,146,40,110,0.690983235836029
658,110,1069,138,39,114,0.6564120054244995
658,112,391,150,53,124,0.5159375667572021
658,113,362,144,40,137,0.6435510516166687
658,115,316,155,30,101,0.5257968902587891
659,55,96,97,107,347,0.8506478071212769
659,76,414,128,186,462,0.9063627123832703
659,82,611,215,162,379,0.8552342653274536
659,87,742,61,191,529,0.908483624458313
659,90,7,129,102,315,0.8021508455276489
659,106,929,120,73,234,0.8539276123046875
659,109,279,146,40,112,0.7220883965492249
659,110,1070,138,38,114,0.63857501745224
659,112,391,149,54,128,0.5539528131484985
659,113,363,145,39,135,0.6373415589332581
659,115,318,158,29,97,0.5845536589622498
660,55,97,97,106,346,0.8606706261634827
660,76,420,130,183,459,0.9029955267906189
660,82,612,214,160,376,0.8426191210746765
660,87,741,63,189,526,0.9155752062797546
660,90,7,129,102,315,0.8131133913993835
660,106,929,120,72,233,0.8643814921379089
660,109,280,147,38,110,0.7407207489013672
660,110,1071,138,38,114,0.6385730504989624
660,112,390,147,55,132,0.564386248588562
660,113,362,144,40,136,0.6101561784744263
660,115,320,160,29,96,0.6830951571464539
661,55,97,97,106,345,0.8633881211280823
661,76,426,132,181,455,0.9013127684593201
661,82,613,212,159,373,0.8469895124435425
661,87,739,63,190,525,0.9157993197441101
661,90,7,129,102,315,0.8149572610855103
661,106,929,120,72,232,0.8744995594024658
661,109,280,146,38,111,0.7355136275291443
661,110,1071,138,38,114,0.6317669749259949
661,112,389,146,55,136,0.5727912187576294
661,113,362,143,40,137,0.5355244278907776
661,115,321,161,29,94,0.6343106031417847
662,55,97,97,107,345,0.8677316308021545
662,76,433,133,178,454,0.9066930413246155
662,82,613,209,159,374,0.8505692481994629
662,87,737,63,190,525,0.9195996522903442
662,90,7,129,102,315,0.8250502943992615
662,106,928,120,74,232,0.8743233680725098
662,109,281,147,37,109,0.7308474183082581
662,110,1072,137,38,116,0.6198974847793579
662,112,389,147,55,136,0.6301954388618469
662,113,363,143,40,137,0.581824004650116
662,115,324,161,28,93,0.5979421734809875
663,55,97,97,107,346,0.870357096195221
663,76,438,133,179,458,0.921890914440155
663,82,613,208,159,375,0.8618030548095703
663,87,735,61,189,524,0.9185763001441956
663,90,8,130,102,314,0.8306044340133667
663,106,928,120,74,232,0.873723030090332
663,109,281,147,37,109,0.737025260925293
663,110,1073,137,38,116,0.5615047216415405
663,112,389,148,55,137,0.6377592086791992
663,113,363,144,40,137,0.5367286801338196
663,115,326,159,28,95,0.6153658032417297
664,55,97,98,107,346,0.8654741048812866
664,76,442,133,179,459,0.9211351871490479
664,82,613,207,157,375,0.8697258234024048
664,87,734,60,187,519,0.9209391474723816
664,90,8,130,102,314,0.8259437680244446
664,106,928,120,74,232,0.8766486644744873
664,109,281,147,36,108,0.7155022025108337
664,110,1074,137,38,116,0.5156142115592957
664,112,389,148,55,137,0.6134079694747925
664,113,363,145,40,136,0.47971054911613464
664,115,327,156,29,97,0.603390634059906
665,55,99,98,106,345,0.8664383888244629
665,76,446,132,178,461,0.9081488251686096
665,82,613,207,156,375,0.8595994114875793
665,87,733,59,186,515,0.9229843616485596
665,90,8,130,102,314,0.8237332105636597
665,106,927,121,75,232,0.8810443878173828
665,109,281,147,36,109,0.6914684772491455
665,110,1076,138,37,114,0.5061633586883545
665,112,389,148,54,137,0.591832160949707
665,113,363,144,39,135,0.4769898056983948
665,115,328,156,29,98,0.6005309224128723
666,55,99,97,106,345,0.8675004839897156
666,76,450,131,176,457,0.9021875262260437
666,82,614,210,154,372,0.8412810564041138
666,87,732,59,186,513,0.9219890832901001
666,90,8,130,102,314,0.8208821415901184
666,106,927,121,75,232,0.8785803914070129
666,109,281,146,36,109,0.6657243967056274
666,110,1077,138,37,114,0.5298381447792053
666,112,389,148,54,137,0.6299311518669128
666,113,362,144,39,133,0.508331298828125
666,115,329,156,30,99,0.6278883814811707
667,55,100,97,106,345,0.8648976683616638
667,76,453,129,175,456,0.9125358462333679
667,82,614,213,152,368,0.8585246801376343
667,87,731,57,186,514,0.9280993938446045
667,90,8,130,103,314,0.8154229521751404
667,106,927,122,76,231,0.8772717714309692
667,109,281,146,35,109,0.6485310792922974
667,110,1078,139,37,113,0.5332854986190796
667,112,388,148,55,137,0.629098117351532
667,113,361,143,40,136,0.5431638956069946
667,115,330,155,30,100,0.614630937576294
668,55,100,97,106,345,0.8638584613800049
668,76,453,127,176,455,0.9098508358001709
668,82,615,215,150,366,0.8683854937553406
668,87,730,56,186,513,0.9311606287956238
668,90,8,130,103,314,0.8190186023712158
668,106,926,122,76,231,0.8818435072898865
668,109,282,146,33,108,0.6587474942207336
668,110,1078,139,37,113,0.5214698910713196
668,112,388,148,54,138,0.6427752375602722
668,113,360,143,40,137,0.6656599640846252
668,115,331,154,30,101,0.6230435371398926
669,55,100,97,106,345,0.8634833097457886
669,76,451,125,176,454,0.9129343628883362
669,82,614,216,149,366,0.876789391040802
669,87,728,56,187,514,0.9322677850723267
669,90,8,130,103,314,0.815838098526001
669,106,925,123,76,229,0.8781124353408813
669,109,281,146,34,109,0.6505823135375977
669,110,1078,139,37,113,0.5307813286781311
669,112,389,147,54,137,0.639887809753418
669,113,360,143,40,137,0.7032174468040466
669,115,332,153,31,101,0.6154501438140869
669,118,434,148,76,148,0.455493301153183
670,55,101,97,105,345,0.8641391396522522
670,76,449,124,177,454,0.9138438701629639
670,82,614,217,148,366,0.8745732307434082
670,87,727,56,187,514,0.9344853758811951
670,90,8,129,103,314,0.805626392364502
670,106,925,125,75,228,0.8799657821655273
670,109,281,146,34,110,0.6416516900062561
670,110,1079,140,37,113,0.5604774355888367
670,112,389,146,53,137,0.6207023859024048
670,113,360,144,39,136,0.7005202770233154
670,115,335,156,30,98,0.5362135171890259
670,118,435,147,75,149,0.48227885365486145
671,55,101,97,105,344,0.8686309456825256
671,76,446,124,179,453,0.9194189310073853
671,82,614,217,146,365,0.8662072420120239
671,87,726,57,188,513,0.9375802278518677
671,90,8,128,103,315,0.8076642155647278
671,106,925,127,75,225,0.8853220343589783
671,109,282,146,33,110,0.6403437852859497
671,110,1079,141,37,113,0.5687801241874695
671,112,389,146,53,137,0.6562396883964539
671,113,360,144,39,137,0.6986309289932251
671,115,336,157,30,97,0.49343881011009216
671,118,435,146,76,149,0.5861780047416687
672,55,100,97,105,344,0.8701918721199036
672,76,442,125,181,451,0.9244179725646973
672,82,613,217,145,363,0.8515913486480713
672,87,725,58,188,513,0.9376466870307922
672,90,8,128,103,315,0.814253568649292
672,106,924,127,75,226,0.8860319256782532
672,109,282,147,33,110,0.6145428419113159
672,110,1079,141,37,113,0.553677499294281
672,112,389,146,52,137,0.6685822606086731
672,113,360,144,39,136,0.6539952754974365
672,115,337,158,30,96,0.48492640256881714
672,118,436,145,75,149,0.5896867513656616
673,55,100,97,105,344,0.8683986663818359
673,76,439,126,183,450,0.9250360727310181
673,82,614,215,141,358,0.8546021580696106
673,87,725,59,187,513,0.9391970038414001
673,90,7,129,104,314,0.8225918412208557
673,106,923,127,76,226,0.8877191543579102
673,109,283,147,32,109,0.602067232131958
673,110,1078,142,37,111,0.5350413918495178
673,112,388,146,52,137,0.6501097679138184
673,113,359,145,40,135,0.6322301030158997
673,118,437,146,74,147,0.5996312499046326
674,55,100,97,105,344,0.8670526742935181
674,76,435,127,187,449,0.9230880737304688
674,82,614,212,140,357,0.8263325095176697
674,87,725,61,186,511,0.9382068514823914
674,90,7,129,103,314,0.8230899572372437
674,106,923,127,76,225,0.8839956521987915
674,109,283,148,31,107,0.5912914276123047
674,110,1078,142,37,111,0.5303972363471985
674,112,388,146,52,137,0.6702538132667542
674,113,358,145,39,134,0.6377521753311157
674,118,438,146,73,146,0.6264593005180359
675,55,99,98,105,343,0.8667272329330444
675,76,433,130,188,446,0.9186780452728271
675,82,615,210,138,353,0.8332865834236145
675,87,725,63,186,509,0.9358556866645813
675,90,7,129,103,314,0.8212587833404541
675,106,923,127,76,225,0.8855448365211487
675,109,283,148,29,104,0.5559099912643433
675,110,1077,141,38,113,0.48793524503707886
675,112,388,146,51,137,0.6488262414932251
675,113,357,145,39,135,0.6135649085044861
675,118,438,147,73,144,0.6535068154335022
676,55,99,97,105,344,0.8696462512016296
676,76,431,132,191,444,0.9166306853294373
676,82,614,208,140,359,0.8506708145141602
676,87,725,64,186,507,0.9337596297264099
676,90,6,129,103,313,0.8278810381889343
676,106,922,126,76,226,0.8817979097366333
676,109,283,149,28,102,0.47703200578689575
676,110,1077,141,38,114,0.4849913418292999
676,112,387,146,51,136,0.6861893534660339
676,113,355,146,40,134,0.5763296484947205
676,118,438,147,73,144,0.6631628274917603
677,55,98,97,105,344,0.8716021180152893
677,76,430,134,192,442,0.9157674908638
677,82,614,207,139,360,0.8492210507392883
677,87,726,65,185,505,0.9323847889900208
677,90,6,129,103,313,0.826924741268158
677,106,922,125,76,225,0.8824056386947632
677,109,283,153,27,97,0.45226940512657166
677,110,1076,142,39,114,0.47111696004867554
677,112,387,146,50,136,0.7051159739494324
677,113,350,147,40,131,0.5040413737297058
677,118,439,147,72,142,0.649241030216217
678,55,98,97,105,344,0.8701103925704956
678,76,429,135,194,441,0.9170327186584473
678,82,615,206,138,360,0.85325026512146
678,87,727,66,184,501,0.9303109049797058
678,90,6,128,103,314,0.8212549090385437
678,106,922,125,76,224,0.8741697669029236
678,110,1075,142,39,115,0.4696117043495178
678,112,386,146,50,136,0.7224575877189636
678,113,348,144,42,135,0.6480372548103333
678,118,440,147,71,139,0.6499518752098083
679,55,98,97,105,344,0.8685869574546814
679,76,427,136,197,439,0.9186273217201233
679,82,616,208,138,357,0.8662004470825195
679,87,728,66,184,499,0.9242599010467529
679,90,5,127,104,314,0.8227655291557312
679,106,922,124,76,224,0.8766579031944275
679,110,1075,143,38,112,0.4745446741580963
679,112,385,146,51,136,0.7153573036193848
679,113,347,143,42,137,0.6655158996582031
679,118,440,148,70,136,0.64104825258255
680,55,98,97,104,344,0.8676385283470154
680,76,426,136,199,437,0.9246758222579956
680,82,618,209,136,353,0.8635859489440918
680,87,729,65,183,498,0.9240023493766785
680,90,5,126,104,315,0.8251755237579346
680,106,921,124,76,224,0.8746732473373413
680,110,1074,143,39,112,0.48424237966537476
680,112,385,145,51,137,0.7155748605728149
680,113,346,144,42,136,0.6979612708091736
680,118,440,148,70,136,0.6352003812789917
681,55,97,97,105,344,0.8675008416175842
681,76,426,135,201,438,0.9251570701599121
681,82,619,212,135,348,0.8673374652862549
681,87,729,65,183,495,0.9261323809623718
681,90,5,125,104,316,0.8241883516311646
681,106,921,124,76,224,0.8800169825553894
681,110,1074,144,39,111,0.4890003800392151
681,112,385,146,50,136,0.720264196395874
681,113,346,142,43,140,0.7434234619140625
681,118,439,149,70,136,0.6467762589454651
682,55,97,97,105,344,0.8638883233070374
682,76,426,133,203,439,0.9232946038246155
682,82,621,215,135,346,0.862482488155365
682,87,731,64,182,492,0.9311513900756836
682,90,5,124,104,318,0.8225452303886414
682,106,920,124,77,225,0.8844022750854492
682,110,1073,144,40,111,0.48549777269363403
682,112,385,147,50,136,0.7220888137817383
682,113,346,142,43,141,0.7570884227752686
682,118,438,151,70,135,0.5993432998657227
683,55,97,97,105,345,0.8623006939888
683,76,426,131,204,438,0.9183263182640076
683,82,623,216,134,343,0.8655584454536438
683,87,733,64,181,490,0.9338329434394836
683,90,5,124,104,318,0.8254004716873169
683,106,920,125,77,225,0.8839290738105774
683,110,1073,144,40,112,0.4823291003704071
683,112,384,147,51,136,0.7316217422485352
683,113,346,143,43,141,0.7174725532531738
683,118,436,151,72,139,0.5163388252258301
684,55,97,97,105,345,0.863496720790863
684,76,429,129,203,437,0.915867805480957
684,82,626,217,131,333,0.8649486899375916
684,87,734,64,180,489,0.9355716109275818
684,90,5,124,104,319,0.8245872855186462
684,106,920,126,77,226,0.8842502236366272
684,110,1074,144,39,112,0.4874616861343384
684,112,384,147,51,137,0.735763430595398
684,113,345,143,43,141,0.7476266026496887
684,118,435,152,72,140,0.47990164160728455
685,55,97,98,105,344,0.8624443411827087
685,76,432,128,201,435,0.9145069718360901
685,82,626,218,132,336,0.8660837411880493
685,87,735,64,180,490,0.9360184073448181
685,90,5,124,104,319,0.8154615163803101
685,106,921,128,76,225,0.8798798322677612
685,110,1074,145,40,111,0.5064694881439209
685,112,384,148,51,136,0.7163921594619751
685,113,343,142,44,143,0.7245880365371704
685,118,434,152,73,142,0.46262383460998535
686,55,97,98,105,344,0.8607071042060852
686,76,437,127,198,435,0.915992021560669
686,82,627,217,131,331,0.8632290363311768
686,87,736,65,179,489,0.933796226978302
686,90,5,125,104,319,0.8223952651023865
686,106,921,129,76,225,0.8679286241531372
686,110,1075,145,40,112,0.4955713152885437
686,112,385,149,51,135,0.7452821135520935
686,113,344,141,45,145,0.745046854019165
687,55,98,98,104,345,0.8625708818435669
687,76,442,127,196,434,0.91037917137146
687,82,627,215,132,332,0.878046989440918
687,87,736,65,180,489,0.9329158663749695
687,90,5,126,104,318,0.817236065864563
687,106,922,130,76,224,0.862881064414978
687,110,1076,146,39,112,0.5151609778404236
687,112,386,149,50,136,0.735020637512207
687,113,343,141,45,143,0.7363171577453613
688,55,98,98,105,345,0.8615601658821106
688,76,446,127,193,434,0.903989851474762
688,82,627,212,133,334,0.8885414600372314
688,87,737,66,179,489,0.9307515025138855
688,90,5,126,105,319,0.8153340816497803
688,106,923,132,75,222,0.866686999797821
688,110,1076,146,40,113,0.5401890277862549
688,112,386,150,50,135,0.7159956693649292
688,113,342,142,45,141,0.7466000318527222
689,55,98,98,105,345,0.8622006773948669
689,76,449,128,189,431,0.9034503698348999
689,82,627,211,135,337,0.8698921203613281
689,87,737,68,178,487,0.9251351356506348
689,90,5,126,105,319,0.8118883967399597
689,106,923,134,74,221,0.8731899261474609
689,110,1078,146,39,114,0.48292776942253113
689,112,386,150,50,134,0.7251387238502502
689,113,341,142,45,141,0.7198514938354492
690,55,98,98,105,346,0.8548199534416199
690,76,451,129,186,430,0.899054765701294
690,82,626,209,136,341,0.8618740439414978
690,87,738,70,177,485,0.9223868250846863
690,90,5,126,105,319,0.8099916577339172
690,106,922,135,75,220,0.8794000148773193
690,110,1078,146,40,118,0.4967705011367798
690,112,387,151,50,134,0.7227931618690491
690,113,341,142,45,142,0.6812577247619629
691,55,98,99,106,346,0.8599274158477783
691,76,453,130,183,428,0.8952603936195374
691,82,626,210,137,343,0.8631753325462341
691,87,738,73,176,483,0.9219673871994019
691,90,5,126,105,319,0.820212185382843
691,106,922,136,75,219,0.8857789039611816
691,110,1078,145,40,121,0.4748396873474121
691,112,388,151,50,136,0.7229293584823608
691,113,341,142,46,143,0.7112005352973938
691,118,437,151,74,143,0.48045027256011963
692,55,98,100,106,347,0.8673733472824097
692,76,455,133,179,424,0.8862021565437317
692,82,626,211,137,342,0.8528208136558533
692,87,738,75,176,483,0.9219990372657776
692,90,5,126,105,320,0.8279889822006226
692,106,921,136,75,219,0.8878868222236633
692,112,388,151,50,137,0.7094077467918396
692,113,341,143,47,143,0.7109158039093018
693,55,98,100,106,347,0.871411144733429
693,76,457,135,177,423,0.8805376291275024
693,82,627,213,136,341,0.8654749393463135
693,87,737,77,175,481,0.9239401817321777
693,90,4,125,107,321,0.822136402130127
693,106,920,136,75,219,0.8918245434761047
693,112,388,151,50,138,0.721663236618042
693,113,341,143,48,143,0.726902186870575
693,118,437,151,74,145,0.5059311985969543
694,55,99,100,105,348,0.8657445907592773
694,76,458,136,176,423,0.8794862031936646
694,82,627,216,135,338,0.8710996508598328
694,87,736,79,175,479,0.9291255474090576
694,90,4,125,107,321,0.825076162815094
694,106,919,136,75,219,0.8929479718208313
694,112,389,151,49,139,0.6901635527610779
694,113,342,143,49,143,0.6589955687522888
694,118,438,151,74,146,0.5142987966537476
695,55,99,100,105,348,0.8698325753211975
695,76,460,137,175,423,0.8821374773979187
695,82,626,218,135,336,0.8651954531669617
695,87,735,79,174,478,0.9232740998268127
695,90,4,124,107,322,0.8261270523071289
695,106,919,135,74,219,0.8896877765655518
695,112,389,151,49,139,0.7086155414581299
695,113,342,143,49,143,0.6300224661827087
695,118,438,151,75,147,0.5593095421791077
696,55,98,100,106,348,0.8691765666007996
696,76,461,139,174,421,0.8907768726348877
696,82,626,220,134,333,0.8663092851638794
696,87,735,80,173,475,0.9255445003509521
696,90,3,123,108,323,0.8255573511123657
696,106,918,135,74,219,0.8865334987640381
696,112,390,152,48,138,0.7362164855003357
696,113,341,144,50,143,0.5877357125282288
696,118,439,152,74,147,0.5204911231994629
697,55,98,100,106,349,0.8687056303024292
697,76,462,140,173,419,0.8893719911575317
697,82,625,219,134,335,0.8586512804031372
697,87,734,79,173,475,0.9246406555175781
697,90,3,123,108,324,0.8116726875305176
697,106,918,134,74,219,0.8860063552856445
697,112,391,152,47,138,0.7428226470947266
697,113,340,146,49,142,0.637493908405304
697,118,440,152,73,146,0.5845123529434204
698,55,98,101,106,349,0.8649983406066895
698,76,464,140,171,418,0.8860050439834595
698,82,624,219,133,333,0.8628011345863342
698,87,734,78,172,472,0.9225303530693054
698,90,3,124,108,322,0.809463381767273
698,106,918,134,74,219,0.8909964561462402
698,112,391,152,48,138,0.7319399118423462
698,113,340,146,49,142,0.6445980072021484
698,118,441,153,72,145,0.6178756356239319
698,109,286,157,26,95,0.45861291885375977
699,55,98,101,106,349,0.8648107647895813
699,76,464,139,171,417,0.8839449882507324
699,82,624,218,131,330,0.8592991232872009
699,87,733,77,171,470,0.9237433075904846
699,90,3,124,108,322,0.7991995811462402
699,106,918,134,74,220,0.8907433748245239
699,112,391,152,47,138,0.7559453845024109
699,113,340,147,49,143,0.65547114610672
699,118,441,154,72,144,0.6755632758140564
699,109,287,156,25,97,0.49361327290534973
700,55,98,101,106,349,0.8651669025421143
700,76,464,138,170,414,0.8763964176177979
700,82,623,217,130,328,0.8635194897651672
700,87,732,77,172,467,0.9258062243461609
700,90,4,124,108,323,0.7882799506187439
700,106,917,135,75,219,0.8932173848152161
700,112,391,152,47,138,0.7399066090583801
700,113,344,148,48,142,0.5897592902183533
700,118,440,156,72,143,0.6660287380218506
701,55,98,101,106,350,0.865225076675415
701,76,461,137,169,413,0.8813409805297852
701,82,622,215,130,329,0.8664909601211548
701,87,732,77,172,465,0.9279352426528931
701,90,5,123,108,325,0.7758511304855347
701,106,917,135,75,220,0.8960378766059875
701,112,392,152,46,139,0.7184532284736633
701,113,344,147,49,143,0.6361686587333679
701,118,440,157,71,144,0.6395528316497803
701,119,313,159,37,96,0.6042512655258179
701,109,287,157,26,97,0.5185379385948181
702,55,98,101,106,350,0.8704906702041626
702,76,458,135,169,413,0.88832026720047
702,82,621,214,130,329,0.8726857304573059
702,87,731,76,172,466,0.9285433292388916
702,90,7,124,107,324,0.7584647536277771
702,106,916,136,75,220,0.8989986181259155
702,112,392,153,45,138,0.6691709160804749
702,113,345,147,48,144,0.6309785842895508
702,118,439,159,71,143,0.5872752666473389
702,119,311,159,37,97,0.5963469743728638
702,109,287,158,25,97,0.4894859194755554
703,55,98,102,105,350,0.8782961964607239
703,76,454,135,170,414,0.9007013440132141
703,82,620,214,130,330,0.8720971941947937
703,87,730,76,174,466,0.9248734712600708
703,90,8,123,107,325,0.766521692276001
703,106,916,137,76,219,0.8978248238563538
703,112,391,155,45,137,0.6396706104278564
703,113,343,147,50,145,0.6824911832809448
703,118,439,159,71,144,0.5452799797058105
703,119,309,159,37,99,0.5500081777572632
704,55,99,102,105,350,0.8797516822814941
704,76,450,135,170,414,0.9042457938194275
704,82,619,213,130,330,0.8695449829101562
704,87,729,77,174,465,0.9233402609825134
704,90,12,123,106,325,0.7543381452560425
704,106,917,138,74,218,0.8940455913543701
704,112,391,157,44,135,0.6870777010917664
704,113,342,147,49,146,0.7586287260055542
704,118,437,159,71,144,0.48869773745536804
704,119,307,159,38,100,0.5151103138923645
704,120,0,144,61,286,0.5479395389556885
704,109,288,162,24,89,0.45905160903930664
705,55,99,103,104,350,0.8772390484809875
705,76,446,135,171,414,0.9050251245498657
705,82,618,214,130,330,0.8697546720504761
705,87,728,77,174,465,0.9221972823143005
705,90,14,123,104,325,0.7644159197807312
705,106,917,140,74,217,0.8872809410095215
705,112,392,158,42,133,0.7028205990791321
705,113,341,147,49,145,0.7676652669906616
705,118,436,159,70,144,0.5078891515731812
705,119,307,159,37,99,0.4926707446575165
705,120,0,145,56,251,0.6121074557304382
705,110,1079,152,38,116,0.47515249252319336
706,55,98,103,105,350,0.8771442770957947
706,76,443,136,171,414,0.915917694568634
706,82,618,216,129,328,0.8717755675315857
706,87,727,78,175,464,0.924750030040741
706,90,11,122,104,325,0.754986047744751
706,106,917,143,74,214,0.8866757750511169
706,112,392,158,43,134,0.7176095843315125
706,113,340,147,49,145,0.7457274794578552
706,118,435,158,70,144,0.5046637058258057
706,119,307,161,36,97,0.4807814955711365
706,120,0,142,60,289,0.633125901222229
706,110,1080,152,38,117,0.474465548992157
706,109,288,164,25,92,0.48273757100105286
707,55,98,103,105,350,0.8725581169128418
707,76,438,137,172,413,0.9199069738388062
707,82,618,217,128,328,0.8628600239753723
707,87,726,79,175,464,0.9258614778518677
707,90,9,122,104,326,0.7310875058174133
707,106,917,145,74,212,0.8842476606369019
707,112,392,159,42,133,0.7133181691169739
707,113,339,148,49,144,0.7539176344871521
707,118,435,158,70,144,0.4986160099506378
707,119,307,161,36,96,0.509218156337738
707,120,0,142,60,302,0.696357011795044
707,110,1080,152,38,119,0.47707226872444153
707,109,288,164,26,93,0.46936801075935364
708,55,98,103,105,351,0.875129222869873
708,76,433,140,173,411,0.9248420596122742
708,82,618,219,129,328,0.8667445778846741
708,87,725,81,175,462,0.9277927279472351
708,90,16,123,102,326,0.7194191813468933
708,106,918,146,73,211,0.8805720210075378
708,112,392,158,42,134,0.7284457683563232
708,113,338,148,50,145,0.7777882218360901
708,118,436,158,71,145,0.45096856355667114
708,119,305,162,36,98,0.470226526260376
708,120,0,143,60,307,0.702976405620575
708,110,1080,153,37,119,0.4521857798099518
709,55,99,104,104,350,0.8830199241638184
709,76,429,142,174,409,0.9251174330711365
709,82,618,220,128,327,0.8718883395195007
709,87,725,83,175,461,0.9267336130142212
709,90,20,123,100,328,0.7227250337600708
709,106,918,146,73,211,0.8803423643112183
709,112,392,159,42,133,0.7403787970542908
709,113,337,149,50,145,0.7772323489189148
709,119,301,162,37,99,0.5311782360076904
709,120,0,144,60,309,0.7302374243736267
710,55,98,104,104,351,0.8847763538360596
710,76,425,145,175,406,0.9221872687339783
710,82,618,222,128,326,0.8641447424888611
710,87,725,87,174,458,0.9249496459960938
710,90,21,124,99,329,0.7203693985939026
710,106,917,147,74,210,0.8801494836807251
710,112,392,159,42,133,0.7465209364891052
710,113,336,149,50,147,0.8001683950424194
710,119,296,162,37,101,0.519408106803894
710,120,0,146,60,308,0.748832643032074
711,55,98,104,104,351,0.8853687047958374
711,76,423,148,175,403,0.9205276370048523
711,82,618,222,128,327,0.8659587502479553
711,87,726,90,173,455,0.9248757362365723
711,90,23,124,96,329,0.7329908013343811
711,106,918,147,73,210,0.8754144310951233
711,112,393,159,42,134,0.7589506506919861
711,113,336,150,50,146,0.791016161441803
711,119,295,163,37,100,0.5431203842163086
711,120,0,148,59,305,0.7469375133514404
712,55,98,104,104,351,0.8834770321846008
712,76,421,150,176,401,0.9148023724555969
712,82,618,222,128,326,0.8644753694534302
712,87,727,91,172,455,0.9220760464668274
712,90,23,124,95,329,0.7490084767341614
712,106,918,146,74,211,0.8764551877975464
712,112,393,159,42,134,0.7503737211227417
712,113,336,151,50,145,0.789853572845459
712,119,294,163,37,100,0.5870028138160706
712,120,0,149,58,303,0.7379235625267029
712,118,440,156,63,130,0.49871715903282166
713,55,98,105,103,350,0.880790114402771
713,76,418,150,178,401,0.9121602773666382
713,82,620,223,125,317,0.8615795373916626
713,87,728,92,173,454,0.9214900732040405
713,90,24,124,93,329,0.7696326971054077
713,106,919,147,74,210,0.8784854412078857
713,112,394,159,41,134,0.7375441789627075
713,113,335,151,50,145,0.8085345029830933
713,119,294,163,37,101,0.5813362002372742
713,120,0,149,57,303,0.7632757425308228
713,118,440,156,61,124,0.526160717010498
713,110,1076,158,36,114,0.5333691835403442
714,55,98,105,103,350,0.8804435133934021
714,76,417,149,178,401,0.9101321697235107
714,82,623,222,124,313,0.8614540100097656
714,87,730,91,173,455,0.9207367897033691
714,90,25,124,92,331,0.772560715675354
714,106,920,146,73,211,0.8839236497879028
714,112,393,159,41,135,0.719837486743927
714,113,333,151,51,145,0.7867273688316345
714,119,294,162,38,102,0.5768026113510132
714,120,0,148,57,303,0.7774535417556763
714,118,439,157,58,118,0.5131117105484009
714,110,1075,160,36,113,0.5782435536384583
715,55,98,105,103,351,0.8709959983825684
715,76,415,149,179,401,0.9104872941970825
715,82,624,222,126,312,0.8579437136650085
715,87,732,90,173,455,0.9272692203521729
715,90,25,125,91,331,0.7584287524223328
715,106,920,146,74,211,0.8922020792961121
715,112,393,159,41,136,0.704587996006012
715,113,332,152,51,144,0.788323163986206
715,119,294,163,38,101,0.5307934880256653
715,120,0,147,56,304,0.7821534276008606
715,110,1073,160,36,113,0.6322616934776306
716,55,98,105,103,351,0.8752410411834717
716,76,414,148,179,400,0.9099228382110596
716,82,623,220,129,317,0.8650685548782349
716,87,735,89,171,453,0.9287694096565247
716,90,25,124,90,331,0.7847118973731995
716,106,920,146,74,212,0.8911731243133545
716,112,393,160,41,135,0.6852031946182251
716,113,330,153,52,143,0.7681193351745605
716,119,295,165,36,99,0.4726926386356354
716,120,0,147,55,304,0.8021478652954102
716,110,1072,160,37,115,0.6438446640968323
717,55,98,105,102,351,0.8666394352912903
717,76,416,146,177,397,0.9159917235374451
717,82,623,220,130,319,0.8657598495483398
717,87,736,89,171,450,0.9307450652122498
717,90,25,124,89,331,0.7907737493515015
717,106,921,146,73,212,0.8941178917884827
717,112,394,160,40,136,0.6995483636856079
717,113,329,152,53,144,0.7365924715995789
717,120,0,146,54,306,0.7982326149940491
717,110,1072,161,37,114,0.6219445466995239
718,55,97,105,102,351,0.8638495206832886
718,76,419,145,176,395,0.9106820225715637
718,82,622,220,132,320,0.8711559176445007
718,87,737,88,170,450,0.9300969839096069
718,90,27,124,88,331,0.7929288148880005
718,106,921,146,74,213,0.8930509686470032
718,112,395,160,39,135,0.6363767981529236
718,113,329,152,53,144,0.6957887411117554
718,120,0,146,52,307,0.7805461883544922
718,110,1071,161,37,114,0.6123552322387695
719,55,98,105,101,351,0.8583047389984131
719,76,422,145,175,392,0.9089885354042053
719,82,621,221,133,319,0.8793737292289734
719,87,738,88,170,449,0.9312245845794678
719,90,29,125,86,330,0.7840209603309631
719,106,921,146,74,213,0.8888936042785645
719,112,396,161,39,134,0.6907292008399963
719,113,329,153,52,143,0.6759438514709473
719,120,0,144,51,307,0.7221728563308716
719,110,1070,162,38,113,0.639411211013794
719,119,303,169,34,93,0.4920089542865753
720,55,97,105,102,351,0.8559795618057251
720,76,426,144,173,393,0.9090908765792847
720,82,620,221,133,319,0.8797188401222229
720,87,737,88,170,449,0.9301393628120422
720,90,29,126,86,330,0.7894979119300842
720,106,921,146,73,213,0.8812976479530334
720,112,396,162,39,134,0.7158274054527283
720,113,327,152,52,145,0.6690053343772888
720,120,0,144,51,307,0.6730678081512451
720,110,1069,162,38,114,0.6266631484031677
720,109,285,169,27,95,0.47925394773483276
721,55,97,105,101,351,0.8622232675552368
721,76,429,143,172,393,0.9074761867523193
721,82,618,223,135,318,0.8773370981216431
721,87,737,89,169,448,0.9296289086341858
721,90,27,127,86,329,0.7779816389083862
721,106,921,147,73,212,0.8792235851287842
721,112,396,164,39,133,0.7285891771316528
721,113,325,152,52,145,0.6420857310295105
721,120,0,144,49,298,0.639748215675354
721,110,1068,162,38,113,0.6204725503921509
722,55,96,106,101,350,0.874409556388855
722,76,430,143,171,393,0.9071080684661865
722,82,617,225,135,316,0.8921431303024292
722,87,737,89,169,448,0.92649245262146
722,90,27,127,85,329,0.8137205839157104
722,106,921,148,72,211,0.8774224519729614
722,112,396,165,40,132,0.7334526777267456
722,113,320,151,53,147,0.6571844816207886
722,120,0,150,46,280,0.6055106520652771
722,110,1068,162,37,113,0.6064674258232117
722,109,281,166,28,96,0.5710827708244324
723,55,95,106,102,350,0.8643940687179565
723,76,432,144,169,392,0.9066968560218811
723,82,616,227,135,314,0.8927744626998901
723,87,737,89,168,448,0.9261426329612732
723,90,27,127,85,329,0.8055156469345093
723,106,922,149,71,210,0.876785159111023
723,112,396,166,40,132,0.7433146834373474
723,113,318,151,53,147,0.6458240151405334
723,120,0,153,44,260,0.6254569888114929
723,110,1067,162,37,114,0.591081440448761
723,109,278,164,29,100,0.5459126234054565
724,55,95,106,101,350,0.8749324083328247
724,76,432,146,168,390,0.9066177606582642
724,82,616,228,135,312,0.8922983407974243
724,87,736,91,167,446,0.9253333806991577
724,90,28,128,84,328,0.8295740485191345
724,106,922,150,71,208,0.873424232006073
724,112,396,167,40,131,0.7478486895561218
724,113,316,151,54,146,0.7433040142059326
724,120,0,158,41,239,0.6348324418067932
724,110,1065,161,37,116,0.5975726842880249
725,55,95,107,101,349,0.8728312253952026
725,76,434,147,165,390,0.900835394859314
725,82,615,228,137,313,0.8899323344230652
725,87,736,93,166,444,0.9270946383476257
725,90,29,135,82,321,0.8428635597229004
725,106,922,151,70,207,0.8708307147026062
725,112,395,166,41,132,0.7228511571884155
725,113,315,150,53,147,0.7448457479476929
725,120,0,163,38,226,0.543765127658844
725,110,1063,161,38,116,0.6122186183929443
726,55,95,108,101,349,0.8724571466445923
726,76,435,150,164,387,0.9014742374420166
726,82,614,228,137,308,0.8934140801429749
726,87,735,94,164,443,0.9242103099822998
726,90,27,139,83,318,0.858043909072876
726,106,922,152,70,206,0.8715813755989075
726,112,394,163,41,135,0.7052839398384094
726,113,314,150,53,146,0.7617111802101135
726,120,0,163,37,224,0.49947020411491394
726,110,1063,161,37,115,0.6498924493789673
727,55,97,111,100,346,0.867874026298523
727,76,436,152,162,386,0.9009614586830139
727,82,613,226,138,308,0.8956941962242126
727,87,734,96,163,441,0.9195110201835632
727,90,26,134,84,323,0.8625643253326416
727,106,922,152,70,205,0.868918240070343
727,112,393,162,42,137,0.7421911358833313
727,113,313,151,53,145,0.7827554941177368
727,120,0,163,35,224,0.49336057901382446
727,110,1062,160,37,116,0.609929084777832
728,55,96,110,102,347,0.8679215312004089
728,76,437,154,160,384,0.9018100500106812
728,82,612,224,139,309,0.8802330493927002
728,87,733,97,162,440,0.9147577881813049
728,90,24,132,86,325,0.8688667416572571
728,106,921,152,70,206,0.8626117706298828
728,112,392,161,43,139,0.7288193702697754
728,113,311,152,53,144,0.8108556866645813
728,110,1061,159,38,117,0.5879666805267334
729,55,97,109,102,348,0.8652622103691101
729,76,438,155,158,383,0.8974471092224121
729,82,611,223,140,309,0.8914456367492676
729,87,733,99,160,438,0.9136369824409485
729,90,23,132,87,325,0.8782382607460022
729,106,920,152,70,206,0.8671786785125732
729,112,391,160,43,140,0.7315256595611572
729,113,310,152,54,144,0.7870527505874634
729,110,1061,158,37,118,0.578604519367218
730,55,97,109,103,348,0.8613298535346985
730,76,439,156,157,381,0.8939641118049622
730,82,610,223,141,308,0.8883445262908936
730,87,732,100,159,436,0.9084765315055847
730,90,22,132,88,325,0.8755054473876953
730,106,919,151,70,207,0.8684554100036621
730,112,389,159,43,140,0.7345952391624451
730,113,309,152,54,145,0.790890097618103
730,110,1060,158,37,117,0.5801374316215515
730,118,419,159,75,151,0.46457841992378235
731,55,98,109,103,350,0.8573099374771118
731,76,439,155,156,382,0.8956841826438904
731,82,609,223,142,309,0.8891711831092834
731,87,731,100,159,436,0.9040254950523376
731,90,20,131,89,326,0.8699572682380676
731,106,919,151,69,207,0.8686169385910034
731,112,388,158,43,141,0.7123295068740845
731,113,309,152,54,146,0.8015542030334473
731,110,1059,158,37,116,0.5504918098449707
731,118,418,159,76,153,0.5611785054206848
732,55,98,108,104,352,0.8606405854225159
732,76,439,154,156,382,0.8969390392303467
732,82,608,224,143,308,0.8853771090507507
732,87,730,99,159,436,0.9021239280700684
732,90,17,131,91,327,0.8646845817565918
732,106,919,151,69,207,0.861843466758728
732,112,387,158,43,142,0.717636227607727
732,113,308,153,54,145,0.7979951500892639
732,110,1059,160,36,114,0.4994294047355652
732,118,417,159,77,153,0.5286883115768433
733,55,98,108,105,354,0.8632280826568604
733,76,439,153,154,380,0.9023957848548889
733,82,608,227,142,306,0.895861029624939
733,87,730,99,158,432,0.9048914313316345
733,90,15,136,90,322,0.8442897796630859
733,106,919,151,69,207,0.8599408864974976
733,112,386,158,43,142,0.7372823357582092
733,113,307,153,54,145,0.8143659234046936
733,110,1058,160,36,115,0.5095035433769226
733,118,417,160,76,148,0.483018696308136
734,55,98,108,106,354,0.8618135452270508
734,76,439,151,153,378,0.9035208225250244
734,82,608,230,142,302,0.8979034423828125
734,87,731,98,156,428,0.9110413193702698
734,90,11,133,93,325,0.8401479125022888
734,106,919,151,69,208,0.8644750118255615
734,112,386,159,43,140,0.7597467303276062
734,113,307,154,53,143,0.7671810984611511
734,118,417,160,76,147,0.46556439995765686
735,55,98,108,107,355,0.866850733757019
735,76,437,151,153,377,0.9055623412132263
735,82,608,230,142,302,0.90094393491745
735,87,730,97,157,428,0.9120994806289673
735,90,9,131,94,328,0.8339337706565857
735,106,919,151,69,209,0.8678622245788574
735,112,386,160,43,139,0.7486618757247925
735,113,307,156,52,141,0.7237773537635803
735,118,418,160,74,142,0.4667991101741791
736,55,98,108,108,356,0.8814656734466553
736,76,434,150,155,379,0.9082295298576355
736,82,609,231,141,300,0.8985429406166077
736,87,730,97,157,427,0.9069761633872986
736,90,7,131,94,329,0.8388241529464722
736,106,920,152,69,208,0.8703974485397339
736,112,385,161,44,139,0.7580655813217163
736,113,307,157,52,141,0.7012466788291931
736,118,420,162,69,131,0.5050041079521179
736,110,1058,164,35,112,0.4544019103050232
737,55,98,107,109,357,0.8882977962493896
737,76,431,149,156,379,0.9051648378372192
737,82,609,231,141,299,0.875434160232544
737,87,730,97,157,427,0.907215416431427
737,90,6,132,95,329,0.8454660177230835
737,106,920,152,69,208,0.8824014067649841
737,112,384,162,44,138,0.7603594660758972
737,113,308,156,53,142,0.6990102529525757
737,118,420,162,69,128,0.4799957871437073
738,55,98,108,110,357,0.8899735808372498
738,76,426,149,158,379,0.9156168699264526
738,82,610,231,141,301,0.8836138844490051
738,87,728,97,159,427,0.9080265164375305
738,90,5,133,96,329,0.8441117405891418
738,106,920,153,69,208,0.8869026303291321
738,112,383,162,46,138,0.7721019983291626
738,113,306,156,53,143,0.6822460293769836
738,118,419,162,70,127,0.4805467128753662
738,121,339,160,28,113,0.5256595015525818
739,55,98,108,111,358,0.8846441507339478
739,76,423,150,160,379,0.91522216796875
739,82,611,231,139,300,0.8865970373153687
739,87,728,98,159,426,0.903914213180542
739,90,4,134,96,330,0.8552612066268921
739,106,921,154,69,207,0.8920403122901917
739,112,382,162,47,139,0.7736777067184448
739,113,304,157,52,143,0.6807224750518799
739,118,419,163,70,128,0.48965466022491455
739,121,340,160,27,110,0.5043901801109314
740,55,99,109,111,355,0.8801808953285217
740,76,420,150,162,380,0.9172402620315552
740,82,612,229,139,300,0.8905613422393799
740,87,726,97,161,428,0.9021515250205994
740,90,3,134,97,332,0.863389253616333
740,106,921,156,69,206,0.899172306060791
740,112,382,162,48,139,0.761113166809082
740,113,304,157,52,143,0.6914357542991638
740,118,418,163,72,133,0.49074870347976685
740,121,341,161,27,109,0.4833695590496063
741,55,98,109,112,354,0.8876810669898987
741,76,418,151,163,379,0.9153937697410583
741,82,613,228,138,299,0.8939564228057861
741,87,725,97,161,429,0.9022178649902344
741,90,2,135,98,332,0.8823363184928894
741,106,922,157,68,205,0.8999334573745728
741,112,381,163,49,139,0.7548761963844299
741,113,303,157,51,143,0.6803190112113953
741,118,416,164,75,136,0.4611280560493469
741,121,341,161,28,109,0.525621235370636
741,109,274,168,29,102,0.543617308139801
742,55,97,110,113,353,0.8834370970726013
742,76,416,154,164,376,0.9090182781219482
742,82,613,225,139,304,0.8792782425880432
742,87,725,99,161,427,0.8873004913330078
742,90,1,134,98,333,0.8780882358551025
742,106,922,160,68,203,0.9017953872680664
742,112,381,163,49,139,0.7448732852935791
742,113,303,157,50,144,0.6442655324935913
742,118,415,165,76,140,0.4710555970668793
742,121,342,161,28,111,0.46359434723854065
742,109,275,171,28,99,0.47802335023880005
743,55,95,111,114,353,0.8795620203018188
743,76,414,158,164,372,0.9066953063011169
743,82,613,223,138,306,0.8728036284446716
743,87,724,101,161,426,0.8803523182868958
743,90,0,133,96,332,0.8586530089378357
743,106,922,161,68,202,0.9034091830253601
743,112,381,164,50,138,0.7308279275894165
743,113,303,158,49,143,0.6093711256980896
743,118,415,165,78,143,0.49033111333847046
743,121,344,161,29,110,0.492760568857193
744,55,93,112,116,353,0.8828247785568237
744,76,411,160,166,371,0.9090369939804077
744,82,614,222,137,306,0.8711712956428528
744,87,723,103,161,424,0.8779640793800354
744,90,0,134,94,331,0.8529822826385498
744,106,923,162,68,202,0.9030041694641113
744,112,381,164,50,138,0.7201209664344788
744,113,304,158,48,144,0.5901321172714233
744,118,416,164,77,141,0.4608655869960785
744,121,347,160,29,112,0.47697943449020386
744,109,276,173,28,97,0.5143276453018188
745,55,92,112,117,354,0.8864866495132446
745,76,410,162,166,368,0.9091740250587463
745,82,615,223,136,304,0.8734813928604126
745,87,723,105,160,422,0.8833566308021545
745,90,0,135,93,331,0.8638219833374023
745,106,924,163,68,201,0.9006730914115906
745,112,382,165,50,138,0.7232586741447449
745,113,304,158,49,144,0.6016238331794739
745,118,416,165,75,138,0.5074572563171387
745,121,352,164,29,110,0.5140258073806763
745,109,277,174,29,96,0.586273193359375
746,55,92,113,118,355,0.8922703862190247
746,76,409,164,166,365,0.9094526171684265
746,82,616,226,134,300,0.883335292339325
746,87,722,106,160,421,0.8827382922172546
746,90,0,135,92,331,0.8683324456214905
746,106,925,162,67,201,0.9030076861381531
746,112,382,168,49,135,0.7120459079742432
746,113,305,158,49,145,0.6491847038269043
746,118,415,167,74,134,0.5202062726020813
746,121,354,166,29,108,0.5596957802772522
746,109,277,177,29,93,0.550266444683075
747,55,92,114,119,355,0.8981652855873108
747,76,408,163,167,365,0.9089578986167908
747,82,618,229,132,294,0.8898603916168213
747,87,723,107,159,420,0.8755781054496765
747,90,0,136,91,331,0.8666940927505493
747,106,925,162,67,201,0.9033623933792114
747,112,382,170,49,134,0.7071372866630554
747,113,306,157,49,146,0.6679317355155945
747,118,415,167,73,132,0.5139204859733582
747,121,355,168,29,106,0.6072419285774231
747,109,277,179,30,92,0.5206761360168457
748,55,91,115,120,354,0.9013077020645142
748,76,408,162,168,365,0.9065632820129395
748,82,619,230,131,292,0.8806883096694946
748,87,724,108,159,419,0.8764932155609131
748,90,0,134,91,334,0.8601511120796204
748,106,926,161,67,202,0.9097890257835388
748,112,381,171,49,132,0.6899188160896301
748,113,306,158,49,146,0.7194970846176147
748,118,414,168,74,135,0.5063003897666931
748,121,357,172,28,101,0.6064373850822449
749,55,90,115,121,355,0.897882878780365
749,76,410,161,168,364,0.9107562899589539
749,82,619,231,131,291,0.8811681270599365
749,87,725,108,158,419,0.8769318461418152
749,90,0,133,91,336,0.8572521209716797
749,106,927,161,67,202,0.9068962335586548
749,112,381,171,49,132,0.7089871764183044
749,113,305,158,50,147,0.7120347023010254
749,121,358,174,28,99,0.6178061962127686
750,55,89,115,121,355,0.8926157355308533
750,76,413,160,166,361,0.9111109972000122
750,82,619,231,131,291,0.8777193427085876
750,87,727,108,159,418,0.8739376664161682
750,90,0,132,90,338,0.8727139234542847
750,106,928,161,68,201,0.9112372994422913
750,112,382,171,49,132,0.6408566832542419
750,113,304,159,50,147,0.6913405060768127
750,121,359,174,29,99,0.5250692963600159
751,55,87,116,123,355,0.8891350626945496
751,76,416,158,166,361,0.9071311354637146
751,82,619,231,132,292,0.8789926767349243
751,87,729,108,158,416,0.8828252553939819
751,90,0,132,90,339,0.8771144151687622
751,106,929,160,68,201,0.9122430086135864
751,112,379,170,49,133,0.7016015648841858
751,113,302,159,51,147,0.7215979099273682
752,55,85,116,124,355,0.8914703726768494
752,76,421,156,165,363,0.9060518145561218
752,82,619,231,132,290,0.8869727849960327
752,87,730,107,158,413,0.8801255822181702
752,90,0,133,89,339,0.8737899661064148
752,106,930,160,68,201,0.9117328524589539
752,112,375,169,51,134,0.7432418465614319
752,113,300,159,52,147,0.7863709330558777
752,118,417,169,69,126,0.5005907416343689
753,55,84,115,124,357,0.8892856240272522
753,76,425,154,164,364,0.9058976769447327
753,82,619,231,132,289,0.8902890682220459
753,87,731,106,158,412,0.8852004408836365
753,90,0,134,88,339,0.8690805435180664
753,106,930,160,68,201,0.9078992605209351
753,112,374,169,52,134,0.7438504695892334
753,113,299,158,53,147,0.8220605850219727
753,118,417,170,69,127,0.5091997981071472
754,55,82,114,126,358,0.8905348777770996
754,76,429,154,163,364,0.9020150899887085
754,82,619,230,132,289,0.895381510257721
754,87,731,106,158,412,0.8880030512809753
754,90,0,135,87,338,0.8566890358924866
754,106,931,160,68,200,0.8974778652191162
754,112,373,169,54,135,0.8042520880699158
754,113,298,157,54,148,0.8163025975227356
754,118,417,170,68,126,0.4721837043762207
755,55,80,116,127,356,0.8927270770072937
755,76,432,155,161,362,0.8957337141036987
755,82,619,228,132,290,0.8897872567176819
755,87,731,106,157,411,0.9010943174362183
755,90,0,135,86,339,0.847998857498169
755,106,932,160,68,200,0.8952926397323608
755,112,373,168,54,137,0.8004582524299622
755,113,298,158,53,147,0.8002341389656067
755,118,416,171,70,129,0.4739438593387604
756,55,79,116,127,356,0.9010480046272278
756,76,434,155,158,361,0.8881093263626099
756,82,619,228,132,288,0.8898704051971436
756,87,731,106,156,411,0.8971125483512878
756,90,0,137,86,337,0.864377498626709
756,106,932,160,69,202,0.8881155848503113
756,112,374,168,55,137,0.7880143523216248
756,113,297,161,53,144,0.8187538981437683
757,55,78,116,129,356,0.9000505805015564
757,76,436,158,157,358,0.8911710381507874
757,82,619,228,133,288,0.8906527757644653
757,87,731,106,156,411,0.895135760307312
757,90,0,138,85,337,0.8650708794593811
757,106,933,161,70,202,0.872501015663147
757,112,375,168,54,137,0.8316624164581299
757,113,297,163,53,143,0.8062372803688049
757,118,415,171,73,135,0.479840487241745
758,55,77,115,130,358,0.900193989276886
758,76,440,159,154,356,0.8913545608520508
758,82,619,229,132,287,0.8902508020401001
758,87,731,107,155,410,0.8848553895950317
758,90,0,138,85,338,0.8548027873039246
758,106,934,162,70,201,0.8672959804534912
758,112,375,168,55,137,0.8422430753707886
758,113,297,164,53,141,0.7934651970863342
758,118,416,171,74,138,0.5242918729782104
759,55,76,115,132,358,0.8994557857513428
759,76,442,161,152,353,0.8788677453994751
759,82,618,230,134,287,0.8921602368354797
759,87,731,109,154,409,0.8862718343734741
759,90,0,138,84,339,0.8348156809806824
759,106,935,163,70,200,0.8735625743865967
759,112,376,168,53,137,0.8245513439178467
759,113,297,164,53,141,0.7239928245544434
759,122,847,188,59,234,0.5622511506080627
760,55,75,114,133,359,0.8965064287185669
760,76,444,162,151,354,0.8906950950622559
760,82,619,231,133,285,0.8911123275756836
760,87,731,110,153,408,0.8831670880317688
760,90,0,139,84,338,0.8564579486846924
760,106,936,164,69,199,0.8766338229179382
760,112,376,168,52,136,0.8104171752929688
760,113,297,164,54,142,0.7239272594451904
760,122,846,190,59,234,0.545021653175354
760,118,417,170,78,147,0.4835580885410309
761,55,75,112,135,362,0.8962684273719788
761,76,446,164,150,352,0.888319194316864
761,82,620,233,132,283,0.8931626677513123
761,87,732,111,151,406,0.8778525590896606
761,90,0,139,84,338,0.8655412197113037
761,106,937,164,69,199,0.8736137747764587
761,112,376,169,52,135,0.8133687376976013
761,113,297,165,54,141,0.7085915207862854
761,122,843,180,62,246,0.5712637305259705
761,118,418,169,79,150,0.5442389249801636
762,55,75,112,136,364,0.8971279859542847
762,76,448,165,148,351,0.8906648755073547
762,82,620,234,132,280,0.8816297054290771
762,87,733,112,150,405,0.870107114315033
762,90,0,138,84,339,0.8721498847007751
762,106,938,165,69,197,0.8758596777915955
762,112,375,170,52,134,0.8230496644973755
762,113,295,165,54,142,0.615925669670105
762,122,841,176,63,251,0.5289932489395142
762,118,419,169,78,151,0.604019820690155
763,55,74,114,136,362,0.895229160785675
763,76,449,165,147,351,0.8952365517616272
763,82,621,234,130,278,0.8667382001876831
763,87,733,114,149,403,0.8786592483520508
763,90,0,137,84,340,0.8725326061248779
763,106,938,165,69,197,0.8703637719154358
763,112,375,170,51,135,0.8361061811447144
763,113,295,165,53,143,0.6433818340301514
763,122,842,174,63,253,0.47675618529319763
763,118,419,169,79,153,0.610140323638916
764,55,73,115,137,362,0.8970738053321838
764,76,451,164,145,351,0.8956506252288818
764,82,621,234,131,279,0.8641942143440247
764,87,734,117,147,400,0.8850185871124268
764,90,0,137,84,339,0.8661290407180786
764,106,938,165,69,198,0.8644400835037231
764,112,375,171,51,133,0.8104133605957031
764,113,294,166,53,142,0.6147111058235168
764,122,844,173,65,254,0.6689823865890503
764,118,419,169,79,154,0.5849368572235107
765,55,73,113,138,366,0.8995598554611206
765,76,451,162,145,353,0.8890107870101929
765,82,621,234,131,277,0.8908603191375732
765,87,731,117,146,400,0.8900508284568787
765,90,0,135,83,342,0.8631960153579712
765,106,938,164,70,199,0.8629648685455322
765,112,375,171,51,133,0.8169323205947876
765,113,293,166,53,141,0.5630031228065491
765,122,842,171,66,256,0.7171763181686401
765,118,421,170,77,151,0.561617374420166
766,55,72,114,139,367,0.9079569578170776
766,76,451,160,145,353,0.8930792808532715
766,82,621,233,131,276,0.8948827981948853
766,87,730,117,144,397,0.8882659673690796
766,90,0,134,83,344,0.8676115274429321
766,106,939,163,70,201,0.8638198971748352
766,112,375,171,50,133,0.7548606991767883
766,113,293,166,53,140,0.5149358510971069
766,122,840,170,67,258,0.7562592029571533
766,118,422,171,75,148,0.5984627604484558
767,55,72,114,139,368,0.909058153629303
767,76,452,160,143,351,0.8991536498069763
767,82,621,232,131,276,0.8901282548904419
767,87,728,117,143,398,0.8890601396560669
767,90,0,134,82,346,0.8631278276443481
767,106,940,163,70,202,0.8697091937065125
767,112,375,172,50,133,0.6918531060218811
767,113,292,165,52,142,0.4922061860561371
767,122,841,170,68,257,0.7554726600646973
767,118,423,172,73,145,0.5878729224205017
768,55,72,115,139,367,0.9036505818367004
768,76,450,159,143,350,0.9056648015975952
768,82,621,231,130,276,0.8864058256149292
768,87,726,116,142,397,0.9059919118881226
768,90,0,133,81,349,0.8512313961982727
768,106,941,163,70,202,0.8769508004188538
768,112,375,172,50,134,0.7137040495872498
768,113,290,164,53,144,0.6251039505004883
768,122,841,170,69,257,0.7855464816093445
768,118,424,173,71,142,0.5889561772346497
