frame_idx,track_id,x,y,w,h,conf
0,1,7,128,320,746,0.9159823060035706
0,2,1367,129,335,766,0.896901547908783
0,3,367,53,380,861,0.8954638838768005
0,4,1096,132,173,477,0.862036943435669
0,5,298,152,117,331,0.8171209692955017
0,6,890,157,93,292,0.7103736400604248
1,1,12,132,317,735,0.9098021984100342
1,2,1367,126,338,775,0.9019132852554321
1,3,366,53,380,860,0.8965002298355103
1,4,1096,131,174,478,0.8449392914772034
1,5,294,152,117,333,0.7766361832618713
1,6,889,154,92,289,0.6336051225662231
2,1,23,130,315,732,0.9105250239372253
2,2,1367,125,338,775,0.9001891613006592
2,3,367,56,377,855,0.9023102521896362
2,4,1094,128,174,479,0.7799128293991089
2,5,294,152,115,328,0.7054023742675781
2,6,891,152,92,288,0.6536625027656555
3,1,31,130,314,729,0.9121166467666626
3,2,1367,125,339,778,0.8986999988555908
3,3,368,58,375,850,0.9054219126701355
3,4,1092,125,175,482,0.7874064445495605
3,5,291,150,114,326,0.5610792636871338
3,6,890,149,92,288,0.6729797124862671
3,7,765,138,131,302,0.6731285452842712
4,1,38,123,316,733,0.913662850856781
4,2,1369,124,340,780,0.899259090423584
4,3,367,60,374,846,0.9012200236320496
4,4,1089,124,176,485,0.7970039248466492
4,6,889,146,93,290,0.7044457793235779
4,7,764,137,132,304,0.6539790034294128
5,1,44,114,317,739,0.905543863773346
5,2,1369,125,340,781,0.8861340880393982
5,3,364,61,373,843,0.8650277853012085
5,4,1089,124,175,485,0.808493435382843
5,6,889,147,93,289,0.6788015365600586
5,7,768,150,126,290,0.5797877311706543
5,5,298,147,94,265,0.46568626165390015
6,1,50,109,314,733,0.8972829580307007
6,2,1369,126,342,787,0.8882548809051514
6,3,362,62,371,839,0.880767822265625
6,4,1087,124,174,486,0.8032791614532471
6,6,889,147,93,288,0.6611205339431763
6,7,774,174,116,267,0.5094358921051025
6,8,997,140,71,211,0.46082669496536255
7,1,57,108,310,722,0.8899814486503601
7,2,1369,128,342,790,0.8767798542976379
7,3,362,62,369,835,0.8956747055053711
7,4,1086,126,172,482,0.7704538702964783
7,6,887,147,92,288,0.6375799775123596
7,7,761,143,130,298,0.5801607370376587
7,8,998,141,71,210,0.46033456921577454
8,1,63,106,307,716,0.8823977708816528
8,2,1369,130,342,790,0.871573269367218
8,3,359,61,368,834,0.8986974358558655
8,4,1085,127,173,485,0.7794543504714966
8,6,885,146,93,288,0.6392389535903931
8,7,757,137,131,303,0.5981974005699158
8,8,997,142,70,212,0.5065719485282898
9,1,69,106,305,711,0.8743211627006531
9,2,1370,130,341,790,0.8797813653945923
9,3,357,59,365,832,0.8965916037559509
9,4,1086,129,173,486,0.7750974297523499
9,6,885,145,94,291,0.669748067855835
9,7,754,132,134,309,0.5877488851547241
9,8,995,142,71,213,0.5184527635574341
10,1,75,105,305,713,0.8617538213729858
10,2,1372,130,340,791,0.8645952343940735
10,3,355,56,360,827,0.8857933282852173
10,4,1087,130,173,488,0.796320915222168
10,6,886,146,95,291,0.6695761680603027
10,7,752,132,135,311,0.5058662295341492
10,8,996,142,70,211,0.5083674192428589
11,1,88,106,302,713,0.8499361276626587
11,2,1374,129,340,794,0.8710611462593079
11,3,357,54,354,821,0.9028156995773315
11,4,1087,131,174,490,0.8065393567085266
11,6,888,147,95,291,0.691977858543396
11,7,752,132,135,312,0.5795410871505737
11,8,997,143,70,209,0.4576404094696045
12,1,91,108,300,712,0.853396475315094
12,2,1377,127,341,797,0.8745411038398743
12,3,357,52,349,819,0.9004871845245361
12,4,1087,131,175,491,0.803286075592041
12,6,890,146,96,294,0.7065514326095581
12,7,751,136,134,310,0.6410744190216064
13,1,99,109,298,714,0.8596145510673523
13,2,1378,126,342,798,0.8692580461502075
13,3,355,51,344,819,0.8886361718177795
13,4,1085,130,176,495,0.8337581157684326
13,6,891,145,97,296,0.7401379346847534
13,7,752,140,132,305,0.5616269111633301
13,8,999,145,69,210,0.4836650788784027
14,1,100,113,297,713,0.8677084445953369
14,2,1379,126,343,799,0.8951842784881592
14,3,354,52,338,817,0.8697306513786316
14,4,1085,130,178,499,0.8336077332496643
14,6,893,146,97,298,0.7251584529876709
14,7,753,140,130,299,0.4954760670661926
15,1,101,117,296,710,0.8769122958183289
15,2,1382,126,344,800,0.9092791080474854
15,3,353,52,333,820,0.8731548190116882
15,4,1086,131,179,501,0.8379132747650146
15,6,894,147,97,299,0.7009096145629883
16,1,104,121,293,706,0.8809922933578491
16,2,1384,126,346,801,0.9038639068603516
16,3,353,54,327,819,0.8787370920181274
16,4,1086,131,179,501,0.8294618129730225
16,6,895,150,96,297,0.6967874765396118
17,1,107,125,290,697,0.8762884736061096
17,2,1387,125,347,803,0.9061006307601929
17,3,354,55,322,818,0.8776549696922302
17,4,1086,130,179,500,0.8282378911972046
17,6,895,150,97,298,0.7345805168151855
18,1,111,128,286,689,0.8791763186454773
18,2,1389,124,351,809,0.913635790348053
18,3,361,59,314,812,0.8797783255577087
18,4,1085,128,181,502,0.8429880738258362
18,6,896,150,98,300,0.7148736715316772
18,7,756,149,121,277,0.49272316694259644
19,1,116,131,284,685,0.8840604424476624
19,2,1391,125,354,815,0.9073375463485718
19,3,366,61,309,809,0.88234943151474
19,4,1084,128,182,504,0.8480905890464783
19,6,897,150,97,301,0.6863131523132324
19,7,757,144,122,278,0.49122050404548645
20,1,123,132,282,683,0.8758844137191772
20,2,1393,127,356,819,0.9078615307807922
20,3,371,63,302,805,0.8730202317237854
20,4,1083,130,181,503,0.8510705828666687
20,6,897,150,97,301,0.664879322052002
21,1,127,132,281,682,0.8957791328430176
21,2,1393,127,357,823,0.9061177372932434
21,3,375,66,297,801,0.8785364031791687
21,4,1081,132,182,503,0.8740173578262329
21,6,896,150,97,301,0.7048512697219849
22,1,131,132,278,679,0.8925131559371948
22,2,1394,129,358,829,0.905850350856781
22,3,376,68,294,805,0.8751855492591858
22,4,1081,133,181,505,0.8681104183197021
22,6,897,149,97,302,0.713487446308136
22,7,755,148,130,301,0.5921257138252258
23,1,132,128,276,674,0.9016830325126648
23,2,1394,131,361,836,0.901060163974762
23,3,381,72,290,803,0.8852074146270752
23,4,1083,138,180,502,0.88987797498703
23,6,897,149,96,302,0.7143592238426208
23,7,756,147,132,308,0.6800678372383118
24,1,134,126,274,670,0.9075871109962463
24,2,1397,134,361,839,0.87986820936203
24,3,387,76,287,801,0.8845694065093994
24,4,1085,142,181,500,0.8806024789810181
24,6,896,149,96,304,0.7220017313957214
24,7,756,147,132,310,0.712029755115509
24,11,0,327,55,342,0.5716528296470642
25,1,135,124,273,669,0.8963261246681213
25,2,1398,134,362,843,0.8968168497085571
25,3,395,81,283,797,0.8987523317337036
25,4,1085,147,180,497,0.8625490069389343
25,6,895,150,97,304,0.7249752879142761
25,7,756,147,133,312,0.6917271018028259
25,11,0,329,54,344,0.5115981101989746
25,12,1301,120,167,227,0.48661842942237854
25,8,997,152,71,216,0.4723263084888458
26,1,136,122,273,671,0.9004937410354614
26,2,1398,133,364,848,0.9013926386833191
26,3,401,83,281,790,0.9013092517852783
26,4,1085,151,181,495,0.8713298439979553
26,6,895,151,96,304,0.7047120928764343
26,7,757,149,131,311,0.6825913190841675
26,12,1297,119,165,225,0.5351490378379822
26,8,997,153,71,215,0.46085235476493835
27,1,136,120,274,672,0.9045003056526184
27,2,1402,131,365,853,0.9079918265342712
27,3,405,84,281,784,0.905768096446991
27,4,1085,153,180,493,0.8703691959381104
27,6,894,151,95,304,0.6977266669273376
27,7,757,150,131,310,0.7132590413093567
27,8,997,155,71,213,0.508239209651947
28,1,141,119,273,674,0.9025498628616333
28,2,1407,129,369,860,0.8955897092819214
28,3,406,83,282,779,0.8975672721862793
28,4,1085,154,180,493,0.8730096220970154
28,6,894,153,95,303,0.7098413705825806
28,7,757,150,130,311,0.7225662469863892
28,8,998,155,70,213,0.46829283237457275
28,12,1296,117,167,229,0.5241425037384033
29,1,146,121,272,672,0.8975339531898499
29,2,1414,129,370,862,0.9038301706314087
29,3,408,82,283,774,0.8971225619316101
29,4,1086,153,182,496,0.8686655163764954
29,6,893,154,95,303,0.7139149904251099
29,7,758,152,130,311,0.7213010787963867
29,8,999,154,72,218,0.5180103778839111
29,12,1298,116,169,233,0.5473533868789673
30,1,149,126,272,670,0.9005616307258606
30,2,1420,129,372,866,0.9031038284301758
30,3,410,81,287,772,0.906721293926239
30,4,1086,153,183,499,0.8634373545646667
30,6,894,156,95,303,0.7341071963310242
30,7,760,152,126,301,0.6016930937767029
30,8,1001,157,73,218,0.5202683806419373
30,12,1300,118,167,231,0.6486086845397949
31,1,152,130,271,669,0.902014434337616
31,2,1425,132,371,864,0.9108217358589172
31,3,412,81,290,770,0.9124718308448792
31,4,1088,151,183,502,0.8431645035743713
31,6,894,157,95,303,0.6955530643463135
31,7,760,153,129,307,0.5907405614852905
31,12,1302,119,167,233,0.46582311391830444
32,1,159,135,269,667,0.8884791731834412
32,2,1430,135,371,860,0.9120736718177795
32,3,412,81,294,770,0.9074801802635193
32,4,1089,149,185,505,0.8429142236709595
32,6,895,160,94,301,0.6813703775405884
32,7,760,153,129,311,0.48523440957069397
32,12,1302,122,171,237,0.5699915289878845
32,8,1001,163,72,213,0.4722462296485901
33,1,162,139,266,664,0.877168595790863
33,2,1436,136,371,860,0.9058873057365417
33,3,414,78,300,774,0.907722532749176
33,4,1091,147,185,507,0.8378349542617798
33,6,894,161,94,301,0.6863340139389038
33,7,760,154,129,311,0.5290041565895081
33,12,1305,124,172,241,0.49481168389320374
33,8,1003,164,72,211,0.4779950678348541
34,1,166,142,262,661,0.8778337240219116
34,2,1443,136,373,863,0.9108710885047913
34,3,414,78,305,774,0.8875691890716553
34,4,1093,145,185,507,0.8422796130180359
34,6,893,162,94,301,0.6865171790122986
34,7,761,155,128,308,0.5730392932891846
34,12,1306,126,171,241,0.4986402988433838
34,8,1003,165,73,214,0.5087050795555115
35,1,172,145,257,658,0.8738408088684082
35,2,1448,137,375,865,0.9171851873397827
35,3,414,78,309,775,0.8986738324165344
35,4,1094,142,186,510,0.8464303612709045
35,6,892,163,95,302,0.6971059441566467
35,7,763,155,127,310,0.6362185478210449
35,12,1306,127,169,238,0.48539668321609497
35,8,1002,168,73,214,0.4997085928916931
36,1,180,145,253,656,0.8826005458831787
36,2,1449,136,381,875,0.9190252423286438
36,3,413,79,313,774,0.8947188258171082
36,4,1094,141,187,513,0.8411026000976562
36,6,892,164,95,300,0.6924976706504822
36,7,761,156,130,313,0.6999325156211853
36,12,1310,129,165,231,0.5218942761421204
36,8,1002,169,75,221,0.5109930038452148
37,1,188,145,249,654,0.8830493688583374
37,2,1449,137,386,884,0.9099598526954651
37,3,412,82,316,771,0.8919728994369507
37,4,1094,141,188,516,0.8490305542945862
37,6,890,165,96,300,0.7132734656333923
37,7,761,158,129,313,0.6984162330627441
37,12,1309,131,166,234,0.4634168744087219
37,8,1004,171,75,221,0.5452483892440796
38,1,189,143,248,654,0.8942583799362183
38,2,1451,139,388,889,0.91451096534729
38,3,411,85,318,770,0.8889749646186829
38,4,1095,140,187,519,0.8398772478103638
38,6,890,166,95,300,0.7099255323410034
38,7,761,160,129,313,0.6505435109138489
38,8,1006,172,74,220,0.4810875356197357
39,1,195,142,244,649,0.8839924335479736
39,2,1452,143,390,892,0.9155454039573669
39,3,409,88,320,767,0.8874948024749756
39,4,1095,145,187,519,0.8367448449134827
39,6,890,166,96,298,0.6930803656578064
39,7,760,162,130,315,0.7225786447525024
39,8,1007,175,74,219,0.48858729004859924
40,1,200,140,242,642,0.8894394040107727
40,2,1455,146,390,894,0.9095184803009033
40,3,411,92,320,764,0.896869421005249
40,4,1096,149,187,520,0.8324049711227417
40,6,891,166,95,297,0.7218549847602844
40,7,761,162,130,316,0.7069345712661743
40,8,1009,176,72,213,0.5113035440444946
41,1,205,138,239,638,0.8730668425559998
41,2,1457,146,392,900,0.911653995513916
41,3,411,95,321,761,0.8966647386550903
41,4,1098,152,188,523,0.8244397640228271
41,6,892,166,95,297,0.7202219367027283
41,7,763,163,129,314,0.6788437366485596
42,1,209,138,239,636,0.8639964461326599
42,2,1459,144,394,908,0.9205045700073242
42,3,412,98,320,759,0.8961288332939148
42,4,1100,153,188,527,0.800370454788208
42,6,892,166,96,297,0.7119272947311401
42,7,762,161,131,318,0.686573326587677
42,8,1012,180,70,210,0.45913276076316833
43,1,213,138,239,636,0.8598697185516357
43,2,1462,145,393,910,0.9227935075759888
43,3,410,101,317,755,0.8951695561408997
43,4,1100,155,187,526,0.8054474592208862
43,6,892,166,96,299,0.6714716553688049
43,7,762,160,132,322,0.6500124335289001
43,8,1014,179,71,213,0.5201214551925659
44,1,219,136,236,635,0.8672508597373962
44,2,1465,147,392,911,0.9198412299156189
44,3,408,103,314,753,0.9028263092041016
44,4,1102,159,187,523,0.8059163689613342
44,6,893,167,95,297,0.6698518395423889
44,7,763,159,132,324,0.6815136075019836
44,8,1016,176,72,214,0.5444101691246033
44,14,623,187,117,425,0.5621232986450195
45,1,225,137,234,633,0.8632824420928955
45,2,1469,148,390,910,0.9204703569412231
45,3,407,102,312,752,0.8970445394515991
45,4,1103,161,186,525,0.8142326474189758
45,6,893,166,96,299,0.6896219849586487
45,7,763,158,132,325,0.6882166862487793
45,8,1016,173,73,217,0.5492159724235535
45,14,625,187,117,424,0.6674544811248779
46,1,236,139,230,633,0.8528642058372498
46,2,1472,144,390,914,0.9275383949279785
46,3,409,101,310,752,0.9056890606880188
46,4,1102,164,185,522,0.8268235921859741
46,6,893,166,96,300,0.6884780526161194
46,7,763,158,132,324,0.7192196846008301
46,8,1015,170,76,229,0.5101596713066101
46,14,626,186,118,428,0.687091052532196
47,1,236,141,227,626,0.8697091937065125
47,2,1475,143,389,915,0.9316123127937317
47,3,413,100,306,748,0.913502037525177
47,4,1101,166,186,523,0.8240859508514404
47,6,894,167,96,299,0.6933588981628418
47,7,764,158,132,325,0.69231116771698
47,8,1015,170,77,232,0.4832288920879364
47,14,628,186,117,427,0.6878157258033752
48,1,236,143,225,622,0.8679983019828796
48,2,1478,142,389,916,0.9254818558692932
48,3,416,97,302,740,0.9051386713981628
48,4,1101,166,185,523,0.8211497664451599
48,6,895,168,95,298,0.6919257044792175
48,7,765,157,133,327,0.632620096206665
48,8,1016,169,76,231,0.48975735902786255
48,14,631,185,116,424,0.6619661450386047
49,1,241,147,221,618,0.860614538192749
49,2,1481,143,389,914,0.9252517223358154
49,3,416,94,298,736,0.8882519602775574
49,4,1100,166,185,523,0.8318365216255188
49,6,895,169,95,297,0.7100836038589478
49,7,765,156,133,329,0.5505005121231079
49,8,1017,168,75,230,0.5076608657836914
49,14,634,186,116,422,0.6166097521781921
50,1,245,152,218,614,0.8515411019325256
50,2,1482,144,391,915,0.9093902111053467
50,3,418,89,297,737,0.8857418894767761
50,4,1099,163,186,527,0.8442772626876831
50,6,894,169,95,297,0.7078986763954163
50,7,765,156,131,324,0.46500518918037415
50,8,1018,168,75,228,0.46325671672821045
50,14,636,186,115,421,0.573497474193573
50,16,153,168,113,202,0.6214106678962708
51,1,245,156,217,609,0.8546091914176941
51,2,1483,144,394,919,0.9135499000549316
51,3,418,86,297,740,0.8935636878013611
51,4,1098,160,187,530,0.845951497554779
51,6,894,170,95,296,0.7067468762397766
51,8,1021,169,74,224,0.49401232600212097
51,14,637,187,115,419,0.6078645586967468
51,16,154,168,111,199,0.6139748096466064
52,1,246,158,215,607,0.8656147122383118
52,2,1485,142,397,923,0.9303080439567566
52,3,417,84,295,741,0.891573965549469
52,4,1097,157,189,533,0.841972827911377
52,6,895,170,95,296,0.700567364692688
52,8,1021,168,74,224,0.4569813907146454
52,14,639,188,114,418,0.6055123209953308
52,16,154,169,112,200,0.6397742033004761
52,7,765,156,132,327,0.47068625688552856
53,1,246,158,215,606,0.8631629943847656
53,2,1487,140,400,927,0.9259862899780273
53,3,419,83,294,742,0.8840574622154236
53,4,1098,156,189,534,0.83685302734375
53,6,895,170,95,296,0.6704872846603394
53,14,640,189,114,418,0.5183857083320618
53,16,154,170,112,200,0.678836464881897
53,7,764,156,132,328,0.47754308581352234
54,1,248,158,214,605,0.8472550511360168
54,2,1488,139,404,931,0.9302822351455688
54,3,421,84,293,742,0.8818039298057556
54,4,1098,155,190,538,0.8431422710418701
54,6,894,172,95,295,0.675392210483551
54,16,154,172,110,197,0.6581205725669861
54,7,765,158,131,326,0.6483779549598694
55,1,247,158,214,603,0.8617031574249268
55,2,1493,139,406,933,0.9229692220687866
55,3,423,86,292,741,0.8926990032196045
55,4,1096,154,192,542,0.852755069732666
55,6,895,173,95,295,0.6751305460929871
55,16,154,174,108,192,0.6550385355949402
55,7,766,158,132,325,0.5463138222694397
55,14,643,191,112,418,0.4899047017097473
56,1,248,156,213,596,0.8717846274375916
56,2,1497,140,408,933,0.9310562014579773
56,3,426,87,290,738,0.8959911465644836
56,4,1095,153,192,544,0.8533894419670105
56,6,893,174,95,295,0.716645359992981
56,16,154,177,105,186,0.5688797235488892
56,7,767,158,132,327,0.546278178691864
56,14,646,191,111,420,0.5143454074859619
57,1,250,153,213,592,0.8745508790016174
57,2,1499,141,409,934,0.926971971988678
57,3,431,92,290,736,0.9018877148628235
57,4,1094,154,192,544,0.8618534803390503
57,6,894,174,95,296,0.7269284725189209
57,7,767,157,132,329,0.6500745415687561
58,1,251,150,213,592,0.8755311965942383
58,2,1501,144,410,935,0.92950040102005
58,3,434,94,289,732,0.8981316685676575
58,4,1094,157,192,543,0.8548997640609741
58,6,894,172,95,299,0.7353004813194275
58,7,766,157,133,331,0.6760653257369995
58,14,650,191,109,418,0.47401857376098633
59,1,252,147,215,594,0.8838838338851929
59,2,1505,145,409,931,0.9288358092308044
59,3,438,98,288,728,0.9029121398925781
59,4,1094,163,191,540,0.8545210957527161
59,6,894,173,95,298,0.7095043659210205
59,7,775,191,121,299,0.5187063813209534
59,16,111,176,185,343,0.5087130069732666
60,1,254,144,217,597,0.8909143209457397
60,2,1508,147,407,927,0.9309378266334534
60,3,441,101,288,725,0.9031149744987488
60,4,1094,165,192,542,0.8733851313591003
60,6,893,173,95,299,0.733647346496582
60,7,769,168,129,322,0.5560044646263123
61,1,257,143,217,598,0.8983916640281677
61,2,1510,151,406,921,0.9237096309661865
61,3,444,106,289,721,0.889535129070282
61,4,1095,168,192,541,0.8664603233337402
61,6,893,173,95,300,0.7138659954071045
61,7,771,173,127,318,0.5159865617752075
62,1,258,144,219,599,0.8878453373908997
62,2,1511,156,405,916,0.9138105511665344
62,3,449,109,289,717,0.8812705278396606
62,4,1095,168,191,539,0.8618948459625244
62,6,891,174,94,299,0.709615170955658
62,7,765,164,129,323,0.5334635376930237
62,8,1028,175,70,212,0.47095590829849243
63,1,259,147,219,598,0.8789024353027344
63,2,1514,160,403,913,0.9083335995674133
63,3,454,110,290,713,0.8721359372138977
63,4,1093,171,192,540,0.8614978790283203
63,6,889,173,95,300,0.6984174251556396
63,7,764,158,132,332,0.646923303604126
63,17,1271,124,106,165,0.46432527899742126
63,18,1579,149,118,179,0.6013306975364685
63,8,1029,176,70,210,0.4505366086959839
64,1,261,152,221,595,0.8625563383102417
64,2,1516,162,403,910,0.9211944937705994
64,3,456,108,293,711,0.8737738132476807
64,4,1094,172,193,543,0.8620418906211853
64,6,889,172,94,301,0.7100340723991394
64,7,763,156,134,335,0.6460950970649719
64,17,1269,123,109,171,0.5846054553985596
64,18,1579,149,118,179,0.7005201578140259
64,8,1030,178,72,209,0.4866360127925873
65,1,267,158,220,591,0.8646436929702759
65,2,1520,161,400,910,0.9133173823356628
65,3,457,106,295,712,0.8910159468650818
65,4,1094,173,194,546,0.8682636618614197
65,6,888,170,96,304,0.7179336547851562
65,7,762,156,133,333,0.5992406010627747
65,17,1267,123,113,176,0.4973635971546173
65,18,1580,149,117,177,0.714574933052063
65,8,1030,178,73,210,0.49331915378570557
66,1,274,159,220,590,0.8642266392707825
66,2,1525,159,395,913,0.8938493132591248
66,3,462,105,292,695,0.8775907158851624
66,4,1094,175,194,546,0.8681837916374207
66,6,888,167,96,308,0.7300283312797546
66,7,763,157,132,331,0.5774449110031128
66,17,1267,122,115,179,0.5197992920875549
66,18,1567,149,142,215,0.6235249638557434
66,8,1030,178,74,211,0.48818308115005493
66,14,672,186,109,423,0.46372371912002563
67,1,277,155,223,595,0.858866810798645
67,2,1530,155,390,919,0.8837417960166931
67,3,465,105,291,688,0.891225278377533
67,4,1093,177,196,545,0.8753249049186707
67,6,887,168,96,306,0.7232265472412109
67,7,771,164,129,328,0.5144875049591064
67,17,1267,122,116,181,0.4866560399532318
67,18,1574,149,130,194,0.5655308365821838
67,14,674,188,107,418,0.5831810235977173
68,1,280,160,219,589,0.8573530316352844
68,2,1534,151,386,925,0.894378662109375
68,3,465,104,292,686,0.9022388458251953
68,4,1093,176,197,547,0.8805116415023804
68,6,886,170,95,305,0.7053377628326416
68,7,787,222,108,272,0.48065856099128723
68,18,1574,149,136,204,0.5623209476470947
68,14,675,188,107,418,0.5605508089065552
68,12,1332,132,198,272,0.5444403290748596
69,1,283,161,218,585,0.8533124923706055
69,2,1537,146,383,927,0.8991222977638245
69,3,467,104,293,685,0.8986772298812866
69,4,1094,173,198,549,0.8719431161880493
69,6,884,172,94,306,0.6898851990699768
69,7,781,188,120,306,0.4745664894580841
69,18,1570,148,147,221,0.5612858533859253
69,14,676,188,106,416,0.5100183486938477
69,19,231,178,99,303,0.6412903666496277
69,8,1030,178,75,212,0.4750139117240906
70,1,287,160,216,584,0.8388816714286804
70,2,1540,143,380,927,0.8771839141845703
70,3,469,103,294,685,0.90022212266922
70,4,1093,168,200,555,0.8825008273124695
70,6,882,175,93,303,0.7090425491333008
70,7,777,178,124,316,0.5063449740409851
70,18,1568,149,151,226,0.5555298328399658
70,19,228,175,99,305,0.6918964385986328
70,8,1029,179,75,211,0.469459593296051
71,1,291,160,215,581,0.8122929930686951
71,2,1544,141,376,929,0.8763400912284851
71,3,470,104,294,685,0.897425651550293
71,4,1093,164,202,559,0.8856418132781982
71,6,882,176,91,301,0.7197708487510681
71,7,777,174,125,320,0.500430703163147
71,18,1571,151,152,227,0.6006717681884766
71,19,223,175,99,304,0.7400665879249573
72,1,298,159,210,570,0.8097596764564514
72,2,1547,138,373,931,0.8909450173377991
72,3,472,105,294,684,0.9029132723808289
72,4,1093,159,204,564,0.8904712796211243
72,6,882,177,89,298,0.7262406349182129
72,7,789,223,108,272,0.519809365272522
72,18,1576,152,153,225,0.6667619347572327
72,19,220,177,98,300,0.7171508073806763
72,8,1029,185,72,206,0.4603496789932251
73,1,303,156,208,568,0.8450919389724731
73,2,1549,136,371,933,0.9025045037269592
73,3,473,106,293,683,0.9024705290794373
73,4,1092,156,205,568,0.8888562321662903
73,6,881,177,89,296,0.7264128923416138
73,7,785,205,115,289,0.5131635665893555
73,18,1578,153,155,225,0.6502742171287537
73,19,217,178,98,299,0.7439220547676086
73,8,1029,183,73,207,0.5074556469917297
74,1,306,153,209,568,0.8420478105545044
74,2,1554,136,366,934,0.8947904706001282
74,3,472,106,294,685,0.8908374905586243
74,4,1092,154,206,570,0.8920656442642212
74,6,879,178,88,295,0.6991073489189148
74,7,783,195,118,298,0.48066654801368713
74,18,1576,152,158,227,0.6286988854408264
74,19,214,176,100,303,0.7680945992469788
74,8,1030,180,75,212,0.5121130347251892
75,1,309,150,208,569,0.799969494342804
75,2,1557,139,363,936,0.8804510831832886
75,3,472,107,293,684,0.8723394274711609
75,4,1091,154,206,571,0.8952317237854004
75,6,878,178,86,293,0.682942807674408
75,7,791,225,107,268,0.5332274436950684
75,18,1577,155,157,223,0.6053416728973389
75,19,210,173,103,306,0.756191074848175
75,8,1027,178,83,240,0.5062049031257629
76,1,307,147,210,576,0.7952679991722107
76,2,1561,143,359,930,0.8769505620002747
76,3,471,104,295,692,0.8622156977653503
76,4,1091,155,207,572,0.8906450271606445
76,6,876,177,86,295,0.6540856957435608
76,7,794,241,102,252,0.5598126649856567
76,18,1579,155,157,222,0.6203936338424683
76,19,208,174,102,303,0.7878648042678833
76,8,1027,177,82,239,0.4888027608394623
77,1,309,144,210,579,0.8087769746780396
77,2,1566,148,354,924,0.9148189425468445
77,3,471,104,295,693,0.8641130328178406
77,4,1091,156,208,576,0.8899574279785156
77,6,876,177,85,295,0.64638352394104
77,7,794,240,102,252,0.5664297938346863
77,18,1580,153,157,220,0.5972675681114197
77,19,206,174,104,302,0.7630525827407837
77,8,1027,177,80,234,0.4919143319129944
78,1,311,142,208,576,0.8078861832618713
78,2,1570,152,350,919,0.9080726504325867
78,3,471,106,293,693,0.8647260665893555
78,4,1089,159,210,577,0.8835911750793457
78,6,877,177,84,296,0.6448990106582642
78,7,791,230,107,263,0.5409618020057678
78,18,1576,151,161,224,0.5755387544631958
78,19,206,175,106,302,0.7464882731437683
78,8,1027,175,80,235,0.4670580327510834
79,1,314,143,206,571,0.8238236904144287
79,2,1574,154,346,915,0.8912421464920044
79,3,470,108,292,691,0.8659577369689941
79,4,1086,162,210,579,0.8743181824684143
79,6,877,177,83,296,0.6413944363594055
79,7,789,225,109,267,0.5407902598381042
79,19,206,176,107,299,0.7403595447540283
80,1,317,142,206,573,0.8055004477500916
80,2,1579,156,341,911,0.9124683141708374
80,3,473,113,286,678,0.8704906702041626
80,4,1085,166,211,578,0.8709942102432251
80,6,876,177,83,294,0.6243147850036621
80,7,774,187,124,304,0.6520279049873352
80,19,203,178,110,297,0.7239038348197937
81,1,319,143,205,577,0.8267675042152405
81,2,1583,156,337,912,0.9208160042762756
81,3,472,113,285,678,0.8762018084526062
81,4,1083,168,211,578,0.8702095746994019
81,6,874,177,82,294,0.6414076685905457
81,7,769,172,130,318,0.6692755818367004
81,19,198,181,113,294,0.7043585181236267
81,17,1277,116,125,196,0.45812666416168213
81,14,670,185,103,412,0.4580496549606323
82,1,321,145,202,575,0.8219437003135681
82,2,1583,152,337,922,0.9212745428085327
82,3,472,112,283,675,0.8808459043502808
82,4,1081,166,213,580,0.8691322207450867
82,6,870,177,83,294,0.6607935428619385
82,7,766,165,133,325,0.7121970653533936
82,19,193,182,117,292,0.7300809025764465
82,20,286,168,84,292,0.5045256018638611
82,17,1277,114,126,199,0.5161951184272766
82,18,1562,143,209,300,0.45632898807525635
83,1,323,147,199,570,0.8066387176513672
83,2,1587,151,333,919,0.9147434234619141
83,3,473,111,281,669,0.88224196434021
83,4,1079,166,215,580,0.8684959411621094
83,6,867,175,84,296,0.6646971106529236
83,7,764,161,136,330,0.7107908129692078
83,19,190,183,120,290,0.7553651928901672
83,20,286,167,85,293,0.6326890587806702
83,17,1274,112,129,206,0.4791666567325592
83,18,1567,142,204,295,0.46178534626960754
84,1,324,147,197,567,0.7929955720901489
84,2,1590,147,330,919,0.902591347694397
84,3,473,109,279,664,0.875696063041687
84,4,1077,165,217,581,0.8620209097862244
84,6,866,175,83,294,0.6442670822143555
84,7,764,158,137,332,0.6555411219596863
84,19,188,180,125,291,0.718089759349823
84,20,284,165,85,292,0.5833103060722351
84,17,1275,110,125,202,0.538428783416748
84,18,1543,140,255,382,0.5187028646469116
85,1,327,146,193,566,0.7711167931556702
85,2,1592,143,328,921,0.8499430418014526
85,3,473,106,278,661,0.8695586323738098
85,4,1074,163,218,581,0.8495419025421143
85,6,865,176,83,293,0.619676947593689
85,7,764,159,137,330,0.611457109451294
85,19,179,175,139,322,0.755760908126831
85,20,281,161,84,293,0.5879822373390198
85,17,1277,110,121,196,0.4750562608242035
85,18,1540,139,267,414,0.45795950293540955
85,12,1300,127,219,273,0.45395898818969727
86,1,330,147,191,564,0.7590088248252869
86,2,1592,139,328,926,0.8644434809684753
86,3,471,103,279,660,0.8707264065742493
86,4,1071,158,221,586,0.8609610795974731
86,6,865,176,83,292,0.6134063005447388
86,7,763,158,136,325,0.4697584807872772
86,19,168,171,149,346,0.7674785256385803
86,20,276,158,86,295,0.6104083061218262
86,12,1292,125,235,283,0.4821665287017822
87,1,336,145,188,561,0.7513866424560547
87,2,1591,133,329,931,0.8380016684532166
87,3,470,100,279,660,0.87701416015625
87,4,1065,160,223,583,0.8525826334953308
87,6,864,176,84,291,0.5136126279830933
87,7,782,205,118,281,0.4619847238063812
87,19,159,168,154,357,0.8026283979415894
87,20,273,157,86,295,0.667265772819519
87,18,1544,139,267,426,0.48418769240379333
88,1,335,147,187,561,0.7800770998001099
88,2,1593,128,327,936,0.6790212392807007
88,3,474,99,276,653,0.8774006962776184
88,4,1061,156,226,588,0.8625390529632568
88,6,869,180,81,285,0.4562949240207672
88,7,791,227,110,261,0.5417578816413879
88,19,149,164,159,371,0.8378374576568604
88,20,269,154,86,295,0.7619189620018005
89,1,338,144,186,557,0.7944623231887817
89,2,1592,124,328,949,0.6898531317710876
89,3,472,97,278,658,0.8790684938430786
89,4,1060,156,229,590,0.8988881707191467
89,7,794,233,107,254,0.4801924526691437
89,19,142,160,159,378,0.8275009393692017
89,20,266,152,87,298,0.8130497932434082
90,1,339,143,184,551,0.7967405319213867
90,2,1594,119,326,959,0.7921156883239746
90,3,474,97,276,650,0.8848942518234253
90,4,1057,154,232,590,0.892355740070343
90,7,793,227,111,264,0.5856018662452698
90,19,138,162,155,376,0.7637863159179688
90,20,262,151,88,300,0.7937023043632507
91,1,344,145,185,549,0.7944433689117432
91,2,1597,117,323,958,0.8513282537460327
91,3,472,97,278,658,0.8800631761550903
91,4,1055,152,234,593,0.9005876183509827
91,7,794,225,112,266,0.6221646070480347
91,19,136,164,151,373,0.8109387159347534
91,20,258,153,89,302,0.7972872257232666
91,18,1543,141,266,433,0.49138572812080383
92,1,347,144,184,545,0.8204518556594849
92,2,1603,118,317,957,0.8818197250366211
92,3,470,95,280,663,0.8834471106529236
92,4,1053,149,238,594,0.9038001298904419
92,7,793,218,114,272,0.5482272505760193
92,19,136,165,148,369,0.7802668213844299
92,20,255,153,89,303,0.808924674987793
92,18,1544,140,259,430,0.6099633574485779
93,1,348,142,184,545,0.8258234262466431
93,2,1610,122,310,951,0.859569787979126
93,3,471,95,280,665,0.8799925446510315
93,4,1052,148,241,597,0.9106338620185852
93,7,792,211,116,279,0.5146058797836304
93,19,136,165,145,368,0.7830861210823059
93,20,250,153,90,302,0.8168660998344421
93,18,1546,139,255,431,0.6519165635108948
94,1,349,141,184,545,0.8211142420768738
94,2,1614,126,306,945,0.8834292888641357
94,3,473,97,278,663,0.886533796787262
94,4,1052,147,243,599,0.915799617767334
94,7,797,217,114,272,0.6172842383384705
94,19,134,165,142,368,0.7870429754257202
94,20,246,153,90,303,0.779362678527832
94,18,1550,140,248,428,0.6617961525917053
95,1,349,140,185,545,0.8213487267494202
95,2,1618,130,302,941,0.8836236000061035
95,3,474,98,278,661,0.8939540386199951
95,4,1052,147,244,601,0.9204925894737244
95,7,801,222,112,267,0.6841988563537598
95,19,134,167,138,364,0.7354056239128113
95,20,242,158,89,299,0.771702766418457
95,18,1558,141,244,426,0.7021816968917847
96,1,348,142,186,541,0.834827721118927
96,2,1624,136,296,933,0.8740386962890625
96,3,477,99,277,660,0.8979367613792419
96,4,1051,147,246,603,0.9112192392349243
96,7,799,222,112,264,0.6639138460159302
96,19,134,169,134,358,0.6289532780647278
96,20,240,158,88,298,0.7704969048500061
96,18,1561,142,247,431,0.7384176254272461
96,17,1259,113,119,197,0.45094263553619385
97,1,354,147,187,537,0.8460232615470886
97,2,1629,138,291,928,0.8706602454185486
97,3,480,100,276,659,0.8960868120193481
97,4,1051,149,247,603,0.9090787768363953
97,7,800,221,112,264,0.6023163795471191
97,19,134,169,132,359,0.6215885281562805
97,20,237,161,88,295,0.7372615337371826
97,18,1559,142,250,435,0.7889252305030823
97,17,1255,112,120,202,0.534312903881073
98,1,359,149,187,532,0.8561771512031555
98,2,1633,139,287,925,0.8737409710884094
98,3,483,104,274,655,0.8970283269882202
98,4,1052,161,244,592,0.904062807559967
98,7,799,219,113,269,0.5741375088691711
98,19,134,172,129,356,0.6615427136421204
98,20,235,163,88,291,0.7200527787208557
98,18,1557,140,255,448,0.7662888765335083
98,17,1252,110,123,212,0.5473541021347046
99,1,360,150,188,531,0.8532681465148926
99,2,1637,138,283,922,0.8792608380317688
99,3,488,106,272,651,0.9027541279792786
99,4,1050,164,246,593,0.9083799123764038
99,7,799,219,114,271,0.5903069376945496
99,20,232,162,89,292,0.7125928401947021
99,18,1544,138,283,506,0.7577775716781616
99,17,1249,109,124,216,0.7127730846405029
100,1,360,150,189,534,0.8611071705818176
100,2,1642,139,278,921,0.8689344525337219
100,3,491,106,272,648,0.9126879572868347
100,4,1049,165,248,597,0.9079329967498779
100,7,801,221,113,270,0.5674725770950317
100,20,227,162,90,292,0.6307315230369568
100,18,1534,135,303,556,0.816652774810791
100,17,1249,108,125,219,0.744493305683136
101,1,361,152,188,531,0.8773683309555054
101,2,1645,140,275,923,0.8644434213638306
101,3,495,105,271,648,0.9203912615776062
101,4,1048,167,249,598,0.912340521812439
101,7,802,224,111,266,0.5639629364013672
101,20,223,159,91,295,0.7378029227256775
101,18,1528,131,313,586,0.8403170108795166
101,17,1248,105,127,223,0.782909095287323
101,8,1034,163,62,166,0.4982086420059204
101,12,1281,117,251,288,0.5268440246582031
102,1,363,153,187,531,0.8816075921058655
102,2,1648,142,272,925,0.8354432582855225
102,3,497,102,271,646,0.9216000437736511
102,4,1047,166,251,601,0.9108411073684692
102,20,219,156,92,298,0.7189033031463623
102,18,1518,129,327,628,0.8647086024284363
102,17,1248,104,128,226,0.7802379131317139
102,8,1033,164,63,162,0.4806329607963562
103,1,366,152,187,531,0.8865339159965515
103,2,1656,136,264,932,0.7997066974639893
103,3,501,100,268,639,0.9247134923934937
103,4,1046,162,253,604,0.9130053520202637
103,20,214,155,93,299,0.7317399382591248
103,18,1517,128,328,644,0.8666525483131409
103,17,1249,103,130,230,0.7534139156341553
103,7,774,171,136,321,0.5271248817443848
104,1,372,154,184,524,0.8888572454452515
104,2,1663,136,257,935,0.8125395774841309
104,3,503,97,267,636,0.9161250591278076
104,4,1045,157,255,609,0.9072494506835938
104,20,210,155,93,298,0.647710919380188
104,18,1516,127,327,661,0.8772998452186584
104,17,1253,102,133,232,0.7328251600265503
105,1,374,152,184,525,0.9069172143936157
105,2,1670,134,250,938,0.8254110813140869
105,3,504,94,267,636,0.9193160533905029
105,4,1043,154,256,612,0.9132323265075684
105,20,206,154,94,299,0.6839049458503723
105,18,1518,126,322,666,0.8590275049209595
105,17,1255,102,135,233,0.6921319365501404
106,1,378,151,182,522,0.886212170124054
106,2,1679,144,241,924,0.7935540080070496
106,3,506,92,266,635,0.9167448878288269
106,4,1041,150,258,617,0.9153849482536316
106,20,201,153,93,298,0.622566819190979
106,18,1521,126,316,667,0.8573154807090759
106,17,1254,102,141,238,0.6715995669364929
106,21,1198,164,58,96,0.45906466245651245
106,19,122,151,124,354,0.5245173573493958
107,1,380,149,181,520,0.8834485411643982
107,2,1687,164,233,903,0.799820601940155
107,3,507,91,266,635,0.9139510989189148
107,4,1039,147,259,620,0.9154019355773926
107,20,199,153,91,294,0.5078238844871521
107,18,1524,125,311,670,0.8467167019844055
107,17,1254,103,142,238,0.687036395072937
107,21,1196,161,59,99,0.4880615174770355
107,19,124,149,122,355,0.48745742440223694
108,1,383,146,179,519,0.8660653829574585
108,2,1692,164,228,903,0.8030951023101807
108,3,507,91,266,634,0.9233005046844482
108,4,1038,145,260,622,0.9209808111190796
108,20,206,154,75,234,0.4525504410266876
108,18,1531,125,306,670,0.8616476655006409
108,17,1255,104,142,236,0.662647545337677
108,21,1197,160,58,98,0.48456573486328125
108,19,126,150,120,357,0.45145687460899353
109,1,385,144,179,520,0.8767749071121216
109,2,1700,199,220,868,0.7812525033950806
109,3,508,90,266,634,0.9191978573799133
109,4,1038,145,258,621,0.9206501841545105
109,20,211,153,62,186,0.46193578839302063
109,18,1537,126,302,669,0.8543113470077515
109,17,1255,106,143,234,0.6034595370292664
109,21,1197,157,59,99,0.4865438640117645
109,19,129,152,123,367,0.50105220079422
110,1,387,142,179,523,0.8873363137245178
110,2,1708,231,212,835,0.7922403216362
110,3,509,90,266,634,0.9161195158958435
110,4,1037,145,258,621,0.9213495850563049
110,18,1541,125,299,670,0.8576009273529053
110,17,1255,107,144,235,0.657550036907196
110,21,1197,154,60,100,0.5538579821586609
110,7,770,145,127,299,0.48872774839401245
111,1,390,141,177,522,0.8836817741394043
111,2,1714,248,206,817,0.7854070663452148
111,3,510,93,265,630,0.9223560690879822
111,4,1036,145,257,622,0.9167022109031677
111,18,1547,126,295,668,0.8526057600975037
111,17,1254,107,146,238,0.5746379494667053
111,21,1196,152,60,101,0.5673955678939819
111,12,1303,107,270,304,0.4996868073940277
112,1,393,141,175,519,0.892505943775177
112,2,1718,264,202,797,0.7381159663200378
112,3,509,95,265,629,0.9244868755340576
112,4,1032,142,261,632,0.9111255407333374
112,18,1552,127,291,666,0.8565903306007385
112,17,1254,108,149,240,0.4613521695137024
112,21,1197,151,62,102,0.519509494304657
113,1,395,142,175,522,0.888257622718811
113,2,1729,284,191,782,0.7055501937866211
113,3,508,98,264,626,0.9198998212814331
113,4,1031,143,261,634,0.8993187546730042
113,18,1555,129,288,662,0.8567870259284973
113,21,1200,152,63,105,0.5005372762680054
113,7,788,205,122,283,0.5380401611328125
113,12,1309,108,271,298,0.6057626008987427
114,1,398,143,172,519,0.8835429549217224
114,2,1737,294,183,775,0.6989155411720276
114,3,508,102,263,622,0.9218307137489319
114,4,1030,145,261,634,0.8994321823120117
114,18,1557,132,285,660,0.8554652333259583
114,21,1196,153,69,114,0.5893799066543579
114,25,1255,107,152,600,0.5130936503410339
114,7,777,161,142,333,0.7206189036369324
114,12,1311,108,273,296,0.6938993334770203
115,1,400,146,169,515,0.8663678765296936
115,2,1743,309,177,759,0.698603630065918
115,3,504,106,264,623,0.9085874557495117
115,4,1029,148,259,633,0.8941022157669067
115,18,1559,135,283,660,0.8474709391593933
115,21,1193,154,75,123,0.581291139125824
115,25,1256,107,150,593,0.5856510400772095
115,7,773,147,148,348,0.6938086748123169
115,12,1321,108,271,294,0.605064332485199
116,1,401,149,166,511,0.8632494211196899
116,2,1752,321,168,752,0.7242353558540344
116,3,500,109,264,622,0.8966037034988403
116,4,1029,158,257,628,0.8851968050003052
116,18,1565,136,285,664,0.8778517246246338
116,21,1188,153,80,133,0.5024443864822388
116,25,1259,109,154,608,0.6416183114051819
116,7,770,142,150,353,0.7158288359642029
117,1,402,153,163,507,0.8533372282981873
117,2,1760,330,160,745,0.7188951969146729
117,3,498,111,263,619,0.8931212425231934
117,4,1028,162,257,628,0.8850093483924866
117,18,1568,135,287,669,0.8760322332382202
117,25,1263,111,152,599,0.6576389074325562
117,7,770,141,151,356,0.7247488498687744
117,12,1316,109,275,297,0.5306349992752075
118,1,403,155,161,505,0.8422030210494995
118,2,1765,329,155,747,0.6402515769004822
118,3,497,114,262,613,0.8691986799240112
118,4,1026,165,258,628,0.8847217559814453
118,18,1569,136,289,672,0.8775866031646729
118,25,1260,111,155,609,0.6279038786888123
118,7,772,144,152,355,0.6993510127067566
118,12,1312,110,280,300,0.6177489161491394
119,1,404,157,158,502,0.8261712193489075
119,2,1769,321,151,756,0.5918755531311035
119,3,496,115,259,609,0.854817271232605
119,4,1024,161,262,640,0.8863599300384521
119,18,1571,135,289,674,0.8923695087432861
119,25,1265,110,151,588,0.6193509101867676
119,7,773,147,151,354,0.7080382108688354
120,1,404,152,160,510,0.7635047435760498
120,2,1769,287,151,785,0.5892770886421204
120,3,494,114,258,605,0.8543820381164551
120,4,1020,158,264,645,0.8789856433868408
120,18,1575,133,289,676,0.8908369541168213
120,25,1267,110,149,576,0.6213045716285706
120,7,775,147,152,356,0.6703100800514221
121,1,406,156,156,500,0.735400915145874
121,2,1770,272,150,800,0.6636195778846741
121,3,493,112,256,602,0.8591474294662476
121,4,1018,157,263,647,0.8787695169448853
121,18,1580,132,289,676,0.8835442066192627
121,25,1262,107,157,606,0.6894736289978027
121,7,775,149,153,355,0.717140793800354
122,1,406,156,153,496,0.7418093681335449
122,2,1774,285,146,784,0.6757785081863403
122,3,488,110,257,604,0.8437401652336121
122,4,1015,154,265,651,0.8878604173660278
122,18,1590,132,289,675,0.869089663028717
122,25,1258,105,163,629,0.6471190452575684
122,7,776,150,152,354,0.7422239184379578
122,28,667,179,93,381,0.5691189765930176
123,1,405,155,150,488,0.7455412745475769
123,2,1775,277,145,791,0.643298327922821
123,3,484,108,258,606,0.8558553457260132
123,4,1014,151,265,654,0.901989221572876
123,18,1593,130,291,680,0.8677834868431091
123,25,1257,106,165,640,0.635432779788971
123,7,775,150,153,354,0.755913496017456
123,28,667,177,93,383,0.5890793800354004
124,1,406,153,150,495,0.7062013745307922
124,2,1770,265,150,804,0.62752765417099
124,3,481,105,258,608,0.8697090148925781
124,4,1012,147,266,660,0.9087104797363281
124,18,1595,129,292,685,0.8813799619674683
124,25,1256,106,165,641,0.5099643468856812
124,7,774,150,154,354,0.7587555050849915
124,28,667,175,93,385,0.5707182884216309
125,1,406,150,151,501,0.6654399633407593
125,2,1770,264,150,806,0.6195892095565796
125,3,479,103,257,608,0.8654429912567139
125,4,1011,143,268,663,0.8978608250617981
125,18,1598,128,295,692,0.8886384963989258
125,25,1257,106,164,639,0.5632770657539368
125,7,775,150,153,354,0.7033980488777161
125,28,666,175,93,385,0.5749810338020325
126,1,407,145,150,503,0.6489022970199585
126,2,1767,268,153,804,0.6005703210830688
126,3,475,102,258,609,0.8702419996261597
126,4,1008,140,270,666,0.8990011215209961
126,18,1600,128,293,690,0.8915892839431763
126,25,1260,105,156,609,0.5579075217247009
126,7,775,150,153,354,0.6490610241889954
126,28,666,172,94,388,0.5818186402320862
127,1,408,143,151,506,0.6503615379333496
127,3,473,102,257,609,0.8744312524795532
127,4,1004,137,273,671,0.9012428522109985
127,18,1601,129,295,693,0.895179033279419
127,25,1261,105,155,607,0.5782329440116882
127,7,774,148,154,357,0.45167112350463867
127,28,664,165,96,395,0.5584146976470947
128,1,409,143,151,509,0.6030805110931396
128,3,471,104,256,606,0.8661565184593201
128,4,999,136,274,675,0.8993549346923828
128,18,1603,130,296,697,0.8996540307998657
128,25,1257,106,162,638,0.5634338855743408
128,7,774,148,153,357,0.5993598103523254
128,28,664,170,95,390,0.5322354435920715
129,1,410,144,150,510,0.6307521462440491
129,3,469,106,255,604,0.8685678243637085
129,4,997,136,275,678,0.901999294757843
129,18,1607,130,296,698,0.9079543948173523
129,25,1259,108,159,636,0.49208924174308777
129,7,774,146,154,359,0.4749675989151001
129,28,662,160,97,400,0.556124210357666
130,1,411,144,150,512,0.6262012124061584
130,3,469,109,253,603,0.8781895637512207
130,4,994,138,276,682,0.9053415656089783
130,18,1611,133,296,694,0.9082352519035339
130,7,775,145,155,361,0.4536775052547455
130,28,661,149,101,412,0.5674940347671509
131,1,414,150,147,511,0.5514815449714661
131,3,469,113,252,599,0.8675857186317444
131,4,995,141,277,683,0.9069696664810181
131,18,1614,137,294,687,0.8983668088912964
131,7,776,145,153,361,0.5238170623779297
131,28,660,153,101,409,0.5072040557861328
131,25,1270,109,132,516,0.48438552021980286
132,1,416,156,144,502,0.6122637391090393
132,3,471,117,252,597,0.8736729025840759
132,4,995,146,277,681,0.9108620882034302
132,18,1616,141,295,691,0.903687059879303
132,7,776,145,154,363,0.5269367694854736
132,28,661,157,100,404,0.4531583786010742
132,25,1274,109,126,491,0.5141739249229431
133,1,418,161,141,496,0.5473927855491638
133,3,472,120,251,596,0.8924828767776489
133,4,996,151,276,677,0.9076256155967712
133,18,1617,144,297,691,0.8999474048614502
133,7,775,146,151,359,0.5720797777175903
133,28,663,170,98,392,0.4666055142879486
134,3,472,124,251,594,0.9012999534606934
134,4,994,155,277,678,0.9140793085098267
134,18,1617,146,299,693,0.8950804471969604
134,7,776,149,150,355,0.5875643491744995
134,25,1270,113,127,483,0.5039704442024231
135,3,472,127,251,591,0.9000406861305237
135,4,992,158,277,680,0.9205074310302734
135,18,1617,146,300,697,0.8989953398704529
135,7,777,151,147,350,0.5628559589385986
135,25,1269,113,128,482,0.48760953545570374
136,3,472,129,251,589,0.9009217619895935
136,4,991,159,278,682,0.9183194041252136
136,18,1618,145,301,699,0.9079738855361938
136,7,779,154,150,357,0.5843031406402588
137,3,471,130,250,586,0.8975011110305786
137,4,989,160,279,684,0.9170175790786743
137,18,1617,142,303,705,0.901829719543457
137,7,779,155,152,362,0.6240926384925842
137,28,670,174,95,379,0.525624692440033
138,3,470,129,251,585,0.8943819999694824
138,4,989,158,281,689,0.9187917113304138
138,18,1617,141,303,707,0.9046797752380371
138,7,781,156,152,363,0.6338459849357605
138,28,669,170,98,384,0.5853676199913025
139,3,468,127,250,582,0.8936441540718079
139,4,988,156,282,692,0.915071427822113
139,18,1618,139,302,709,0.8977130651473999
139,7,779,156,153,364,0.5400757193565369
139,28,670,172,98,383,0.5994674563407898
139,25,1268,107,164,630,0.4596478343009949
140,3,466,125,251,580,0.8986575603485107
140,4,987,154,284,695,0.9149768352508545
140,18,1618,137,302,710,0.892189085483551
140,7,784,155,154,366,0.6033825874328613
140,28,670,172,100,385,0.6615623831748962
140,25,1265,107,156,606,0.4751644432544708
141,3,464,123,252,580,0.8993040323257446
141,4,986,149,286,700,0.913607120513916
141,18,1619,133,301,713,0.89413982629776
141,7,784,153,154,368,0.5866895914077759
141,28,671,178,99,380,0.7220685482025146
141,25,1265,105,147,563,0.5408697724342346
142,3,460,121,253,582,0.8982698321342468
142,4,985,145,288,704,0.9056665897369385
142,18,1619,132,301,715,0.8940223455429077
142,7,783,153,151,365,0.5199238657951355
142,28,671,179,100,379,0.7275439500808716
142,25,1271,106,155,603,0.5759961009025574
143,3,458,119,254,582,0.895660936832428
143,4,985,143,287,706,0.8987232446670532
143,18,1621,130,299,715,0.8985423445701599
143,7,785,153,150,366,0.5468709468841553
143,28,670,181,98,377,0.7270275354385376
143,25,1274,108,154,604,0.562472939491272
143,30,841,233,116,289,0.451112300157547
144,3,457,119,254,581,0.8873928189277649
144,4,984,142,288,706,0.910839319229126
144,18,1622,130,298,716,0.9057838916778564
144,7,791,153,151,367,0.5376564264297485
144,28,669,182,98,378,0.7273815870285034
144,25,1268,108,157,612,0.5792308449745178
145,3,457,119,254,582,0.8872268199920654
145,4,985,146,286,703,0.9174008369445801
145,18,1623,130,297,723,0.9122002124786377
145,7,791,152,152,371,0.54976886510849
145,28,669,186,97,374,0.7556584477424622
145,25,1276,103,147,555,0.5525896549224854
146,3,456,119,253,583,0.887863278388977
146,4,985,148,286,703,0.9188292622566223
146,18,1623,130,297,733,0.9150370955467224
146,7,796,153,154,372,0.5278010964393616
146,28,669,188,96,371,0.7598012685775757
146,25,1272,104,164,612,0.6769121289253235
147,3,455,119,251,580,0.8937552571296692
147,4,983,145,290,713,0.9136289954185486
147,18,1625,131,295,739,0.909182608127594
147,7,806,173,148,353,0.5589998364448547
147,28,669,183,97,376,0.731047511100769
147,25,1271,104,172,639,0.7299485802650452
148,3,454,121,251,579,0.8950349688529968
148,4,983,146,292,719,0.9099761843681335
148,18,1627,134,293,739,0.9097069501876831
148,7,800,160,148,352,0.4721871018409729
148,28,669,187,96,373,0.7147581577301025
148,25,1271,105,176,648,0.8013065457344055
148,30,843,255,110,269,0.518386960029602
149,3,453,123,251,579,0.8946127891540527
149,4,982,152,292,719,0.9072942137718201
149,18,1631,136,289,740,0.9220271110534668
149,7,798,155,150,359,0.48087525367736816
149,28,668,182,99,379,0.7026426792144775
149,25,1268,106,184,673,0.8014331459999084
150,3,453,128,250,577,0.8991912007331848
150,4,982,158,289,715,0.9045783281326294
150,18,1635,140,285,741,0.9338957071304321
150,7,816,188,141,336,0.5111812949180603
150,28,669,186,97,374,0.6768139600753784
150,25,1269,107,183,667,0.752177894115448
151,3,453,132,248,575,0.9007481336593628
151,4,979,163,291,719,0.9037854671478271
151,18,1638,144,282,743,0.9347079992294312
151,7,815,172,150,358,0.4625813663005829
151,28,669,193,97,367,0.7011447548866272
151,25,1268,109,188,680,0.7459083795547485
152,3,453,135,246,572,0.9016712307929993
152,4,977,167,292,722,0.904035747051239
152,18,1642,147,278,743,0.9305968880653381
152,7,811,163,155,369,0.5087812542915344
152,28,668,200,95,360,0.6991714835166931
152,25,1266,112,191,688,0.6451475024223328
153,3,453,139,244,566,0.904791533946991
153,4,975,169,293,727,0.9010917544364929
153,18,1646,149,274,743,0.92519611120224
153,7,807,161,150,357,0.4826734662055969
153,28,666,203,95,356,0.6963512897491455
153,25,1267,115,188,674,0.6716752052307129
153,31,1365,116,303,809,0.5160916447639465
154,3,454,143,241,559,0.9047917127609253
154,4,971,169,294,732,0.9052180051803589
154,18,1650,148,270,744,0.9307164549827576
154,7,805,160,156,372,0.5695411562919617
154,28,664,203,95,356,0.6836071610450745
154,25,1268,120,189,671,0.5314964652061462
154,31,1426,120,171,443,0.5451406240463257
155,3,454,144,240,555,0.9036893844604492
155,4,969,167,295,737,0.9001742005348206
155,18,1654,146,266,745,0.9303191900253296
155,7,803,161,155,369,0.5516898036003113
155,28,662,202,96,356,0.6712523102760315
155,25,1267,124,187,665,0.5284086465835571
156,3,454,144,240,549,0.899882435798645
156,4,965,165,297,741,0.9033763408660889
156,18,1660,145,260,745,0.9202888011932373
156,7,801,164,154,366,0.5014411807060242
156,28,662,201,98,357,0.6840983033180237
156,25,1268,123,189,668,0.6590468287467957
156,32,1347,121,331,338,0.5675655007362366
156,33,733,188,83,250,0.4678819179534912
157,3,452,143,240,548,0.9026622176170349
157,4,963,163,297,744,0.9053171277046204
157,18,1664,144,256,748,0.9102292060852051
157,7,801,166,150,358,0.5626931190490723
157,28,662,195,99,363,0.6928993463516235
157,25,1273,123,186,652,0.6671949028968811
157,32,1351,121,325,332,0.6651892066001892
157,33,733,189,83,249,0.5446673631668091
158,3,450,140,240,550,0.9050540328025818
158,4,959,160,299,748,0.9104012250900269
158,18,1669,142,251,752,0.9015775918960571
158,7,801,165,151,359,0.6134066581726074
158,28,660,197,100,360,0.7471418380737305
158,25,1274,122,189,661,0.7173063158988953
158,32,1354,123,321,328,0.5799305438995361
158,33,734,190,82,249,0.5833069682121277
159,3,447,138,242,552,0.908096432685852
159,4,958,158,299,751,0.9107928276062012
159,18,1673,142,247,750,0.8995646834373474
159,7,801,164,151,362,0.6298120617866516
159,28,659,199,100,358,0.7739292979240417
159,25,1278,123,192,669,0.7630727887153625
159,32,1357,125,320,326,0.5011883974075317
159,33,733,192,82,248,0.5868349075317383
160,3,445,137,243,553,0.9077420830726624
160,4,956,155,300,754,0.9145267009735107
160,18,1677,143,243,750,0.8998674750328064
160,7,802,163,149,356,0.6272597312927246
160,28,659,204,99,354,0.7934896945953369
160,25,1281,123,194,666,0.7500987648963928
160,33,734,193,81,248,0.64030921459198
161,3,444,135,244,556,0.9100599884986877
161,4,954,153,301,757,0.9176129102706909
161,18,1682,143,238,752,0.9046306014060974
161,7,803,163,143,343,0.608657717704773
161,28,659,206,99,352,0.7850061655044556
161,25,1283,121,197,668,0.7936742901802063
161,33,735,194,81,249,0.619432270526886
162,3,443,135,244,556,0.9080376625061035
162,4,952,151,303,761,0.9154518842697144
162,18,1686,142,234,756,0.9192620515823364
162,7,800,164,149,360,0.6410894393920898
162,28,659,210,99,350,0.7909408807754517
162,25,1281,119,200,673,0.7865489721298218
162,33,735,194,82,251,0.5938653945922852
163,3,442,135,243,556,0.9029397368431091
163,4,950,151,304,765,0.9101662039756775
163,18,1689,142,231,761,0.9121447205543518
163,7,797,163,152,368,0.6101468801498413
163,28,659,212,100,349,0.7884717583656311
163,25,1280,117,204,678,0.7540529370307922
163,33,735,194,83,253,0.5724077820777893
163,35,1220,182,111,466,0.5532363653182983
163,32,1420,134,305,319,0.5067673921585083
164,3,440,135,243,558,0.8888452649116516
164,4,947,154,307,772,0.9170819520950317
164,18,1693,142,227,768,0.9156961441040039
164,7,797,162,153,376,0.648748517036438
164,28,659,215,100,347,0.7734497785568237
164,25,1278,116,201,663,0.662811815738678
164,33,735,193,83,255,0.5007984042167664
164,35,1221,185,111,468,0.5785594582557678
164,32,1377,136,316,329,0.4944925308227539
165,3,439,137,241,555,0.8852972984313965
165,4,946,157,308,776,0.9201487898826599
165,18,1697,142,223,777,0.9154694080352783
165,7,798,163,153,374,0.6693751215934753
165,28,659,210,101,352,0.7854779362678528
165,25,1278,114,200,662,0.6475844383239746
165,33,735,192,82,254,0.4765583574771881
165,35,1223,187,111,467,0.5483739972114563
166,3,438,138,240,554,0.8839491009712219
166,4,946,162,308,776,0.9200096130371094
166,18,1700,144,220,778,0.9011147618293762
166,7,799,163,148,365,0.6566703915596008
166,28,659,206,102,356,0.7874413728713989
166,25,1283,114,197,658,0.5849061012268066
166,33,737,192,81,253,0.49565213918685913
166,35,1220,186,111,466,0.5247870683670044
166,32,1371,139,316,329,0.6113168001174927
167,3,438,139,238,553,0.8827895522117615
167,4,950,180,303,763,0.9183303713798523
167,18,1703,147,217,786,0.9089834094047546
167,7,799,164,151,373,0.6622097492218018
167,28,659,204,103,357,0.7931413650512695
167,25,1282,112,204,691,0.5451774001121521
167,35,1219,187,112,466,0.5035563111305237
167,32,1363,141,317,327,0.58549565076828
168,3,440,139,236,553,0.8837935924530029
168,4,951,186,303,761,0.9272567629814148
168,18,1706,152,214,783,0.9087627530097961
168,7,804,165,142,351,0.5606552362442017
168,28,660,201,104,359,0.787416398525238
168,25,1286,113,204,700,0.5230027437210083
168,35,1222,185,108,445,0.45543015003204346
168,32,1360,140,324,336,0.5693210363388062
169,3,441,138,234,555,0.8846240639686584
169,4,950,186,306,766,0.9319049715995789
169,18,1709,153,211,784,0.88521808385849
169,7,805,166,144,353,0.5171006917953491
169,28,663,200,103,358,0.7816744446754456
169,25,1292,113,192,662,0.5749397873878479
169,35,1222,182,108,441,0.508921205997467
169,32,1355,138,333,347,0.5638624429702759
170,3,441,138,231,555,0.877781093120575
170,4,950,186,308,772,0.9316796660423279
170,18,1708,155,212,814,0.873624324798584
170,7,819,167,151,375,0.503375232219696
170,28,664,198,104,359,0.8049061298370361
170,25,1291,115,196,685,0.6141046285629272
170,35,1223,180,112,454,0.6022487282752991
170,32,1353,136,336,351,0.5298205018043518
171,3,440,139,226,554,0.8758196234703064
171,4,950,185,309,777,0.9352054595947266
171,18,1707,156,213,836,0.8723851442337036
171,7,811,167,147,367,0.5211009383201599
171,28,665,198,105,358,0.8219029903411865
171,25,1292,117,198,700,0.6613151431083679
171,35,1224,177,114,465,0.607227623462677
172,3,440,139,222,555,0.8589252233505249
172,4,949,183,313,782,0.9295936226844788
172,18,1709,156,211,849,0.8650962114334106
172,7,809,168,148,367,0.5478826761245728
172,28,667,200,105,356,0.821669340133667
172,25,1301,117,172,597,0.6372440457344055
172,35,1227,174,112,453,0.6086733937263489
173,3,437,140,218,554,0.8436140418052673
173,4,950,180,314,786,0.927123486995697
173,18,1711,154,209,853,0.8626344203948975
173,7,809,169,153,380,0.5926898717880249
173,28,669,206,104,350,0.8275818228721619
173,25,1304,118,162,557,0.6322572231292725
173,35,1227,172,118,476,0.6377238631248474
173,37,213,215,92,181,0.5329117774963379
173,32,1334,131,365,386,0.5069403052330017
174,3,443,139,214,556,0.7932348251342773
174,4,949,174,317,792,0.926217257976532
174,18,1715,154,205,840,0.8523300290107727
174,7,815,167,156,386,0.7263149619102478
174,28,670,207,105,348,0.8300642967224121
174,25,1309,124,159,545,0.6147170066833496
174,35,1227,172,119,485,0.6376585960388184
175,3,468,137,160,410,0.7047135829925537
175,4,949,170,318,796,0.9222068190574646
175,18,1715,150,205,860,0.8486076593399048
175,7,818,166,157,388,0.68687903881073
175,28,670,207,106,346,0.7772483229637146
175,25,1311,128,158,536,0.5884127616882324
175,35,1227,174,119,485,0.5936204791069031
176,3,440,136,222,591,0.6015135645866394
176,4,948,163,321,804,0.9232122898101807
176,18,1717,147,203,852,0.8497152328491211
176,7,817,166,157,388,0.6494866013526917
176,28,678,203,90,276,0.643029510974884
176,25,1312,128,157,533,0.5812197327613831
176,35,1230,176,118,484,0.6202325224876404
176,39,560,176,105,241,0.529602587223053
177,4,947,158,324,809,0.9193087816238403
177,18,1719,147,201,847,0.8472506403923035
177,7,834,167,122,280,0.47929447889328003
177,28,681,200,87,258,0.7435984015464783
177,25,1312,128,157,535,0.5428230166435242
177,35,1231,179,118,487,0.6831392645835876
178,4,948,153,324,814,0.9119547009468079
178,18,1720,146,200,842,0.8489563465118408
178,7,841,165,108,233,0.6444306373596191
178,25,1311,129,158,533,0.5025107264518738
178,35,1233,181,117,487,0.6313410401344299
178,40,75,180,760,880,0.6414483785629272
178,32,1173,125,725,826,0.5841472744941711
179,4,953,149,324,820,0.8824557065963745
179,18,1722,144,198,838,0.8521047234535217
179,7,866,164,83,168,0.6583430171012878
179,25,1312,127,158,533,0.525337278842926
179,35,1236,183,115,484,0.7100544571876526
179,40,184,167,781,896,0.5936720967292786
180,18,1724,142,196,827,0.865414559841156
180,25,1319,121,150,506,0.4864601194858551
180,35,1239,183,114,484,0.7560651898384094
180,40,323,151,802,914,0.5949893593788147
181,18,1725,141,195,827,0.861433207988739
181,25,1312,124,157,528,0.5159865021705627
181,35,1241,180,114,488,0.5895056128501892
181,40,401,143,814,923,0.8241085410118103
182,18,1727,146,193,824,0.8502076864242554
182,40,461,130,828,933,0.7047465443611145
182,3,383,139,209,572,0.5662379264831543
183,18,1730,149,190,831,0.8325353860855103
183,40,545,123,848,941,0.7001907825469971
183,41,1336,111,144,203,0.5776081085205078
183,3,381,145,201,560,0.7507311701774597
183,39,496,176,214,508,0.5934183597564697
184,18,1734,153,186,825,0.8306360840797424
184,40,614,99,882,965,0.7731257677078247
184,41,1352,109,136,193,0.7283754944801331
184,3,393,143,205,563,0.8046839237213135
184,39,492,177,215,524,0.78826904296875
185,18,1738,157,182,820,0.8219782114028931
185,40,662,93,897,972,0.5775801539421082
185,3,395,142,209,564,0.8256575465202332
185,39,501,177,192,473,0.8018829822540283
185,37,210,209,115,238,0.47173765301704407
185,28,676,205,113,334,0.8200576901435852
186,18,1749,158,171,821,0.752045214176178
186,40,757,93,908,973,0.755217432975769
186,3,393,143,210,564,0.8505011200904846
186,39,506,178,178,445,0.8385785222053528
186,37,211,208,113,243,0.5377586483955383
186,28,675,206,115,340,0.8502917885780334
187,40,866,109,908,957,0.7723822593688965
187,3,390,141,212,566,0.860639214515686
187,39,506,178,174,439,0.8437502384185791
187,37,213,208,110,245,0.6353984475135803
187,28,674,206,116,344,0.8512454032897949
187,45,811,161,191,384,0.8670227527618408
188,40,1025,121,884,934,0.7313054800033569
188,3,385,140,212,567,0.8620182275772095
188,39,504,177,174,441,0.8467653393745422
188,37,214,208,109,247,0.6790434718132019
188,28,674,204,116,342,0.8434425592422485
188,45,809,161,197,399,0.8570188879966736
188,4,910,161,315,824,0.8294932246208191
189,40,1093,128,827,934,0.6600197553634644
189,3,377,137,212,571,0.8611880540847778
189,39,503,177,172,440,0.8561108112335205
189,37,214,209,107,248,0.6899898648262024
189,28,675,202,116,346,0.8492340445518494
189,45,809,162,198,403,0.8133366703987122
189,4,923,159,315,829,0.9043173789978027
190,40,1160,142,760,922,0.8170154690742493
190,3,369,134,212,572,0.8521787524223328
190,39,502,176,170,435,0.8606709837913513
190,37,215,209,105,248,0.7272849678993225
190,28,674,200,117,348,0.8553323745727539
190,45,809,162,198,408,0.8297669887542725
190,4,931,157,325,852,0.9206868410110474
190,46,1171,177,124,172,0.4833115339279175
191,40,1240,165,680,896,0.6434792876243591
191,3,362,132,211,575,0.8189163208007812
191,39,500,175,168,431,0.8671565651893616
191,37,216,209,103,248,0.7539896965026855
191,28,675,200,117,349,0.8451634645462036
191,45,808,162,198,409,0.8082274198532104
191,4,930,153,331,863,0.913632869720459
191,25,1312,113,212,714,0.576422393321991
191,35,1237,171,118,503,0.4859340190887451
192,40,1321,189,599,877,0.6908894181251526
192,3,350,130,207,572,0.7923557162284851
192,39,497,173,168,431,0.8661625981330872
192,37,216,210,101,247,0.7532317638397217
192,28,677,202,116,345,0.8358477354049683
192,45,808,161,195,410,0.7863228917121887
192,4,928,149,335,870,0.9129226803779602
192,25,1312,110,214,724,0.6884469985961914
192,35,1238,173,116,486,0.4827826917171478
193,40,1350,194,570,875,0.5572420954704285
193,3,339,130,203,572,0.8103488087654114
193,39,493,171,169,432,0.8834748864173889
193,37,217,212,99,245,0.7427904009819031
193,28,679,202,115,343,0.8367975354194641
193,45,807,161,193,409,0.7988105416297913
193,4,926,145,338,876,0.9109801650047302
193,25,1311,108,220,748,0.7499144673347473
193,35,1239,176,108,441,0.48681482672691345
193,46,1172,174,129,180,0.4693010449409485
194,3,328,129,199,574,0.818109393119812
194,39,491,170,170,431,0.8863109350204468
194,37,218,213,97,244,0.662973165512085
194,28,679,201,116,343,0.8382101655006409
194,45,807,159,190,410,0.8042823672294617
194,4,924,141,340,880,0.9155260324478149
194,25,1311,110,220,754,0.7877245545387268
194,46,1171,173,130,182,0.47025731205940247
195,3,321,127,194,574,0.8234547972679138
195,39,491,169,170,430,0.881485104560852
195,37,219,214,95,243,0.6119557619094849
195,28,680,200,116,342,0.8396729230880737
195,45,807,157,187,407,0.8124012351036072
195,4,922,137,343,882,0.9137662649154663
195,25,1314,114,219,755,0.8189666271209717
196,3,316,128,190,573,0.831585168838501
196,39,492,168,170,432,0.8869031667709351
196,37,219,213,94,245,0.619744062423706
196,28,681,203,114,337,0.8397644758224487
196,45,807,155,185,408,0.8175262808799744
196,4,920,135,345,884,0.9152213931083679
196,25,1315,114,219,756,0.8108121156692505
196,18,1788,221,132,713,0.5626602172851562
197,3,311,129,185,569,0.8265442848205566
197,39,492,168,169,427,0.8766950368881226
197,37,219,210,92,245,0.5699908137321472
197,28,682,204,112,332,0.849089503288269
197,45,808,152,183,410,0.817528247833252
197,4,917,136,347,886,0.9204972386360168
197,25,1317,114,219,756,0.8181115984916687
197,18,1813,236,107,500,0.8148638606071472
197,35,1235,174,121,493,0.5380386114120483
198,3,298,127,186,571,0.8424858450889587
198,39,492,169,169,425,0.8606724143028259
198,37,219,206,91,247,0.6279797554016113
198,28,684,205,110,328,0.8510410785675049
198,45,808,150,182,413,0.8010264039039612
198,4,915,138,349,892,0.9268554449081421
198,25,1318,112,220,757,0.8237720727920532
198,18,1823,240,95,434,0.7432259321212769
198,35,1237,171,122,490,0.49421268701553345
199,3,284,127,188,571,0.8595352172851562
199,39,493,170,168,422,0.8647593855857849
199,37,219,203,92,251,0.5974844098091125
199,28,685,206,110,326,0.8453964591026306
199,45,807,149,183,418,0.8059168457984924
199,4,915,140,350,895,0.9227415919303894
199,25,1316,110,223,760,0.8214719891548157
199,18,1827,243,92,417,0.665545642375946
199,35,1234,165,128,508,0.5307058095932007
200,3,268,129,193,569,0.876069962978363
200,39,495,172,167,418,0.8526244759559631
200,28,685,205,110,327,0.8541988730430603
200,45,809,148,181,420,0.8052600622177124
200,4,915,143,352,896,0.919731080532074
200,25,1315,107,225,763,0.8306964039802551
200,18,1831,245,89,414,0.5141660571098328
200,35,1234,162,132,518,0.61737060546875
201,3,253,130,198,568,0.8870241045951843
201,39,496,172,167,416,0.8321236968040466
201,28,687,204,110,329,0.8277218341827393
201,45,811,149,178,417,0.7912761569023132
201,4,917,152,350,889,0.9237526655197144
201,25,1319,100,226,767,0.7881438732147217
201,18,1834,249,86,409,0.6368891000747681
201,35,1236,161,130,505,0.65214604139328
202,3,243,130,205,568,0.8931627869606018
202,39,497,172,167,417,0.8411658406257629
202,28,688,202,110,331,0.8165267705917358
202,45,812,149,176,413,0.7957896590232849
202,4,918,158,350,887,0.9213630557060242
202,25,1327,99,226,763,0.7847497463226318
202,18,1838,252,82,409,0.6924862861633301
202,35,1234,158,133,516,0.6854469776153564
203,3,237,130,210,567,0.8867733478546143
203,39,500,172,167,416,0.8420646786689758
203,28,689,200,112,334,0.8410338759422302
203,45,813,150,174,409,0.8093491792678833
203,4,921,161,352,890,0.9162366390228271
203,25,1332,97,224,756,0.7851695418357849
203,18,1840,255,80,410,0.6715365648269653
203,35,1234,157,137,527,0.703444242477417
204,3,231,128,217,570,0.8808692693710327
204,39,502,170,166,416,0.8332483172416687
204,28,691,197,111,334,0.8412249684333801
204,45,813,150,173,408,0.8254662752151489
204,4,923,161,357,898,0.9150510430335999
204,25,1330,95,225,759,0.7488595843315125
204,18,1841,255,79,415,0.7384486794471741
204,35,1235,156,140,536,0.7334809303283691
205,3,225,129,223,570,0.8778301477432251
205,39,504,170,166,413,0.8697719573974609
205,28,693,194,111,334,0.8368642330169678
205,45,813,151,173,409,0.825456976890564
205,4,924,160,361,905,0.921626627445221
205,25,1328,92,226,772,0.7473071813583374
205,18,1842,255,78,420,0.7170668840408325
205,35,1236,157,140,531,0.6464844942092896
206,3,220,129,228,570,0.8715497255325317
206,39,505,169,166,413,0.8597040772438049
206,28,694,191,111,334,0.8400992751121521
206,45,813,152,174,412,0.8144364953041077
206,4,927,159,363,910,0.9220006465911865
206,25,1326,90,228,784,0.6792762279510498
206,18,1843,256,77,422,0.71336829662323
206,35,1239,158,137,521,0.5139990448951721
207,3,216,128,233,571,0.8715597987174988
207,39,506,167,166,412,0.847047746181488
207,28,696,188,111,334,0.8160401582717896
207,45,812,150,175,416,0.8180363178253174
207,4,928,155,367,917,0.9232866168022156
207,25,1327,91,229,796,0.5574948787689209
207,18,1843,257,77,425,0.6712543964385986
207,35,1240,160,139,521,0.5581970810890198
208,3,211,126,236,573,0.8794548511505127
208,39,508,164,166,410,0.8348163366317749
208,28,697,187,112,334,0.836505115032196
208,45,813,149,175,416,0.8190097212791443
208,4,929,149,370,924,0.9267049431800842
208,18,1844,259,76,426,0.5634807348251343
208,35,1241,161,139,521,0.5709542632102966
209,3,202,125,239,576,0.8810121417045593
209,39,509,161,166,410,0.8238639235496521
209,28,698,185,112,334,0.8285415768623352
209,45,814,147,174,416,0.8249279260635376
209,4,932,145,374,927,0.924933671951294
209,35,1248,159,126,463,0.4744865298271179
209,50,136,210,102,330,0.6172720789909363
210,3,187,125,241,574,0.8638362288475037
210,39,509,159,167,411,0.8466750979423523
210,28,698,185,112,333,0.830905556678772
210,45,814,145,175,418,0.8391101956367493
210,4,935,138,377,934,0.9300872683525085
210,35,1242,159,138,507,0.46845611929893494
211,3,179,123,240,575,0.8615487217903137
211,39,508,156,169,413,0.8520288467407227
211,28,698,184,111,332,0.8116346001625061
211,45,815,143,174,417,0.8401440382003784
211,4,937,134,379,937,0.9352702498435974
211,35,1250,158,123,440,0.5556176900863647
211,25,1444,99,252,818,0.5998348593711853
212,3,154,121,242,576,0.8690489530563354
212,39,508,153,170,414,0.8435639142990112
212,28,697,183,112,333,0.80479496717453
212,45,814,139,174,421,0.8232370615005493
212,4,937,127,383,943,0.9328373670578003
212,35,1251,156,121,421,0.5444326996803284
212,25,1451,98,267,824,0.5790742635726929
213,3,138,117,243,581,0.8490608930587769
213,39,509,152,170,414,0.850618302822113
213,28,697,184,111,331,0.789894700050354
213,45,814,137,175,426,0.8139499425888062
213,4,939,119,385,950,0.9318010807037354
213,35,1245,151,136,471,0.5831221342086792
213,25,1450,95,281,827,0.6468285918235779
214,3,124,114,240,584,0.8302134871482849
214,39,510,151,170,414,0.8551710247993469
214,28,696,185,111,329,0.7865752577781677
214,45,816,135,174,426,0.7998999357223511
214,4,942,115,387,954,0.9287582635879517
214,35,1241,146,143,494,0.4974382817745209
214,25,1445,92,292,829,0.6037461161613464
215,3,111,114,235,582,0.8482890129089355
215,39,509,151,171,413,0.8611530661582947
215,28,696,184,110,331,0.7848716974258423
215,45,817,134,174,427,0.8109156489372253
215,4,943,114,387,955,0.9310751557350159
215,35,1242,140,142,488,0.5677209496498108
215,25,1437,89,306,840,0.6622327566146851
215,51,1007,169,79,112,0.529488742351532
216,3,103,114,230,581,0.8539810180664062
216,39,509,151,171,412,0.8552104830741882
216,28,696,184,110,330,0.7777760028839111
216,45,817,133,175,430,0.7872470021247864
216,4,946,116,387,954,0.9264127612113953
216,35,1241,138,146,494,0.5958753824234009
216,25,1434,87,314,841,0.7317520380020142
216,51,1008,168,81,114,0.5029300451278687
216,52,1348,82,193,499,0.49708667397499084
217,3,100,112,224,581,0.8457841277122498
217,39,509,151,171,411,0.8584864735603333
217,28,696,182,110,331,0.7811535596847534
217,45,817,132,175,431,0.7858336567878723
217,4,949,117,386,952,0.9303182363510132
217,35,1240,137,149,497,0.5372531414031982
217,25,1434,85,321,844,0.7585240006446838
217,51,1007,166,84,118,0.5063832998275757
217,52,1347,82,194,500,0.459676593542099
218,3,97,112,219,579,0.8488471508026123
218,39,508,150,171,410,0.8538179993629456
218,28,695,181,110,330,0.7659327983856201
218,45,818,132,173,425,0.8195148706436157
218,4,951,120,387,950,0.9284774661064148
218,35,1234,137,158,522,0.5157033205032349
218,25,1431,82,329,853,0.6714028120040894
218,51,1004,165,88,124,0.47348302602767944
219,3,88,112,219,580,0.8610954880714417
219,39,509,151,169,407,0.8499980568885803
219,28,694,181,109,326,0.7608370780944824
219,45,818,132,172,424,0.810055136680603
219,4,953,124,387,947,0.9283412098884583
219,25,1429,81,340,871,0.4612865746021271
219,51,999,164,96,134,0.4704243540763855
220,3,75,112,220,581,0.8719351291656494
220,39,509,152,168,405,0.8429576754570007
220,28,692,182,109,321,0.7486571669578552
220,45,818,133,170,416,0.8064299821853638
220,4,956,129,386,942,0.9259689450263977
220,51,995,162,101,144,0.4630814790725708
220,52,1296,82,314,828,0.46538597345352173
220,35,1226,139,166,546,0.4866971969604492
221,3,64,110,223,585,0.889997661113739
221,39,510,154,167,402,0.836362361907959
221,28,691,181,108,319,0.7653453946113586
221,45,817,134,168,407,0.804814338684082
221,4,958,134,386,936,0.9269571304321289
221,51,992,161,105,151,0.4817487895488739
221,52,1295,81,321,869,0.526486873626709
221,35,1224,142,160,527,0.48061901330947876
222,3,53,112,228,584,0.8877804279327393
222,39,508,152,168,403,0.8473619818687439
222,28,691,179,108,318,0.774685263633728
222,45,815,135,169,406,0.8020708560943604
222,4,964,136,387,935,0.9234780073165894
222,51,992,160,106,154,0.5061553120613098
222,52,1296,78,319,883,0.4853783845901489
222,35,1227,145,148,480,0.4504360854625702
222,25,1423,77,347,884,0.5216726064682007
223,3,45,115,231,582,0.9017398357391357
223,39,508,152,167,401,0.8459790349006653
223,28,690,177,108,319,0.8029251098632812
223,45,811,135,171,405,0.8117161989212036
223,4,967,136,390,935,0.9222216010093689
223,51,992,157,106,158,0.5641883611679077
223,52,1298,74,313,885,0.5385092496871948
223,35,1237,148,117,361,0.49165892601013184
223,25,1427,77,360,907,0.5294110178947449
224,3,38,113,236,585,0.9020442962646484
224,39,506,150,168,398,0.8483831286430359
224,28,691,178,107,316,0.8069923520088196
224,45,807,133,173,411,0.7996104955673218
224,4,968,131,394,940,0.9222646951675415
224,51,992,156,104,157,0.5636546015739441
224,52,1304,71,305,883,0.5833982825279236
224,35,1239,149,105,306,0.528958797454834
224,25,1432,78,364,902,0.7131113409996033
224,37,193,194,103,300,0.4989185035228729
225,3,31,114,240,585,0.9015896916389465
225,39,506,149,167,395,0.8358599543571472
225,28,691,177,106,315,0.8067758083343506
225,45,804,131,176,416,0.8163958787918091
225,4,967,123,398,948,0.9298623204231262
225,51,993,155,103,158,0.5350435972213745
225,52,1307,68,300,882,0.67617267370224
225,35,1240,147,101,281,0.6885181665420532
225,25,1435,79,372,913,0.7233399152755737
225,37,192,192,100,304,0.7023931741714478
226,3,24,114,244,586,0.8923914432525635
226,39,505,148,168,394,0.7963489890098572
226,28,690,176,107,315,0.7892967462539673
226,45,803,129,176,416,0.8183402419090271
226,4,966,117,401,954,0.9296519160270691
226,51,993,155,101,158,0.5318924188613892
226,52,1311,63,297,889,0.7131631970405579
226,35,1238,146,100,270,0.6179581880569458
226,25,1438,82,381,923,0.811557412147522
226,37,189,192,101,309,0.7585911154747009
227,3,21,113,247,588,0.8894083499908447
227,39,503,146,169,394,0.8166300654411316
227,28,689,175,108,314,0.7887800335884094
227,45,803,126,175,414,0.809112548828125
227,4,967,111,404,959,0.9278908371925354
227,51,993,155,99,157,0.5618811249732971
227,52,1314,56,295,892,0.796226978302002
227,35,1241,143,97,253,0.6052653789520264
227,25,1445,84,385,929,0.7645117044448853
227,37,186,192,101,308,0.8211115598678589
228,3,14,113,248,587,0.885126531124115
228,39,502,144,171,396,0.8017174005508423
228,28,690,173,107,314,0.7914284467697144
228,45,801,124,175,414,0.8065580725669861
228,4,968,106,408,963,0.9270778298377991
228,51,993,156,98,157,0.6209499835968018
228,52,1318,57,289,883,0.7922937273979187
228,35,1244,138,96,243,0.6319288015365601
228,25,1448,84,388,930,0.7730570435523987
228,37,182,190,101,304,0.8492644429206848
229,3,6,111,248,588,0.8737697601318359
229,39,502,143,171,397,0.7879837155342102
229,28,690,171,108,315,0.791442334651947
229,45,799,121,178,422,0.7718906402587891
229,4,968,99,412,970,0.9275118112564087
229,51,993,155,95,156,0.584395706653595
229,52,1319,56,285,877,0.8042582273483276
229,35,1246,134,94,229,0.6925333142280579
229,25,1452,84,395,945,0.7745351791381836
229,37,177,190,104,303,0.8760032653808594
229,53,617,151,70,339,0.5384910702705383
230,3,0,109,246,590,0.8839058876037598
230,39,499,141,172,399,0.8065080642700195
230,28,690,170,108,315,0.7752417922019958
230,45,797,119,180,428,0.7752231955528259
230,4,969,94,414,975,0.933570384979248
230,51,992,154,94,156,0.5448055267333984
230,52,1322,56,280,872,0.8198544383049011
230,35,1248,131,94,225,0.6395008563995361
230,25,1458,83,394,940,0.764870822429657
230,37,177,188,107,302,0.8596552610397339
230,53,619,151,69,333,0.546392560005188
231,3,0,107,235,590,0.8715953230857849
231,39,498,140,172,397,0.796765148639679
231,28,690,172,107,314,0.778135359287262
231,45,795,117,183,437,0.78815758228302
231,4,969,90,417,980,0.9312654137611389
231,51,993,153,93,154,0.5529425740242004
231,52,1324,55,278,868,0.8127158284187317
231,35,1249,128,94,220,0.5658535361289978
231,25,1463,77,400,955,0.6128731369972229
231,37,177,185,109,301,0.8339304327964783
231,53,620,150,69,335,0.5370110869407654
232,3,0,101,224,595,0.8728448152542114
232,39,496,139,172,398,0.7670620083808899
232,28,691,172,107,314,0.7907825708389282
232,45,792,115,187,447,0.798957884311676
232,4,969,88,419,982,0.928991436958313
232,51,993,152,92,154,0.5484719276428223
232,52,1327,54,276,865,0.8191485404968262
232,35,1252,128,93,212,0.4630090892314911
232,25,1479,77,377,887,0.5355892777442932
232,37,177,183,112,302,0.8527277708053589
232,53,622,150,68,330,0.5592684745788574
232,54,1471,71,381,431,0.4728437662124634
233,3,0,98,207,597,0.8560686111450195
233,39,496,139,171,396,0.7520129084587097
233,28,692,167,107,317,0.8024352192878723
233,45,791,117,186,443,0.7134591341018677
233,4,972,88,420,983,0.9240885376930237
233,51,992,151,91,153,0.4987970292568207
233,52,1327,55,278,875,0.8245695233345032
233,25,1476,72,396,932,0.47449958324432373
233,37,178,181,113,304,0.858110249042511
233,53,625,152,67,325,0.5754384398460388
233,54,1476,72,388,438,0.5406431555747986
234,3,0,97,188,597,0.8711508512496948
234,39,497,139,171,395,0.7714070677757263
234,28,694,165,106,319,0.7967915534973145
234,45,798,117,169,397,0.6742957830429077
234,4,976,90,420,980,0.9169450998306274
234,51,993,150,91,155,0.49272894859313965
234,52,1329,56,277,874,0.8273331522941589
234,25,1480,72,394,929,0.6892567873001099
234,37,176,178,117,307,0.8661250472068787
235,3,0,96,172,599,0.8643897771835327
235,39,498,141,169,393,0.7658806443214417
235,28,694,159,107,325,0.78471839427948
235,45,801,119,161,372,0.6545839309692383
235,4,982,94,419,977,0.9194863438606262
235,51,990,149,98,166,0.45560306310653687
235,52,1331,56,276,874,0.8417397141456604
235,37,177,175,119,308,0.856836199760437
235,55,849,241,129,317,0.617941677570343
236,3,0,95,163,600,0.847135603427887
236,39,500,142,168,393,0.7740339040756226
236,28,695,154,107,328,0.7669016718864441
236,45,802,121,158,359,0.6449355483055115
236,4,987,100,418,971,0.9297474026679993
236,52,1334,56,277,878,0.8299721479415894
236,37,178,173,121,312,0.8644416332244873
236,55,848,245,129,317,0.6266274452209473
236,25,1494,66,379,889,0.6207714080810547
237,3,0,95,156,600,0.8277512788772583
237,39,501,143,167,393,0.7448555827140808
237,28,696,151,106,330,0.7719912528991699
237,45,802,121,159,357,0.663805365562439
237,4,993,108,415,964,0.9355171322822571
237,52,1337,56,277,884,0.827934205532074
237,37,179,172,123,313,0.8557595610618591
237,55,835,227,137,336,0.4516742527484894
237,25,1495,64,393,917,0.6145329475402832
237,51,980,146,117,203,0.4984011650085449
238,3,0,103,150,591,0.7925684452056885
238,39,502,141,167,393,0.7925241589546204
238,28,698,150,105,330,0.7539681792259216
238,45,791,121,186,417,0.715076744556427
238,4,997,113,413,959,0.939437747001648
238,52,1339,56,278,893,0.8570876121520996
238,37,180,172,124,314,0.8424453139305115
238,25,1497,59,406,949,0.5203598141670227
238,51,973,145,130,234,0.5907855033874512
238,53,627,146,69,326,0.49691858887672424
239,3,0,121,143,572,0.7888442277908325
239,39,504,140,166,391,0.8151183724403381
239,28,700,149,104,329,0.7634620666503906
239,45,788,121,193,437,0.7455256581306458
239,4,1003,117,413,956,0.9341089725494385
239,52,1341,55,280,899,0.8700507283210754
239,37,181,173,124,312,0.8282214403152466
239,25,1503,55,409,954,0.5764726996421814
239,51,969,144,139,259,0.6135600805282593
239,56,1074,132,96,177,0.6348423957824707
240,3,0,134,139,559,0.8221502900123596
240,39,509,139,164,389,0.8064199090003967
240,28,702,145,104,332,0.7534682154655457
240,45,791,122,185,416,0.6052547693252563
240,4,1012,120,413,952,0.9275631308555603
240,52,1345,52,280,907,0.873595118522644
240,37,184,173,125,312,0.7944897413253784
240,51,971,144,135,260,0.6731589436531067
240,56,1078,130,98,180,0.6137353181838989
241,3,0,138,136,554,0.8299643993377686
241,39,512,138,163,387,0.8009388446807861
241,28,704,145,103,331,0.7427301406860352
241,45,788,121,192,434,0.594239354133606
241,4,1020,120,415,953,0.9314704537391663
241,52,1349,50,280,911,0.8750990629196167
241,37,188,174,127,312,0.8093060851097107
241,51,972,143,132,264,0.6807717084884644
241,56,1080,130,98,179,0.5910722017288208
241,25,1514,54,403,936,0.5114642381668091
242,3,0,138,135,553,0.8360411524772644
242,39,515,139,162,382,0.8139117956161499
242,28,707,145,101,329,0.7292481064796448
242,45,787,119,194,441,0.665277361869812
242,4,1029,116,417,958,0.9310216307640076
242,52,1353,47,279,913,0.8726301193237305
242,37,193,174,128,312,0.8175721168518066
242,51,974,143,129,265,0.6794599890708923
242,56,1083,130,99,180,0.5710672736167908
243,3,0,137,133,554,0.8311632871627808
243,39,515,137,162,381,0.809676468372345
243,28,709,147,99,327,0.7082265019416809
243,45,787,117,194,444,0.6780531406402588
243,4,1036,114,419,958,0.9272395968437195
243,52,1360,46,278,912,0.8728144764900208
243,37,198,174,129,313,0.8357290029525757
243,51,976,143,124,265,0.6840819120407104
243,56,1082,130,99,178,0.5360521078109741
243,25,1501,56,409,967,0.46830475330352783
244,3,0,154,129,536,0.8247061967849731
244,39,516,136,161,381,0.8107373118400574
244,28,711,149,97,323,0.6883298754692078
244,45,787,113,195,451,0.6744404435157776
244,4,1044,108,423,963,0.9281502366065979
244,52,1367,48,277,911,0.8689846992492676
244,37,203,173,129,314,0.8439121246337891
244,51,978,144,120,262,0.6701304912567139
244,56,1081,130,100,179,0.5588105320930481
245,3,0,143,128,546,0.5287944674491882
245,39,514,135,162,381,0.7980346083641052
245,28,712,154,94,314,0.6480899453163147
245,45,788,113,194,450,0.5877162218093872
245,4,1050,98,428,971,0.9240197539329529
245,52,1372,48,275,909,0.8647446632385254
245,37,204,171,130,315,0.8508400917053223
245,51,980,144,115,259,0.6388418674468994
245,56,1077,130,107,191,0.5153756141662598
246,39,514,132,161,383,0.7945748567581177
246,28,713,159,93,310,0.6482300758361816
246,45,788,112,193,447,0.5573351383209229
246,4,1056,94,433,976,0.9290078282356262
246,52,1380,47,276,911,0.8415188789367676
246,37,206,172,129,313,0.8308360576629639
246,51,981,145,111,255,0.6495653390884399
246,56,1065,129,127,229,0.5775837302207947
246,54,1517,62,403,465,0.4551006853580475
247,39,513,131,162,384,0.7915223836898804
247,28,714,163,92,308,0.6633909344673157
247,45,786,107,195,457,0.7179735898971558
247,4,1063,92,435,979,0.9178832173347473
247,52,1383,43,276,916,0.8308245539665222
247,37,209,173,128,310,0.8423495888710022
247,51,981,145,108,253,0.6672802567481995
247,56,1061,128,133,242,0.6121886372566223
247,54,1522,63,398,457,0.4879438579082489
248,39,513,129,161,386,0.7939984798431396
248,28,714,165,92,306,0.699907124042511
248,45,785,104,197,462,0.7749135494232178
248,4,1068,83,441,987,0.9146242737770081
248,52,1385,38,277,921,0.8048830628395081
248,37,211,172,127,308,0.8160171508789062
248,51,981,144,105,253,0.6856303811073303
248,56,1055,127,139,259,0.6439558267593384
248,54,1526,64,391,445,0.46260297298431396
249,39,513,129,160,386,0.7962331771850586
249,28,714,168,91,304,0.6834293007850647
249,45,785,103,197,466,0.8109198808670044
249,4,1076,76,446,995,0.9184309244155884
249,52,1390,33,277,925,0.7819169163703918
249,37,213,171,128,308,0.8208954334259033
249,51,981,144,103,252,0.6919698715209961
249,56,1052,127,139,262,0.6850433945655823
249,54,1524,65,394,449,0.490013986825943
250,39,513,130,158,384,0.8041771054267883
250,28,714,169,90,303,0.692485511302948
250,45,785,104,196,467,0.7894243597984314
250,4,1082,71,450,1002,0.9218168258666992
250,52,1394,31,277,925,0.7656598091125488
250,37,216,167,130,311,0.8196678757667542
250,51,982,143,101,254,0.6771337389945984
250,56,1051,128,139,265,0.7333992719650269
250,53,639,151,70,316,0.528235912322998
250,25,1529,66,377,886,0.5177150964736938
251,39,513,131,156,383,0.8002687692642212
251,28,715,170,89,301,0.7011763453483582
251,45,785,104,196,468,0.8217249512672424
251,4,1087,69,453,1002,0.9199577569961548
251,52,1397,28,277,931,0.7506968975067139
251,37,219,169,128,308,0.7949909567832947
251,51,983,143,99,252,0.6782101988792419
251,56,1052,128,137,267,0.7597509622573853
251,53,638,150,73,317,0.5146923065185547
251,25,1527,67,386,903,0.5995617508888245
252,39,513,132,155,381,0.8029685616493225
252,28,716,169,89,301,0.704188346862793
252,45,784,104,195,468,0.8230550289154053
252,4,1092,67,456,1004,0.9192483425140381
252,52,1399,27,276,931,0.6569945812225342
252,37,219,168,129,309,0.8035106658935547
252,51,983,142,97,252,0.6810466051101685
252,56,1051,129,136,270,0.6871546506881714
252,53,637,147,74,319,0.5591211915016174
252,25,1521,65,387,903,0.5947080254554749
253,39,513,132,154,381,0.808915376663208
253,28,721,169,89,299,0.7091619968414307
253,45,784,104,195,469,0.770186722278595
253,4,1100,69,457,1002,0.9125910401344299
253,52,1400,29,275,936,0.5357224345207214
253,37,220,168,130,310,0.8361914157867432
253,51,982,141,96,252,0.7104647159576416
253,56,1051,129,135,272,0.6473081111907959
253,53,635,145,76,317,0.5312389135360718
253,25,1516,61,390,904,0.6478115916252136
253,57,1124,129,153,215,0.5995669364929199
254,39,513,131,154,381,0.8088744282722473
254,28,721,164,91,300,0.6960964202880859
254,45,784,105,194,469,0.7878516316413879
254,4,1108,74,456,998,0.9131299257278442
254,37,222,167,130,311,0.8386370539665222
254,51,981,140,96,254,0.7270985245704651
254,56,1051,128,132,271,0.6222929358482361
254,53,634,142,79,318,0.535491406917572
254,25,1507,58,394,902,0.6790310144424438
255,39,512,130,153,382,0.8210886120796204
255,28,721,162,92,300,0.7100570797920227
255,45,785,106,194,469,0.7897770404815674
255,4,1115,82,456,989,0.9083914160728455
255,37,223,166,131,311,0.8274826407432556
255,51,980,139,96,260,0.6832499504089355
255,56,1053,127,126,261,0.5048927664756775
255,53,630,139,81,322,0.5923711657524109
255,25,1515,55,398,911,0.5876550078392029
255,59,1409,31,251,348,0.5181372165679932
255,57,1020,128,276,390,0.6507865190505981
256,39,511,130,153,382,0.8202676177024841
256,28,720,159,94,302,0.7558422684669495
256,45,786,106,192,466,0.7900488972663879
256,4,1122,87,457,984,0.9113787412643433
256,37,225,164,130,311,0.8204291462898254
256,51,980,138,96,262,0.6656306385993958
256,56,1057,124,111,233,0.47908294200897217
256,53,627,133,82,327,0.6501477956771851
256,25,1520,53,400,931,0.6460694074630737
256,59,1408,34,256,355,0.5224348902702332
256,57,1000,127,302,430,0.5979412794113159
257,39,510,129,152,381,0.8152449727058411
257,28,720,157,94,305,0.7585256695747375
257,45,788,105,190,463,0.7751219868659973
257,4,1129,92,458,978,0.9201809763908386
257,37,226,164,131,311,0.8101279139518738
257,51,981,137,95,264,0.6429823637008667
257,56,1058,120,102,215,0.46178045868873596
257,53,625,130,83,329,0.6701487898826599
257,25,1520,47,400,969,0.7073918581008911
257,59,1411,37,264,366,0.5315316915512085
257,57,998,118,315,451,0.6993169188499451
258,39,509,128,151,381,0.8163706660270691
258,28,720,157,95,304,0.7351804971694946
258,45,788,105,191,467,0.7168875932693481
258,4,1135,94,459,976,0.9275294542312622
258,37,227,162,133,316,0.8223720192909241
258,51,982,136,94,263,0.5954251289367676
258,53,625,129,84,328,0.6962502002716064
258,25,1525,43,395,988,0.7162620425224304
258,57,1002,111,317,458,0.7042696475982666
259,39,508,128,149,379,0.8115878105163574
259,28,721,159,96,302,0.7225687503814697
259,45,787,103,192,470,0.7639735341072083
259,4,1139,95,462,975,0.9318522810935974
259,37,229,163,132,315,0.813249945640564
259,51,982,136,93,260,0.6212348341941833
259,53,626,127,85,329,0.7555199861526489
259,25,1529,40,391,1006,0.7866413593292236
259,57,1010,106,310,452,0.6320035457611084
260,39,508,128,149,378,0.8220514059066772
260,28,722,158,95,303,0.7059672474861145
260,45,787,102,191,472,0.7472489476203918
260,4,1143,92,466,977,0.9188401103019714
260,37,231,164,132,313,0.8002495765686035
260,51,982,134,91,260,0.6023062467575073
260,53,627,126,86,330,0.7634556293487549
260,25,1536,39,384,1001,0.7733185291290283
260,57,1020,104,309,455,0.5341808199882507
261,39,508,127,148,379,0.8138343095779419
261,28,722,157,97,304,0.6730912327766418
261,45,785,101,192,473,0.7430448532104492
261,4,1147,89,470,980,0.9043236970901489
261,37,233,164,130,308,0.7949072122573853
261,51,981,134,90,259,0.609029233455658
261,53,628,126,87,330,0.7604629397392273
261,25,1541,34,379,1009,0.7989931106567383
261,57,969,101,431,661,0.5905210375785828
261,52,1421,45,259,897,0.4516933262348175
262,39,508,126,149,380,0.8067401051521301
262,28,723,154,97,307,0.5818066596984863
262,45,784,98,192,475,0.7666842341423035
262,4,1150,85,474,984,0.9069961905479431
262,37,235,167,130,306,0.7954357266426086
262,51,981,135,89,261,0.6242655515670776
262,53,629,127,87,329,0.7452699542045593
262,25,1547,33,373,1016,0.8199084401130676
262,57,959,100,463,741,0.7537720203399658
263,39,508,125,148,381,0.7991412281990051
263,45,778,96,194,479,0.6899251341819763
263,4,1155,77,480,990,0.9087554812431335
263,37,236,169,131,308,0.8082910776138306
263,51,981,136,89,262,0.634002685546875
263,53,630,130,87,325,0.7252787947654724
263,25,1550,29,370,1033,0.8273736238479614
263,57,964,101,465,778,0.7593305110931396
263,59,1435,39,242,337,0.5495497584342957
264,39,508,124,148,380,0.793878972530365
264,45,775,94,195,483,0.6768839955329895
264,4,1158,68,486,999,0.9212683439254761
264,37,236,171,131,307,0.7987141013145447
264,51,980,135,89,265,0.6278834939002991
264,53,632,134,87,320,0.74074786901474
264,25,1564,28,356,993,0.8161947727203369
264,57,971,104,452,789,0.7377461791038513
265,39,508,125,146,378,0.7890260815620422
265,45,776,93,194,479,0.7149718403816223
265,4,1160,61,493,1007,0.9211230874061584
265,37,236,173,131,305,0.7892839908599854
265,51,978,136,88,264,0.6520015001296997
265,53,632,137,88,319,0.7503952980041504
265,25,1566,27,354,1014,0.838697612285614
265,57,975,110,430,787,0.6982390284538269
266,39,508,125,145,376,0.7857104539871216
266,45,773,93,196,482,0.6823588609695435
266,4,1161,52,499,1016,0.9164828658103943
266,37,237,173,132,307,0.7875165343284607
266,51,977,135,87,265,0.6907791495323181
266,53,632,139,89,316,0.7799317240715027
266,25,1569,29,351,1026,0.8398225903511047
266,57,984,115,409,780,0.670048177242279
266,56,1033,107,120,263,0.4572480022907257
267,39,507,126,143,373,0.7805624008178711
267,45,771,93,197,484,0.6806735396385193
267,4,1161,45,504,1023,0.9216693639755249
267,37,237,173,134,308,0.79864901304245
267,51,975,134,87,265,0.6824901700019836
267,53,631,139,90,316,0.7919142842292786
267,25,1574,32,346,1034,0.8800603747367859
267,57,993,118,392,778,0.6471273303031921
267,56,1035,105,118,268,0.47642964124679565
267,59,1454,26,250,356,0.5619496703147888
268,39,506,126,141,370,0.793973445892334
268,45,769,94,199,486,0.719194233417511
268,4,1163,42,507,1026,0.9398881793022156
268,37,238,171,136,312,0.8073046207427979
268,51,974,133,88,267,0.6743053793907166
268,53,630,136,92,319,0.8019391894340515
268,25,1581,33,339,1035,0.8901711702346802
268,57,997,117,381,791,0.7394343614578247
268,56,1037,105,116,271,0.4822446405887604
268,59,1459,22,247,359,0.6091840863227844
269,39,505,126,139,368,0.7950162291526794
269,45,767,94,201,488,0.778590738773346
269,4,1168,40,508,1027,0.9386669993400574
269,37,240,166,138,318,0.821265459060669
269,51,975,132,86,263,0.7145121097564697
269,53,629,135,93,320,0.816327691078186
269,25,1589,32,331,1037,0.894777774810791
269,57,1005,114,371,798,0.8178310394287109
269,56,1041,104,111,265,0.4631357789039612
269,59,1462,19,248,369,0.47602707147598267
269,60,1238,107,111,158,0.5262160897254944
270,39,506,126,138,367,0.7960388660430908
270,45,766,94,204,494,0.8139039874076843
270,4,1174,42,509,1026,0.9310377240180969
270,37,241,164,139,321,0.8101454973220825
270,51,974,130,88,266,0.7062702178955078
270,53,630,133,95,321,0.8227362632751465
270,25,1597,35,323,1033,0.8897991180419922
270,57,1012,110,361,803,0.8307492733001709
270,59,1467,16,245,373,0.4733746647834778
270,60,1239,105,114,161,0.5845487117767334
271,39,508,125,138,367,0.8070633411407471
271,45,765,96,205,492,0.8351450562477112
271,4,1181,49,506,1019,0.9336581230163574
271,37,244,162,138,321,0.804670512676239
271,51,974,129,88,266,0.7020070552825928
271,53,631,131,97,323,0.8470636010169983
271,25,1606,38,314,1030,0.8966536521911621
271,57,1017,105,352,810,0.8390018939971924
271,59,1468,14,245,381,0.5952257513999939
271,60,1240,104,116,164,0.5797359943389893
271,56,1041,105,111,273,0.45551028847694397
272,39,508,124,138,371,0.8139015436172485
272,45,765,97,206,492,0.8552572131156921
272,4,1186,56,505,1014,0.9314839243888855
272,37,247,162,137,320,0.8141440153121948
272,51,973,128,89,268,0.7069287896156311
272,53,632,128,99,325,0.8590368032455444
272,25,1615,38,305,1031,0.8877583742141724
272,57,1023,103,342,810,0.861309826374054
272,59,1469,12,249,395,0.4580557644367218
272,60,1240,104,120,169,0.5911476016044617
273,39,508,125,137,370,0.8109028339385986
273,45,765,97,207,492,0.8459405899047852
273,4,1193,64,501,1005,0.9221124053001404
273,37,248,161,137,321,0.818393349647522
273,51,971,128,91,275,0.6783252358436584
273,53,632,126,101,325,0.8627778887748718
273,25,1622,36,298,1036,0.8927192687988281
273,57,1028,101,333,810,0.8727777004241943
273,59,1473,11,245,396,0.6627959609031677
274,39,509,124,137,370,0.8264139294624329
274,45,764,95,209,496,0.8372762799263
274,4,1202,72,498,997,0.9221116304397583
274,37,249,161,137,322,0.7938798069953918
274,51,969,127,93,277,0.6957499384880066
274,53,633,125,101,324,0.8673570156097412
274,25,1629,31,291,1044,0.9084902405738831
274,57,1030,97,327,812,0.8775948286056519
274,59,1472,11,250,411,0.6009629964828491
275,39,510,124,137,368,0.8340734839439392
275,45,763,93,211,499,0.8358246684074402
275,4,1209,80,496,989,0.9197384715080261
275,37,249,161,138,322,0.8158694505691528
275,51,969,127,92,276,0.6895016431808472
275,53,634,125,101,322,0.8637211322784424
275,25,1639,28,281,1047,0.8807193636894226
275,57,1027,92,323,815,0.8919152021408081
275,59,1478,9,237,394,0.6378553509712219
276,39,512,124,136,364,0.8394551277160645
276,45,764,90,211,500,0.832124650478363
276,4,1219,91,494,978,0.9216448664665222
276,37,251,160,138,323,0.8528473377227783
276,51,968,126,94,282,0.6871165037155151
276,53,635,124,103,323,0.8577074408531189
276,25,1648,25,272,1044,0.8642300963401794
276,57,1024,91,322,815,0.8638801574707031
276,59,1483,9,228,377,0.5363280177116394
277,39,513,123,135,361,0.8403054475784302
277,45,765,88,214,505,0.8487063646316528
277,4,1232,93,496,977,0.9271589517593384
277,37,253,159,138,324,0.8645722270011902
277,51,970,126,92,279,0.7027670741081238
277,53,636,123,104,322,0.8296893835067749
277,25,1657,20,263,1047,0.8953842520713806
277,57,1016,92,322,816,0.8495055437088013
278,39,512,121,135,362,0.8426451086997986
278,45,765,85,215,509,0.8677344918251038
278,4,1244,92,497,978,0.9298765659332275
278,37,254,159,138,324,0.8529749512672424
278,51,971,126,91,276,0.7100275754928589
278,53,637,122,105,323,0.8357261419296265
278,25,1668,29,252,1036,0.8819396495819092
278,57,1003,93,326,823,0.8506516814231873
278,59,1491,14,225,367,0.5055068135261536
279,39,512,120,136,362,0.8600053191184998
279,45,765,82,216,513,0.8654959797859192
279,4,1252,86,502,984,0.9297043681144714
279,37,255,160,137,321,0.839957594871521
279,51,973,126,89,272,0.6706203818321228
279,53,639,124,105,321,0.8600702881813049
279,25,1677,28,243,1040,0.8713815212249756
279,57,995,96,328,823,0.865395188331604
279,61,1318,105,94,205,0.5116280913352966
279,59,1497,16,224,356,0.5476369261741638
279,60,1240,97,153,216,0.46865177154541016
280,39,512,119,137,363,0.8561385273933411
280,45,766,80,215,512,0.860893189907074
280,4,1261,78,509,993,0.9204447865486145
280,37,258,162,135,320,0.8498857617378235
280,51,973,126,90,273,0.6346333026885986
280,53,641,125,105,321,0.8626821041107178
280,25,1685,37,235,1038,0.8529483675956726
280,57,984,100,332,821,0.8803664445877075
280,61,1324,105,87,188,0.45051077008247375
280,59,1506,18,214,328,0.45227184891700745
281,39,511,116,136,362,0.8554293513298035
281,45,768,79,213,507,0.8632163405418396
281,4,1268,66,515,1004,0.9148120880126953
281,37,259,162,135,319,0.8609955906867981
281,51,975,126,89,269,0.6359879374504089
281,53,642,127,104,317,0.8685849905014038
281,25,1695,52,225,1018,0.848828911781311
281,57,973,104,338,823,0.9015201330184937
282,39,510,116,136,360,0.8555947542190552
282,45,771,78,210,499,0.8658267855644226
282,4,1276,47,525,1022,0.9183743000030518
282,37,260,163,135,318,0.8665880560874939
282,51,977,124,87,262,0.6327553987503052
282,53,642,128,105,315,0.870154857635498
282,25,1709,96,211,973,0.8262306451797485
282,57,962,102,348,838,0.9024478197097778
283,39,511,115,136,359,0.8724810481071472
283,45,772,77,210,498,0.8407948613166809
283,4,1286,29,536,1040,0.9335373640060425
283,37,261,164,135,317,0.851849377155304
283,51,978,123,85,255,0.6449554562568665
283,53,643,127,104,315,0.8667623400688171
283,25,1719,119,201,955,0.7848158478736877
283,57,953,99,356,852,0.8846319913864136
283,60,1217,95,199,291,0.4783880412578583
284,39,510,114,136,359,0.8687491416931152
284,45,772,77,211,501,0.8481318950653076
284,4,1295,18,543,1049,0.9226992726325989
284,37,262,165,134,316,0.854035496711731
284,51,977,122,85,255,0.5605065226554871
284,53,642,125,105,316,0.8662344217300415
284,25,1730,151,190,921,0.7040709257125854
284,57,950,101,359,850,0.884158194065094
285,39,509,113,136,359,0.8669599890708923
285,45,773,77,208,495,0.8406493663787842
285,4,1304,12,549,1055,0.9159268140792847
285,37,262,163,136,318,0.8475178480148315
285,51,974,120,85,256,0.46769994497299194
285,53,641,124,106,317,0.859286904335022
285,25,1740,162,180,914,0.7429221868515015
285,57,948,99,363,856,0.8833408355712891
286,39,508,113,135,357,0.86318439245224
286,45,774,79,206,487,0.8205254077911377
286,4,1315,8,555,1059,0.9142841100692749
286,37,263,161,137,319,0.8578688502311707
286,51,973,118,85,257,0.4500328600406647
286,53,640,123,106,318,0.8522600531578064
286,25,1747,169,173,904,0.6745806932449341
286,57,949,99,364,853,0.9061863422393799
286,62,458,143,72,243,0.4928723871707916
287,39,506,112,136,358,0.8492400646209717
287,45,775,81,202,480,0.7638680338859558
287,4,1321,3,561,1065,0.9312313199043274
287,37,265,159,137,319,0.8423194289207458
287,53,638,121,106,316,0.8334874510765076
287,25,1755,174,165,893,0.6915673613548279
287,57,952,94,366,855,0.8967171907424927
287,62,457,142,72,241,0.4698996841907501
288,39,504,111,136,359,0.8335615396499634
288,45,774,82,201,478,0.7718011736869812
288,4,1330,1,567,1067,0.941974937915802
288,37,267,158,136,316,0.839044451713562
288,53,637,119,106,316,0.8283681869506836
288,25,1764,173,156,895,0.6205145120620728
288,57,961,85,367,863,0.8827863335609436
288,62,456,141,72,238,0.49383771419525146
289,39,501,112,136,359,0.8245426416397095
289,45,771,81,204,485,0.7634050846099854
289,4,1337,2,568,1066,0.9502362608909607
289,37,267,159,135,313,0.8298751711845398
289,53,635,116,108,320,0.8243653774261475
289,25,1771,169,149,903,0.6283358335494995
289,57,969,79,368,869,0.8642256259918213
289,60,1216,95,234,356,0.5344048142433167
290,39,498,110,136,362,0.828955352306366
290,45,768,80,206,491,0.6619607210159302
290,4,1340,8,569,1060,0.9448684453964233
290,37,267,159,136,315,0.8515973687171936
290,53,634,113,108,321,0.8118253946304321
290,25,1773,169,147,903,0.6410481929779053
290,57,980,76,366,871,0.8772358298301697
290,60,1223,93,227,359,0.5480529069900513
291,39,495,109,137,361,0.8423827886581421
291,45,771,81,203,488,0.6653740406036377
291,4,1344,20,565,1048,0.9478117823600769
291,37,267,158,136,315,0.8522663712501526
291,53,633,110,109,323,0.8085561990737915
291,25,1778,168,142,903,0.47948044538497925
291,57,986,74,365,876,0.8866636753082275
291,60,1223,91,227,367,0.5296854972839355
292,39,493,108,136,361,0.855083703994751
292,45,765,79,204,488,0.6576030850410461
292,4,1346,31,563,1036,0.9423336386680603
292,37,268,157,136,314,0.868102490901947
292,53,633,108,109,324,0.8144112229347229
292,25,1783,171,137,900,0.49752795696258545
292,57,988,73,365,884,0.9070507884025574
292,60,1213,88,239,399,0.5537451505661011
292,59,1486,1,188,288,0.5277423858642578
293,39,488,107,136,359,0.8496164083480835
293,45,764,76,202,485,0.6557352542877197
293,4,1351,34,563,1034,0.9371572732925415
293,37,269,156,135,311,0.8736438155174255
293,53,633,108,109,320,0.8167802095413208
293,25,1784,170,136,899,0.5029418468475342
293,57,990,75,364,888,0.9099469184875488
293,60,1204,86,259,445,0.6182643175125122
293,59,1485,2,194,295,0.5525791645050049
294,39,484,106,136,357,0.8504862785339355
294,45,762,72,204,489,0.7249699234962463
294,4,1356,37,562,1031,0.9354691505432129
294,37,271,156,132,303,0.8639897704124451
294,53,634,109,108,318,0.8140828013420105
294,25,1789,170,131,897,0.504891574382782
294,57,992,78,362,890,0.8967239856719971
294,60,1202,84,265,467,0.6804385185241699
294,59,1486,1,201,303,0.4860442280769348
295,39,482,107,135,352,0.8412949442863464
295,45,763,70,203,490,0.6963563561439514
295,4,1363,44,557,1022,0.9357975125312805
295,37,271,156,133,305,0.853226900100708
295,53,635,111,108,314,0.8192981481552124
295,25,1795,169,125,894,0.520302951335907
295,57,992,84,359,892,0.8951780796051025
295,60,1204,84,263,476,0.7389765977859497
295,59,1485,0,209,313,0.5674360394477844
296,39,477,106,136,352,0.8366668224334717
296,45,760,66,208,502,0.6772406101226807
296,4,1367,45,553,1020,0.9409226775169373
296,37,270,156,133,303,0.8373177647590637
296,53,636,111,107,311,0.82271808385849
296,57,993,88,358,895,0.8960633277893066
296,60,1204,83,261,481,0.7735622525215149
296,59,1485,0,215,318,0.6382667422294617
297,39,474,103,138,355,0.8269751071929932
297,45,758,63,209,508,0.7070456743240356
297,4,1369,41,551,1028,0.9491882920265198
297,37,268,156,135,307,0.835834264755249
297,53,637,112,107,309,0.820204496383667
297,57,992,91,358,903,0.8818443417549133
297,60,1204,82,258,486,0.7898450493812561
297,59,1486,0,216,320,0.6264171600341797
298,39,472,103,138,354,0.8261538743972778
298,45,758,62,209,512,0.7092500329017639
298,4,1371,33,549,1037,0.9529719352722168
298,37,268,158,135,307,0.8579210638999939
298,53,639,112,108,309,0.8231101036071777
298,57,990,88,358,913,0.8886271119117737
298,60,1208,81,254,487,0.7947068810462952
298,59,1487,0,217,320,0.5781105160713196
299,39,467,102,140,357,0.8370253443717957
299,45,757,61,210,518,0.7359647750854492
299,4,1372,25,548,1044,0.9497538805007935
299,37,268,159,136,308,0.8727065324783325
299,53,642,113,107,308,0.8341734409332275
299,57,988,85,359,920,0.8926373720169067
299,60,1212,81,249,484,0.7863742709159851
299,59,1486,1,215,318,0.45923537015914917
300,39,466,102,141,357,0.8384193778038025
300,45,761,61,209,520,0.6933254599571228
300,4,1374,17,546,1051,0.949367880821228
300,37,268,160,136,309,0.8739078044891357
300,53,644,113,109,307,0.8311060667037964
300,57,987,81,358,926,0.901759684085846
300,60,1216,83,244,483,0.7709411978721619
300,59,1485,0,214,317,0.4675683379173279
301,39,466,103,139,349,0.8540670275688171
301,45,762,62,209,527,0.7104081511497498
301,4,1375,9,545,1059,0.95061856508255
301,37,268,160,135,309,0.8593378067016602
301,53,647,113,110,306,0.8227931261062622
301,57,986,76,358,930,0.9027886390686035
301,60,1212,86,238,481,0.7227962017059326
302,39,465,104,140,350,0.8408556580543518
302,45,765,63,207,527,0.6946361660957336
302,4,1379,5,541,1063,0.9494302868843079
302,37,269,159,134,308,0.8593920469284058
302,53,649,114,111,303,0.8126181364059448
302,57,984,71,358,934,0.9145684838294983
302,60,1222,85,235,481,0.7350860834121704
303,39,465,107,139,347,0.8477945923805237
303,45,760,66,206,531,0.7926763892173767
303,4,1383,4,537,1066,0.9579324722290039
303,37,270,158,134,309,0.850872814655304
303,53,651,114,111,303,0.8260279893875122
303,57,983,66,357,937,0.9130851030349731
303,60,1227,84,233,480,0.7636088132858276
304,39,463,109,138,343,0.8636515736579895
304,45,759,68,206,530,0.7690241932868958
304,4,1388,3,532,1067,0.9623960852622986
304,37,267,157,136,312,0.8572710156440735
304,53,651,113,114,305,0.8237499594688416
304,57,981,62,358,941,0.9086472988128662
304,60,1232,87,228,473,0.7060522437095642
304,67,952,111,62,202,0.48833516240119934
304,59,1486,2,214,317,0.5127655267715454
305,39,462,111,138,341,0.8716198205947876
305,45,759,69,207,533,0.7421375513076782
305,4,1393,3,527,1066,0.9635168313980103
305,37,264,155,137,316,0.8614160418510437
305,53,652,114,115,307,0.810097873210907
305,57,980,61,358,944,0.9062147736549377
305,60,1227,88,225,474,0.6406534910202026
305,59,1486,2,220,326,0.6491294503211975
306,39,461,113,138,339,0.8754804134368896
306,45,760,69,206,532,0.7485368847846985
306,4,1398,3,522,1066,0.9552673697471619
306,37,261,152,138,318,0.8663398623466492
306,53,654,115,115,304,0.8108083009719849
306,57,977,61,360,951,0.8980710506439209
306,60,1222,89,222,474,0.5828856229782104
306,59,1478,1,244,366,0.7540518641471863
306,67,950,110,62,200,0.4978114068508148
307,39,460,113,138,340,0.8831891417503357
307,45,762,69,204,529,0.7559926509857178
307,4,1406,4,514,1065,0.9493752717971802
307,37,262,151,136,319,0.8779606223106384
307,53,656,116,115,302,0.8048982620239258
307,57,966,62,367,964,0.8952544927597046
307,60,1221,87,219,477,0.523550271987915
307,59,1478,1,251,379,0.7609789371490479
307,68,1368,91,95,341,0.5805911421775818
307,67,951,107,62,200,0.5183340907096863
308,39,458,113,138,339,0.8685271739959717
308,45,763,68,204,526,0.7631158232688904
308,4,1416,5,504,1064,0.942283034324646
308,37,261,150,136,318,0.879249095916748
308,53,656,116,117,302,0.7874531149864197
308,57,948,65,374,969,0.8932546377182007
308,60,1221,86,217,478,0.5356877446174622
308,59,1473,1,260,397,0.7816050052642822
308,68,1371,92,93,338,0.637387752532959
308,67,951,105,62,200,0.4959886372089386
309,39,457,113,137,339,0.8720322251319885
309,45,765,64,203,524,0.7321569919586182
309,4,1427,8,493,1061,0.9378463625907898
309,37,261,150,135,318,0.888748288154602
309,53,657,117,118,301,0.8017520308494568
309,57,934,72,380,963,0.8865253925323486
309,60,1219,85,212,476,0.6306167840957642
309,59,1464,2,278,432,0.8871569037437439
309,68,1373,92,92,334,0.6007015705108643
309,67,952,105,62,199,0.4686817228794098
310,39,456,113,137,338,0.8694057464599609
310,45,766,62,202,521,0.7255529165267944
310,4,1439,14,481,1056,0.9355143904685974
310,37,261,150,135,318,0.8814083933830261
310,53,658,117,118,300,0.7991202473640442
310,57,919,75,389,967,0.8932002186775208
310,60,1218,85,208,476,0.6798082590103149
310,59,1458,2,294,464,0.8864549994468689
310,68,1375,92,93,341,0.6002408266067505
311,39,456,113,135,333,0.8526234030723572
311,45,766,63,202,518,0.6387752294540405
311,4,1452,20,468,1049,0.9366727471351624
311,37,259,150,136,319,0.877496063709259
311,53,658,117,119,299,0.7719188928604126
311,57,906,79,399,973,0.8825598955154419
311,60,1219,84,207,482,0.7136151790618896
311,59,1455,1,323,516,0.8648996353149414
311,68,1377,93,93,339,0.5721849799156189
312,39,453,110,137,337,0.8578736186027527
312,45,764,62,203,519,0.5465322136878967
312,4,1464,24,456,1043,0.9310750365257263
312,37,258,150,136,319,0.873881995677948
312,53,658,118,118,298,0.7509958148002625
312,57,892,82,409,982,0.8980071544647217
312,60,1219,83,206,488,0.7481136918067932
312,59,1453,1,348,566,0.8528019785881042
312,68,1380,94,90,337,0.5684109926223755
313,39,449,111,137,335,0.8205385208129883
313,45,763,61,204,521,0.567141592502594
313,4,1476,26,444,1042,0.9282588362693787
313,37,256,152,136,317,0.8513212203979492
313,53,657,119,118,296,0.769086480140686
313,57,885,81,413,977,0.8765208721160889
313,60,1219,82,206,494,0.7474063634872437
313,59,1454,2,365,603,0.8725194334983826
314,39,447,108,137,338,0.8190751671791077
314,45,765,59,203,519,0.7305222153663635
314,4,1491,27,429,1039,0.9041246771812439
314,37,254,152,137,322,0.8520320057868958
314,53,658,119,118,295,0.7868889570236206
314,57,878,78,420,986,0.8989055156707764
314,60,1219,81,206,500,0.7654000520706177
314,59,1458,1,375,623,0.7471492886543274
315,39,445,109,137,336,0.8329727649688721
315,45,765,58,204,524,0.6112483143806458
315,4,1505,24,415,1044,0.8902303576469421
315,37,254,153,137,321,0.8627398610115051
315,53,659,120,118,295,0.7756567001342773
315,57,877,75,425,992,0.8906285166740417
315,60,1220,80,204,504,0.7947960495948792
315,59,1464,2,375,628,0.5980681777000427
316,39,442,109,137,336,0.8641510605812073
316,45,766,58,204,523,0.6979016661643982
316,4,1518,23,402,1046,0.8662348389625549
316,37,259,153,135,316,0.8639678955078125
316,53,659,122,119,294,0.767494261264801
316,57,885,72,428,998,0.8735742568969727
316,60,1221,81,203,504,0.7682669758796692
317,39,440,109,138,337,0.8682615160942078
317,45,766,59,205,524,0.6926389932632446
317,4,1467,9,449,1059,0.8496459722518921
317,37,259,154,137,322,0.8507288098335266
317,53,658,122,119,294,0.7762477993965149
317,57,893,67,429,1002,0.8854447603225708
317,60,1223,81,202,505,0.7904014587402344
318,39,439,108,138,339,0.8777199387550354
318,45,767,60,204,520,0.7602699398994446
318,4,1450,3,443,1063,0.8819002509117126
318,37,260,157,137,321,0.8396866321563721
318,53,658,123,118,294,0.7997658252716064
318,57,910,64,428,1005,0.8842301368713379
318,60,1227,83,198,503,0.7419030070304871
319,39,439,109,138,339,0.877490222454071
319,45,765,62,208,529,0.7893009781837463
319,4,1452,3,431,1046,0.8846362829208374
319,37,260,159,134,311,0.8351089954376221
319,53,658,123,117,294,0.7996300458908081
319,57,927,59,424,1011,0.8859928846359253
319,60,1230,84,196,500,0.6867190003395081
319,59,1512,164,408,850,0.8167639970779419
320,39,439,111,137,337,0.8748019337654114
320,45,765,65,208,526,0.7500624060630798
320,4,1457,3,429,1054,0.8904451131820679
320,37,263,160,133,310,0.8401797413825989
320,53,658,124,117,291,0.800704300403595
320,57,936,58,421,1016,0.885574221611023
320,60,1233,87,194,498,0.6256622672080994
320,59,1535,192,385,868,0.8043296337127686
321,39,437,112,137,337,0.8804831504821777
321,45,762,70,214,540,0.819866955280304
321,4,1464,3,427,1058,0.8882272243499756
321,37,263,159,134,313,0.8374737501144409
321,53,658,123,115,289,0.7760323882102966
321,57,943,57,416,1016,0.8886685371398926
321,60,1236,89,194,499,0.6896700263023376
321,59,1558,211,362,867,0.8324111700057983
322,39,435,114,136,336,0.8785191774368286
322,45,759,72,217,549,0.8143306374549866
322,4,1474,1,427,1065,0.8918208479881287
322,37,261,158,136,316,0.8342573046684265
322,53,658,121,115,288,0.7747848629951477
322,57,949,60,410,1010,0.894764244556427
322,60,1237,92,195,503,0.7303285598754883
322,59,1579,223,341,857,0.8273684978485107
322,70,1151,79,111,145,0.5830763578414917
323,39,433,116,135,335,0.8664825558662415
323,45,755,72,219,552,0.7637602686882019
323,4,1480,1,427,1068,0.8865017294883728
323,37,259,157,138,320,0.8394870758056641
323,53,658,119,114,290,0.7622597813606262
323,57,952,64,405,1009,0.8885945677757263
323,60,1238,95,195,503,0.7421801090240479
323,59,1595,218,325,862,0.821662425994873
323,70,1155,81,107,140,0.576358437538147
324,39,431,116,133,333,0.8252630829811096
324,45,752,71,221,557,0.7950847148895264
324,4,1487,1,425,1070,0.8817130923271179
324,37,256,156,141,326,0.8504654765129089
324,53,658,117,114,290,0.7253400087356567
324,57,956,71,399,1004,0.8745593428611755
324,60,1241,95,193,504,0.7263810634613037
324,59,1601,180,319,900,0.8045765161514282
324,70,1158,83,108,142,0.6354851126670837
325,39,429,118,132,330,0.8249722123146057
325,45,749,69,222,562,0.8343451023101807
325,4,1495,1,424,1070,0.9164085984230042
325,37,255,155,141,325,0.8466632962226868
325,53,658,116,113,291,0.7487486004829407
325,57,962,77,394,998,0.8708773255348206
325,60,1243,93,192,504,0.7469164729118347
325,59,1627,227,293,853,0.8106640577316284
325,70,1159,84,110,144,0.6035218238830566
326,39,425,119,131,329,0.8317028880119324
326,45,747,68,223,566,0.854672908782959
326,4,1501,1,419,1069,0.9219632744789124
326,37,254,154,141,325,0.8492465615272522
326,53,658,116,113,290,0.7348212599754333
326,57,972,78,391,997,0.8835856914520264
326,60,1245,91,191,501,0.7323866486549377
326,59,1645,244,275,836,0.7936290502548218
326,70,1160,85,113,149,0.6907482147216797
327,39,421,120,132,329,0.8559557795524597
327,45,745,66,224,569,0.8373292684555054
327,4,1505,1,415,1068,0.9251406192779541
327,37,253,155,143,329,0.8400843143463135
327,53,657,116,112,291,0.7298449277877808
327,57,981,79,388,994,0.8999834656715393
327,60,1252,90,183,483,0.7355685234069824
327,59,1666,281,254,799,0.7931051254272461
327,70,1163,85,112,150,0.634145200252533
328,39,417,120,132,327,0.8661727905273438
328,45,742,65,224,573,0.8603444695472717
328,4,1509,1,411,1069,0.9214313626289368
328,37,254,155,144,330,0.8486309051513672
328,53,654,116,114,300,0.7080415487289429
328,57,987,81,387,993,0.9028444886207581
328,60,1257,89,178,467,0.7020601630210876
328,59,1688,321,232,759,0.8149014115333557
328,70,1168,86,109,149,0.5483720302581787
328,71,132,115,121,301,0.5705966949462891
329,39,413,119,132,328,0.8579391241073608
329,45,740,65,225,578,0.8699398636817932
329,4,1514,0,406,1069,0.9129328727722168
329,37,256,155,141,323,0.8681198358535767
329,53,654,116,114,303,0.7051578164100647
329,57,990,77,388,998,0.9016351699829102
329,60,1263,88,173,454,0.7049185037612915
329,59,1709,340,211,740,0.8246692419052124
329,70,1174,84,107,150,0.5220893025398254
329,71,133,104,124,312,0.5217484831809998
329,67,949,109,84,273,0.49342605471611023
330,39,409,119,132,328,0.8817407488822937
330,45,738,64,226,581,0.8700173497200012
330,4,1519,0,401,1070,0.9171680808067322
330,37,255,156,141,324,0.8746432662010193
330,53,654,116,116,315,0.695629894733429
330,57,993,73,387,1002,0.8988828063011169
330,60,1265,86,174,458,0.6576570272445679
330,59,1721,344,199,734,0.7282158732414246
330,70,1181,84,101,145,0.4990830719470978
330,67,949,110,85,274,0.5187991261482239
331,39,406,118,132,330,0.8854312896728516
331,45,736,64,225,580,0.8486472368240356
331,4,1524,2,396,1070,0.9133837819099426
331,37,253,157,144,329,0.8530082106590271
331,53,657,116,113,310,0.7120895981788635
331,57,994,62,389,1013,0.9076350331306458
331,60,1261,86,186,492,0.7765405774116516
331,59,1730,321,190,757,0.6766778826713562
331,67,948,113,84,274,0.5527505278587341
332,39,405,117,131,330,0.8755840063095093
332,45,736,64,223,576,0.8613230586051941
332,4,1531,2,389,1072,0.9151303172111511
332,37,252,159,145,332,0.8567167520523071
332,53,659,115,112,309,0.7062161564826965
332,57,994,54,389,1019,0.9203414916992188
332,60,1260,86,191,507,0.7646085023880005
332,67,948,116,85,272,0.6176040172576904
333,39,401,116,130,330,0.8490705490112305
333,45,736,65,223,575,0.8522962331771851
333,4,1537,2,383,1075,0.9282206892967224
333,37,252,162,145,332,0.848999559879303
333,53,661,113,109,304,0.7149067521095276
333,57,994,49,389,1023,0.9162912368774414
333,60,1262,87,192,512,0.7967347502708435
333,67,949,119,85,270,0.6609160900115967
334,39,398,118,129,329,0.8416061997413635
334,45,735,66,223,575,0.840668261051178
334,4,1544,2,376,1076,0.925777018070221
334,37,251,164,144,330,0.8393282890319824
334,53,661,114,113,318,0.665567934513092
334,57,996,44,388,1026,0.9141300916671753
334,60,1266,88,189,511,0.7636743783950806
334,67,950,119,84,270,0.6109103560447693
335,39,395,120,129,328,0.8571410179138184
335,45,735,67,223,575,0.8489542007446289
335,4,1551,1,369,1077,0.9358410835266113
335,37,251,165,145,333,0.8329829573631287
335,53,663,116,111,319,0.6877670884132385
335,57,1000,44,386,1026,0.9137809872627258
335,60,1268,88,188,510,0.6242185831069946
335,67,951,117,86,272,0.6254701614379883
336,39,392,121,128,327,0.8792632818222046
336,45,735,70,223,575,0.8626528382301331
336,4,1558,2,362,1077,0.9346052408218384
336,37,250,163,145,337,0.850712239742279
336,53,663,116,115,336,0.647671103477478
336,57,1008,49,382,1018,0.9101532697677612
336,67,953,117,86,272,0.6080648303031921
337,39,388,122,128,327,0.8647083044052124
337,45,735,73,224,577,0.8341097235679626
337,4,1565,2,355,1074,0.928447961807251
337,37,252,164,142,330,0.83802330493927
337,53,667,117,114,333,0.6625717878341675
337,57,1013,52,382,1016,0.9070676565170288
337,67,953,119,86,270,0.5471861958503723
337,73,1283,95,154,209,0.547095000743866
337,74,540,152,98,188,0.4766661822795868
338,39,386,126,128,323,0.8636582493782043
338,45,734,75,225,581,0.8335258960723877
338,4,1573,2,347,1074,0.935619592666626
338,37,253,165,139,327,0.8049235343933105
338,53,671,113,108,320,0.618789553642273
338,57,1019,58,381,1013,0.8994147181510925
338,67,949,119,86,269,0.5311315655708313
338,73,1284,95,154,210,0.5479009747505188
339,39,385,128,128,321,0.8592987060546875
339,45,732,75,227,586,0.8389309048652649
339,4,1580,2,340,1074,0.9269847869873047
339,37,250,166,140,329,0.7618140578269958
339,53,674,114,105,309,0.5643869638442993
339,57,1027,68,378,1002,0.8999937772750854
339,67,946,121,87,267,0.5358646512031555
339,73,1283,97,159,215,0.4649745523929596
339,74,538,161,93,180,0.46063074469566345
340,39,382,129,129,321,0.8221947550773621
340,45,730,76,228,588,0.8375484347343445
340,4,1587,2,333,1077,0.9290278553962708
340,37,244,166,142,332,0.7962992191314697
340,53,678,113,103,304,0.4602265954017639
340,57,1033,75,376,993,0.9021431803703308
340,67,946,124,87,264,0.5140591263771057
340,73,1287,98,157,214,0.5302309393882751
340,74,535,155,97,189,0.5408712029457092
341,39,379,130,130,323,0.800531268119812
341,45,729,76,227,585,0.810793399810791
341,4,1595,3,325,1075,0.9269502758979797
341,37,244,165,141,332,0.8161870241165161
341,57,1036,79,377,991,0.8921381235122681
341,67,948,125,86,264,0.5437289476394653
341,73,1289,99,156,212,0.5333276987075806
341,74,533,157,99,195,0.47808656096458435
342,39,376,130,131,324,0.8159569501876831
342,45,728,75,228,586,0.8383400440216064
342,4,1604,3,316,1073,0.9149234890937805
342,37,244,164,142,333,0.8154714703559875
342,57,1039,82,377,989,0.893696665763855
342,67,946,126,86,264,0.49049246311187744
342,73,1288,100,154,209,0.5257058143615723
343,39,373,130,132,323,0.8100343346595764
343,45,725,75,230,590,0.8280580639839172
343,4,1613,3,307,1073,0.9161365628242493
343,37,240,160,144,339,0.8260624408721924
343,57,1041,82,377,989,0.9134168028831482
343,67,943,125,87,265,0.5657346844673157
343,73,1291,100,152,205,0.48103469610214233
343,70,1233,89,89,134,0.4923545718193054
344,39,368,128,133,325,0.7842217683792114
344,45,726,73,228,585,0.8430250883102417
344,4,1621,3,299,1073,0.9244153499603271
344,37,236,159,147,344,0.8158950805664062
344,57,1046,82,378,987,0.8986696004867554
344,67,941,125,88,267,0.5751404166221619
344,70,1241,90,80,128,0.5009555816650391
345,39,366,127,131,325,0.8013871312141418
345,45,724,72,229,584,0.8413697481155396
345,4,1629,2,291,1070,0.9361295104026794
345,37,238,158,148,345,0.8390264511108398
345,57,1054,80,378,985,0.8904606103897095
345,67,944,125,88,267,0.59257972240448
345,70,1247,92,75,122,0.5125337839126587
345,73,1297,100,152,205,0.4752516448497772
346,39,363,126,131,326,0.7905972003936768
346,45,721,72,230,584,0.8444452881813049
346,4,1636,2,284,1073,0.9313483238220215
346,37,239,159,146,343,0.8278958797454834
346,57,1059,77,381,986,0.8822964429855347
346,67,946,127,87,266,0.6021677255630493
346,70,1255,94,68,113,0.4931708872318268
346,73,1298,100,155,208,0.5811160802841187
346,74,539,163,102,203,0.4530670940876007
347,39,361,124,132,332,0.7899466753005981
347,45,719,71,232,587,0.8433255553245544
347,4,1644,2,276,1071,0.9287503957748413
347,37,239,159,146,345,0.8411538004875183
347,57,1064,69,385,994,0.8774443864822388
347,67,949,129,87,264,0.5685411691665649
347,73,1300,100,155,209,0.5650915503501892
348,39,357,121,132,336,0.8158378005027771
348,45,716,71,235,589,0.8565143942832947
348,4,1650,3,270,1073,0.9183381795883179
348,37,240,160,147,350,0.8587586879730225
348,57,1071,59,391,1005,0.8863890767097473
348,67,949,130,87,263,0.46451038122177124
348,73,1301,99,155,211,0.5879125595092773
349,39,356,121,129,330,0.7988646626472473
349,45,714,71,235,587,0.8606626987457275
349,4,1658,3,262,1071,0.9049778580665588
349,37,240,163,148,354,0.8626533150672913
349,57,1076,53,394,1011,0.8961042165756226
349,73,1306,98,156,214,0.5893190503120422
349,76,451,160,75,227,0.5967674255371094
350,39,353,118,130,336,0.7835925817489624
350,45,711,71,238,592,0.8618850111961365
350,4,1666,2,254,1069,0.9100983738899231
350,37,239,163,149,358,0.8222140669822693
350,57,1080,49,397,1016,0.8989464640617371
350,73,1308,98,156,215,0.6497363448143005
350,76,450,158,76,229,0.6387370824813843
350,74,539,161,103,210,0.5342575311660767
350,67,943,130,89,267,0.4533400535583496
351,39,351,120,127,333,0.7564502954483032
351,45,709,72,239,595,0.8018595576286316
351,4,1673,1,247,1069,0.9096428155899048
351,37,238,165,149,359,0.8095784783363342
351,57,1086,50,397,1017,0.8730419874191284
351,73,1311,99,156,218,0.6598023176193237
351,76,451,155,78,236,0.6486713886260986
351,74,538,161,104,212,0.6527159810066223
351,67,939,130,90,269,0.46022066473960876
352,39,350,122,125,331,0.7411906719207764
352,45,704,75,242,604,0.7738826274871826
352,4,1680,1,240,1069,0.9051547646522522
352,37,239,166,148,361,0.8322993516921997
352,57,1096,49,399,1016,0.8753998279571533
352,73,1313,100,157,223,0.5702832937240601
352,76,450,153,79,241,0.6923899054527283
352,74,538,162,102,213,0.6326007843017578
353,39,351,132,121,322,0.5787683129310608
353,45,702,77,244,607,0.8203005790710449
353,4,1686,1,234,1070,0.9044954180717468
353,37,243,170,144,357,0.8421657681465149
353,57,1106,55,400,1017,0.8916555643081665
353,73,1317,103,154,219,0.5982510447502136
353,76,449,152,80,243,0.6717032790184021
353,74,538,166,99,210,0.5997201800346375
353,77,1042,128,68,269,0.6067891716957092
353,67,940,129,92,272,0.4775957763195038
354,39,346,126,122,329,0.7083503007888794
354,45,699,79,244,607,0.7685436010360718
354,4,1692,2,228,1072,0.8983532786369324
354,37,246,172,142,353,0.7947410941123962
354,57,1119,62,399,1009,0.8787508010864258
354,73,1326,105,146,212,0.6858561038970947
354,76,448,153,79,240,0.6604337692260742
354,74,538,164,100,216,0.630643904209137
354,77,1041,128,68,270,0.6242980360984802
354,67,942,134,91,267,0.4890385866165161
355,39,343,122,123,333,0.717496931552887
355,45,698,81,245,607,0.8075379133224487
355,4,1699,2,221,1073,0.9010315537452698
355,37,249,174,140,350,0.7715225219726562
355,57,1133,69,397,1001,0.8879659175872803
355,76,448,153,79,240,0.6508238911628723
355,74,538,161,100,219,0.5927850604057312
355,77,1042,127,69,273,0.645106852054596
355,67,944,135,90,266,0.4941222071647644
356,39,342,121,121,335,0.7112832069396973
356,45,697,82,246,610,0.8084134459495544
356,4,1705,3,215,1072,0.8900541067123413
356,37,249,172,140,352,0.7179144620895386
356,57,1147,75,397,994,0.9017712473869324
356,76,447,152,81,247,0.6477614641189575
356,74,539,161,98,216,0.5330840349197388
356,77,1044,127,70,274,0.6766646504402161
356,67,945,137,90,265,0.49480631947517395
357,39,340,123,120,334,0.6756080985069275
357,45,693,83,247,612,0.8002554178237915
357,4,1711,6,209,1067,0.8753912448883057
357,37,249,170,141,354,0.7318481802940369
357,57,1162,79,397,990,0.9100345373153687
357,76,444,154,84,252,0.6758813261985779
357,74,538,161,98,219,0.5926589965820312
357,77,1047,128,71,272,0.7160258293151855
357,67,944,136,91,267,0.5359983444213867
358,39,337,126,119,334,0.67364102602005
358,45,685,83,246,613,0.7241421937942505
358,4,1720,33,200,1037,0.8535638451576233
358,37,245,169,144,362,0.7022928595542908
358,57,1173,76,400,995,0.9196721911430359
358,76,443,155,85,255,0.7013568878173828
358,74,538,162,98,224,0.6360012888908386
358,77,1049,127,71,274,0.7319144606590271
358,67,941,133,94,272,0.6248392462730408
359,39,336,129,118,335,0.6549186706542969
359,45,679,84,246,614,0.5978758335113525
359,4,1728,70,192,1000,0.8460182547569275
359,37,244,167,144,360,0.7435038685798645
359,57,1187,71,404,1002,0.9384552240371704
359,76,446,153,88,264,0.6397230625152588
359,74,537,164,98,226,0.5645836591720581
359,77,1049,127,73,275,0.730287492275238
359,67,939,131,96,277,0.6023839116096497
359,79,98,145,104,273,0.5038759708404541
360,39,335,132,112,323,0.4989558160305023
360,45,673,84,246,615,0.6019287109375
360,4,1733,75,187,995,0.8424713015556335
360,37,244,166,145,361,0.7511134147644043
360,57,1199,66,407,1006,0.9167865514755249
360,76,444,144,94,276,0.5846757888793945
360,74,537,163,99,230,0.5146968364715576
360,77,1049,127,74,277,0.746465265750885
360,67,934,130,100,279,0.5396828651428223
360,79,93,147,122,320,0.600730299949646
361,45,669,82,248,621,0.7812773585319519
361,4,1739,80,181,990,0.8338586688041687
361,37,247,165,144,356,0.7221131324768066
361,57,1211,60,409,1012,0.9206004738807678
361,76,433,135,100,288,0.7041549682617188
361,74,536,163,98,233,0.6176010966300964
361,77,1047,127,76,278,0.7899537086486816
361,67,936,132,100,277,0.5959417819976807
361,79,95,149,127,331,0.6164591312408447
361,82,1126,153,53,141,0.47263580560684204
362,45,668,80,245,616,0.8304087519645691
362,4,1744,88,176,980,0.8189643621444702
362,37,250,166,146,355,0.772295355796814
362,57,1223,52,414,1019,0.9149850010871887
362,76,428,130,105,293,0.7160156965255737
362,74,536,162,98,236,0.6334601044654846
362,77,1046,127,78,279,0.7645931839942932
362,67,934,132,102,277,0.6205965876579285
362,79,100,151,126,327,0.5314258337020874
362,82,1126,153,53,141,0.49229156970977783
363,45,665,80,245,616,0.9048953652381897
363,4,1750,112,170,956,0.8050190210342407
363,37,250,165,152,362,0.7976749539375305
363,57,1235,43,419,1029,0.9112949967384338
363,76,430,130,106,294,0.6629368662834167
363,77,1045,127,79,281,0.7553998231887817
363,67,936,136,101,273,0.625128984451294
363,79,104,154,125,322,0.6683861613273621
363,82,1127,154,52,139,0.4988909661769867
364,45,663,79,245,617,0.9070053696632385
364,4,1757,131,163,937,0.7701714634895325
364,37,248,163,152,364,0.8096246719360352
364,57,1244,34,424,1040,0.9227825403213501
364,76,434,129,107,294,0.6754973530769348
364,77,1043,129,80,281,0.7429297566413879
364,67,938,136,101,275,0.6340041756629944
364,79,108,157,124,319,0.7233726382255554
364,82,1127,155,51,138,0.493589848279953
365,45,658,78,249,627,0.8494130373001099
365,4,1763,145,157,921,0.7263233661651611
365,37,247,164,153,364,0.8172274827957153
365,57,1255,30,428,1041,0.9192045331001282
365,76,437,128,108,296,0.5884326696395874
365,77,1041,130,81,281,0.7126047611236572
365,67,939,136,101,277,0.6698246598243713
365,79,110,157,126,322,0.7706573009490967
365,82,1125,152,54,143,0.512090802192688
366,45,655,77,248,629,0.5872185826301575
366,4,1770,156,150,907,0.6820927262306213
366,37,245,168,151,357,0.8392243385314941
366,57,1270,29,429,1041,0.9193968176841736
366,76,441,125,108,298,0.5197573900222778
366,77,1041,131,81,280,0.6833359599113464
366,67,940,139,101,274,0.6093459129333496
366,79,113,156,125,324,0.7812749743461609
366,82,1125,153,54,143,0.4884457290172577
366,83,1220,136,48,134,0.47564271092414856
367,45,653,78,245,622,0.7667669057846069
367,4,1792,164,128,699,0.7022565603256226
367,37,242,170,151,356,0.8309794664382935
367,57,1284,30,432,1040,0.908606231212616
367,76,456,121,108,304,0.6318722367286682
367,77,1039,133,80,278,0.6904628276824951
367,67,936,138,102,275,0.620460033416748
367,79,113,155,127,325,0.7842707633972168
367,82,1125,152,54,144,0.47908031940460205
368,45,651,78,242,612,0.6921404004096985
368,4,1804,164,115,615,0.7785571813583374
368,37,241,171,150,352,0.8203766345977783
368,57,1298,33,435,1036,0.8970393538475037
368,76,466,120,106,302,0.5962697863578796
368,77,1038,134,80,277,0.7453370690345764
368,67,932,138,104,275,0.6424689888954163
368,79,114,153,128,328,0.7528088688850403
368,82,1125,153,54,143,0.47573840618133545
369,45,648,78,241,611,0.6699868440628052
369,4,1812,170,108,580,0.762730598449707
369,37,240,173,150,348,0.8290911316871643
369,57,1316,42,435,1024,0.8752365708351135
369,76,475,120,105,304,0.5888576507568359
369,77,1036,133,80,277,0.7850717902183533
369,67,935,140,104,274,0.6202515363693237
369,79,115,152,127,329,0.767626941204071
369,82,1126,152,53,144,0.48230016231536865
369,83,1219,135,49,138,0.4779305160045624
370,45,644,78,244,617,0.7528433203697205
370,4,1819,187,101,562,0.6996392011642456
370,37,243,175,148,345,0.814021646976471
370,57,1340,54,438,1013,0.8590554594993591
370,76,493,121,105,303,0.517776608467102
370,77,1034,131,81,279,0.7718076109886169
370,67,932,139,106,275,0.6588701009750366
370,79,118,149,128,332,0.8180995583534241
370,82,1124,151,54,146,0.4796988070011139
370,83,1219,135,48,138,0.5046206712722778
371,45,643,79,245,618,0.8623135685920715
371,4,1831,210,89,539,0.6723211407661438
371,37,244,176,149,347,0.8213956952095032
371,57,1350,62,441,1006,0.8785340785980225
371,76,499,125,102,299,0.546870768070221
371,77,1033,130,82,281,0.7616258263587952
371,67,929,135,109,279,0.6673194766044617
371,79,121,148,128,332,0.802524983882904
371,82,1124,152,53,145,0.46717286109924316
371,83,1219,135,47,136,0.4680858254432678
371,85,446,155,78,243,0.6672946810722351
372,45,640,80,248,625,0.872086763381958
372,4,1841,240,79,508,0.6405244469642639
372,37,246,176,148,344,0.7994869947433472
372,57,1356,67,444,1002,0.8980094790458679
372,76,513,125,107,298,0.5898824334144592
372,77,1032,129,82,281,0.7570552229881287
372,67,928,131,112,283,0.7346585988998413
372,79,124,148,128,334,0.8285191655158997
372,82,1124,152,53,144,0.4728223979473114
372,85,447,154,77,242,0.6202244758605957
372,86,1255,142,88,228,0.5750761032104492
373,45,639,81,247,621,0.8589062690734863
373,4,1852,254,68,494,0.5079535841941833
373,37,247,175,148,345,0.7946728467941284
373,57,1367,69,446,995,0.8978180885314941
373,76,519,125,110,299,0.66326904296875
373,77,1032,128,82,281,0.7405512928962708
373,67,928,129,114,283,0.7395613789558411
373,79,126,149,127,334,0.8074458837509155
373,82,1125,154,52,141,0.4864748418331146
373,85,448,154,77,239,0.6122298240661621
373,86,1254,141,88,229,0.5634080767631531
374,45,637,83,249,627,0.8528450131416321
374,37,247,175,149,348,0.8070636987686157
374,57,1378,70,453,996,0.9186281561851501
374,77,1032,128,82,282,0.7339918613433838
374,67,926,128,115,285,0.724563479423523
374,79,127,149,127,336,0.7952789664268494
374,82,1124,152,53,144,0.49045562744140625
374,85,448,158,76,237,0.58540278673172
374,86,1252,143,87,227,0.5296895503997803
374,83,1219,139,45,131,0.4515252709388733
375,45,632,85,254,638,0.8684131503105164
375,37,246,173,153,353,0.8227256536483765
375,57,1392,69,460,998,0.9025856852531433
375,77,1033,128,82,282,0.7337802648544312
375,67,924,127,117,288,0.7519416809082031
375,79,129,150,123,329,0.7334384322166443
375,82,1126,153,52,142,0.492145836353302
375,85,448,160,76,235,0.5710225701332092
375,86,1250,139,88,230,0.5703489780426025
375,87,1676,97,75,163,0.5955396890640259
375,88,1327,102,117,263,0.5495893955230713
375,83,1218,139,46,131,0.4552212655544281
375,76,519,129,112,293,0.6349639296531677
376,45,628,84,258,649,0.829398512840271
376,37,246,170,156,362,0.8006070852279663
376,57,1407,60,470,1001,0.9044966101646423
376,77,1033,128,82,282,0.7132598757743835
376,67,923,128,117,285,0.767292320728302
376,79,131,150,122,330,0.6848610043525696
376,82,1126,153,53,142,0.5082887411117554
376,85,448,160,75,236,0.5709670782089233
376,86,1253,136,88,233,0.5547261834144592
376,87,1678,99,73,159,0.5754176378250122
376,88,1333,105,115,258,0.5118797421455383
376,76,516,127,114,295,0.6277697086334229
377,45,629,82,255,637,0.860420286655426
377,37,237,168,157,364,0.8031138181686401
377,57,1416,49,481,1017,0.9143686294555664
377,77,1034,128,83,282,0.7303059101104736
377,67,922,127,118,287,0.7816124558448792
377,79,131,151,121,333,0.6698753833770752
377,82,1126,154,52,141,0.523246169090271
377,85,447,164,75,233,0.6061335206031799
377,86,1253,133,89,234,0.5357182621955872
377,88,1344,109,113,249,0.6332826614379883
377,76,521,123,114,292,0.5158144235610962
378,45,629,81,253,631,0.8755007982254028
378,37,232,161,157,371,0.8263872861862183
378,57,1421,36,489,1031,0.9188575744628906
378,77,1034,129,84,282,0.7362741231918335
378,67,922,127,118,286,0.7903542518615723
378,79,133,153,118,329,0.7023822665214539
378,82,1126,155,52,140,0.5359208583831787
378,85,446,164,76,234,0.6654020547866821
378,88,1349,107,112,243,0.6035850048065186
378,89,371,160,64,271,0.6423517465591431
379,45,622,81,255,632,0.821916401386261
379,37,228,152,160,383,0.8414496779441833
379,57,1426,27,494,1042,0.9361217021942139
379,77,1034,128,85,283,0.7327746748924255
379,67,923,127,119,287,0.7900606393814087
379,79,135,154,116,327,0.6952592730522156
379,82,1125,156,53,141,0.5432903170585632
379,85,445,164,76,232,0.7022101283073425
379,88,1354,112,116,247,0.5990720987319946
379,89,376,159,65,273,0.680718183517456
379,83,1219,137,44,126,0.47150203585624695
380,45,622,80,249,613,0.8058158755302429
380,37,227,149,160,387,0.8265426158905029
380,57,1435,19,485,1044,0.9431758522987366
380,77,1032,127,86,284,0.7539792656898499
380,67,924,127,119,289,0.8175138831138611
380,79,138,153,115,331,0.7151113748550415
380,82,1124,159,53,138,0.56058269739151
380,85,444,164,76,229,0.6630374789237976
380,88,1350,113,128,266,0.4788702726364136
380,89,385,158,67,275,0.6784831285476685
380,83,1218,137,43,124,0.48243921995162964
381,45,622,78,247,606,0.8022782206535339
381,37,226,148,159,387,0.8045433759689331
381,57,1445,15,475,1046,0.9429600834846497
381,77,1031,127,87,284,0.7585248947143555
381,67,924,128,120,287,0.8290218114852905
381,79,141,153,114,331,0.6585769057273865
381,82,1124,159,53,138,0.5705293416976929
381,85,442,157,79,239,0.5742673277854919
381,88,1317,109,217,459,0.7072870135307312
381,89,398,157,70,277,0.6681866645812988
381,90,838,142,71,266,0.5819109082221985
381,91,1184,133,41,119,0.47140368819236755
382,45,616,75,253,619,0.7863892912864685
382,37,227,147,158,389,0.7979899644851685
382,57,1454,12,466,1051,0.9335057735443115
382,77,1031,126,88,285,0.7534372806549072
382,67,925,128,119,287,0.8235424160957336
382,79,144,155,111,330,0.6310335397720337
382,82,1125,162,52,134,0.5381068587303162
382,85,444,157,79,239,0.5851656198501587
382,88,1308,104,245,528,0.7964072227478027
382,89,406,160,71,273,0.6941654682159424
382,90,840,141,71,266,0.5960163474082947
383,45,612,73,257,626,0.738227128982544
383,37,227,147,157,389,0.8044604063034058
383,57,1462,11,458,1055,0.9194530844688416
383,77,1031,126,89,286,0.7514018416404724
383,67,926,128,119,286,0.8157603144645691
383,79,146,155,109,330,0.6588268280029297
383,82,1126,163,51,132,0.5292983651161194
383,85,447,162,78,237,0.5005123019218445
383,88,1308,103,255,558,0.8277382850646973
383,89,410,162,74,271,0.7320689558982849
383,90,841,143,70,262,0.6052963733673096
384,45,609,71,257,628,0.8280545473098755
384,37,227,150,153,385,0.7963825464248657
384,57,1476,15,444,1057,0.921035885810852
384,77,1031,125,90,287,0.7453907132148743
384,67,925,128,120,287,0.8173505067825317
384,79,147,153,108,331,0.6422675848007202
384,82,1126,163,51,132,0.5391111373901367
384,88,1312,101,261,575,0.8556154370307922
384,89,411,167,76,266,0.7587984800338745
384,90,841,144,70,264,0.5656058192253113
384,74,536,167,94,224,0.5805870294570923
385,45,605,70,260,637,0.7959622740745544
385,37,226,150,153,386,0.7900871634483337
385,57,1499,22,421,1049,0.9280933737754822
385,77,1030,124,91,288,0.7354652881622314
385,67,924,128,120,286,0.7953618168830872
385,79,150,155,103,320,0.6495769619941711
385,82,1125,161,52,134,0.5356549620628357
385,88,1322,99,262,582,0.8438462615013123
385,89,408,167,80,266,0.7592443227767944
385,90,842,146,69,261,0.6053844094276428
385,74,537,168,94,222,0.6384755373001099
386,45,601,70,263,643,0.7311978936195374
386,37,227,158,151,381,0.8142880797386169
386,57,1515,26,405,1044,0.9200722575187683
386,77,1029,124,92,287,0.7471686601638794
386,67,921,128,119,285,0.8056126236915588
386,79,151,153,100,318,0.6140846014022827
386,82,1124,161,52,133,0.5317038893699646
386,88,1332,96,262,584,0.8098188042640686
386,89,410,164,84,269,0.7078781723976135
386,90,842,147,69,260,0.6389367580413818
386,74,537,170,93,220,0.6667221784591675
387,45,600,71,260,634,0.8028929829597473
387,37,227,162,149,377,0.814030647277832
387,57,1540,26,380,1044,0.916588306427002
387,77,1028,124,93,286,0.7434422969818115
387,67,919,128,117,285,0.8125367164611816
387,79,152,150,98,314,0.5590087175369263
387,82,1124,162,51,130,0.5150944590568542
387,88,1345,93,265,588,0.7459321022033691
387,89,415,159,87,272,0.7585695385932922
387,90,842,147,69,259,0.6315456032752991
387,74,536,171,92,221,0.6500474810600281
388,45,596,70,261,636,0.8385229706764221
388,37,226,166,148,376,0.8329547047615051
388,57,1564,26,356,1045,0.9076108932495117
388,77,1028,124,93,286,0.767284095287323
388,67,918,128,116,283,0.8186442255973816
388,79,154,147,95,303,0.6170845627784729
388,82,1123,161,51,130,0.5286843776702881
388,88,1338,91,262,589,0.6762321591377258
388,89,418,155,88,276,0.688279926776886
388,90,841,146,70,258,0.6415375471115112
388,74,535,172,92,219,0.5925379991531372
389,45,594,71,262,634,0.8448784351348877
389,37,226,166,148,377,0.8129472732543945
389,57,1588,25,332,1046,0.9171088933944702
389,77,1028,124,93,285,0.776824951171875
389,67,921,127,115,283,0.8224188089370728
389,79,157,145,91,293,0.6519749760627747
389,82,1122,158,51,133,0.5083197951316833
389,88,1340,88,258,591,0.7064718008041382
389,89,425,154,89,276,0.7087045311927795
389,90,840,146,70,257,0.6770455837249756
389,74,533,170,92,220,0.6007837653160095
390,45,591,72,261,631,0.8368769884109497
390,37,224,167,149,381,0.8165599703788757
390,57,1609,18,311,1052,0.9125519394874573
390,77,1026,120,95,288,0.7871460914611816
390,67,920,126,115,283,0.8307363390922546
390,79,159,144,90,290,0.6372225284576416
390,82,1121,155,53,138,0.49396929144859314
390,88,1345,89,253,586,0.7381011247634888
390,89,434,151,91,279,0.746513307094574
390,90,840,147,70,256,0.7094699144363403
391,45,583,72,265,633,0.756229043006897
391,37,225,168,145,371,0.8126688599586487
391,57,1629,9,291,1063,0.8982577323913574
391,77,1024,115,97,293,0.7386389374732971
391,67,919,124,114,284,0.8120888471603394
391,79,161,144,90,290,0.645943284034729
391,82,1121,154,53,139,0.4515291452407837
391,88,1349,90,250,585,0.7883162498474121
391,89,441,150,92,278,0.7884595394134521
391,90,838,145,71,256,0.6677733659744263
392,45,579,75,267,630,0.7370321154594421
392,37,226,168,144,368,0.8424162864685059
392,57,1654,13,266,1059,0.818926990032196
392,77,1022,113,97,295,0.7150716185569763
392,67,919,123,113,284,0.8184226751327515
392,79,163,142,91,293,0.702765703201294
392,88,1348,92,249,583,0.829474151134491
392,89,442,157,89,268,0.6665153503417969
392,90,837,143,71,254,0.6806824207305908
